country,state,city,station,last_update,latitude,longitude,pollutant_id,pollutant_min,pollutant_max,pollutant_avg
India,"Andhra Pradesh",Eluru,"District Court, Eluru - APPCB","22-09-2026 22:00:00",16.711754,81.092095,SO2,10,18,13
India,"Andhra Pradesh",Guntur,"Rajendra Nagar North, Guntur - APPCB","22-09-2026 22:00:00",16.316553,80.413302,NO2,23,84,40
India,"Andhra Pradesh",Kadapa,"Yerramukkapalli, Kadapa - APPCB","22-09-2026 22:00:00",14.465052,78.824187,PM2.5,57,77,67
India,"Andhra Pradesh",Kadapa,"Yerramukkapalli, Kadapa - APPCB","22-09-2026 22:00:00",14.465052,78.824187,NO2,20,29,24
India,"Andhra Pradesh",Kadapa,"Yerramukkapalli, Kadapa - APPCB","22-09-2026 22:00:00",14.465052,78.824187,NH3,4,8,5
India,"Andhra Pradesh",Kakinada,"Rama Rao Peta, Kakinada - APPCB","22-09-2026 22:00:00",16.962488,82.229513,PM2.5,18,66,37
India,"Andhra Pradesh",Kakinada,"Rama Rao Peta, Kakinada - APPCB","22-09-2026 22:00:00",16.962488,82.229513,SO2,10,11,10
India,Assam,Nalbari,"Bata Chowk, Nalbari - PCBA","22-09-2026 22:00:00",26.446912,91.439057,SO2,1,8,8
India,Assam,Sivasagar,"Girls College, Sivasagar - PCBA","22-09-2026 22:00:00",26.987634,94.636574,NO2,8,15,12
India,Assam,Sivasagar,"Girls College, Sivasagar - PCBA","22-09-2026 22:00:00",26.987634,94.636574,SO2,7,9,8
India,Bihar,Araria,"Kharahiya Basti, Araria - BSPCB","22-09-2026 22:00:00",26.146529,87.454184,PM2.5,2,183,73
India,Bihar,Araria,"Kharahiya Basti, Araria - BSPCB","22-09-2026 22:00:00",26.146529,87.454184,OZONE,37,39,38
India,Bihar,Arrah,"New DM Office, Arrah - BSPCB","22-09-2026 22:00:00",25.5626095,84.663264,PM2.5,33,43,36
India,"Andhra Pradesh",Vijayawada,"HB Colony, Vijayawada - APPCB","22-09-2026 22:00:00",16.536107,80.594233,NO2,20,31,22
India,"Andhra Pradesh",Vijayawada,"HB Colony, Vijayawada - APPCB","22-09-2026 22:00:00",16.536107,80.594233,NH3,4,7,4
India,"Andhra Pradesh",Vijayawada,"Rajiv Nagar, Vijayawada - APPCB","22-09-2026 22:00:00",16.554731,80.64911,SO2,9,18,11
India,"Andhra Pradesh",Vijayawada,"Rajiv Gandhi Park, Vijayawada - APPCB","22-09-2026 22:00:00",16.509717,80.612222,PM2.5,NA,NA,NA
India,"Andhra Pradesh",Vijayawada,"Rajiv Gandhi Park, Vijayawada - APPCB","22-09-2026 22:00:00",16.509717,80.612222,SO2,NA,NA,NA
India,"Andhra Pradesh",Visakhapatnam,"GVM Corporation, Visakhapatnam - APPCB","22-09-2026 22:00:00",17.72,83.3,PM10,19,86,45
India,"Arunachal Pradesh",Naharlagun,"Naharlagun, Naharlagun - APSPCB","22-09-2026 22:00:00",27.103358,93.679645,PM10,7,77,41
India,Assam,Guwahati,"LGBI Airport, Guwahati - PCBA","22-09-2026 22:00:00",26.10887,91.589544,PM10,18,60,43
India,Assam,Guwahati,"LGBI Airport, Guwahati - PCBA","22-09-2026 22:00:00",26.10887,91.589544,NO2,13,41,16
India,Assam,Guwahati,"LGBI Airport, Guwahati - PCBA","22-09-2026 22:00:00",26.10887,91.589544,OZONE,9,13,12
India,Assam,Guwahati,"Pan Bazaar, Guwahati - PCBA","22-09-2026 22:00:00",26.1875,91.744194,NH3,1,1,1
India,Assam,Guwahati,"Pan Bazaar, Guwahati - PCBA","22-09-2026 22:00:00",26.1875,91.744194,CO,13,43,27
India,"Andhra Pradesh",Kurnool,"Sita Rama Nagar, Kurnool - APPCB","22-09-2026 22:00:00",15.83411,78.028546,SO2,6,7,7
India,"Andhra Pradesh",Kurnool,"Sita Rama Nagar, Kurnool - APPCB","22-09-2026 22:00:00",15.83411,78.028546,CO,19,37,24
India,"Andhra Pradesh",Kurnool,"Sita Rama Nagar, Kurnool - APPCB","22-09-2026 22:00:00",15.83411,78.028546,OZONE,24,39,32
India,"Andhra Pradesh",Machilipatnam,"Srinivas Nagar Colony, Machilipatnam - APPCB","22-09-2026 22:00:00",16.186555,81.13219,PM2.5,55,70,60
India,"Andhra Pradesh",Machilipatnam,"Srinivas Nagar Colony, Machilipatnam - APPCB","22-09-2026 22:00:00",16.186555,81.13219,OZONE,16,30,19
India,"Andhra Pradesh",Rajamahendravaram,"Anand Kala Kshetram, Rajamahendravaram - APPCB","22-09-2026 22:00:00",16.9872867,81.7363176,NO2,5,10,7
India,"Andhra Pradesh",Rajamahendravaram,"Anand Kala Kshetram, Rajamahendravaram - APPCB","22-09-2026 22:00:00",16.9872867,81.7363176,NH3,2,3,3
India,"Andhra Pradesh",Tirumala,"Toll Gate, Tirumala - APPCB","22-09-2026 22:00:00",13.67,79.35,NO2,29,78,57
India,"Andhra Pradesh",Tirupati,"Vaikuntapuram, Tirupati - APPCB","22-09-2026 22:00:00",13.615387,79.40923,PM2.5,NA,NA,NA
India,Assam,Guwahati,"Railway Colony, Guwahati - PCBA","22-09-2026 22:00:00",26.181742,91.78063,NO2,2,4,3
India,Assam,Guwahati,"Railway Colony, Guwahati - PCBA","22-09-2026 22:00:00",26.181742,91.78063,NH3,0,1,1
India,Assam,Guwahati,"Railway Colony, Guwahati - PCBA","22-09-2026 22:00:00",26.181742,91.78063,SO2,6,11,9
India,Assam,Guwahati,"IITG, Guwahati - PCBA","22-09-2026 22:00:00",26.2028636,91.70046436,PM2.5,7,27,17
India,Bihar,Bettiah,"Kamalnath Nagar, Bettiah - BSPCB","22-09-2026 22:00:00",26.80365,84.51954,PM2.5,22,24,23
India,Bihar,Bettiah,"Kamalnath Nagar, Bettiah - BSPCB","22-09-2026 22:00:00",26.80365,84.51954,PM10,20,22,21
India,Bihar,Bhagalpur,"DM Office_Kachari Chowk, Bhagalpur - BSPCB","22-09-2026 22:00:00",25.251013,86.989001,PM2.5,17,93,35
India,"Andhra Pradesh",Anantapur,"Gulzarpet, Anantapur - APPCB","22-09-2026 22:00:00",14.675886,77.593027,CO,33,42,37
India,"Andhra Pradesh",Chittoor,"Gangineni Cheruvu, Chittoor - APPCB","22-09-2026 22:00:00",13.20488,79.097889,SO2,18,28,20
India,Bihar,Begusarai,"Lohiyanagar, Begusarai - BSPCB","22-09-2026 22:00:00",25.42742023,86.13886079,NH3,2,3,2
India,Bihar,Gaya,"Kareemganj, Gaya - BSPCB","22-09-2026 22:00:00",24.792403,84.992416,PM2.5,5,377,104
India,Bihar,Gaya,"Kareemganj, Gaya - BSPCB","22-09-2026 22:00:00",24.792403,84.992416,NH3,0,2,1
India,Bihar,Gaya,"SFTI Kusdihra, Gaya - BSPCB","22-09-2026 22:00:00",24.762518,84.982348,PM10,31,50,41
India,Bihar,Gaya,"SFTI Kusdihra, Gaya - BSPCB","22-09-2026 22:00:00",24.762518,84.982348,OZONE,21,41,33
India,Bihar,Hajipur,"Industrial Area, Hajipur - BSPCB","22-09-2026 22:00:00",25.697189,85.2459,PM10,63,122,91
India,Bihar,Hajipur,"Industrial Area, Hajipur - BSPCB","22-09-2026 22:00:00",25.697189,85.2459,NO2,7,29,19
India,Bihar,Hajipur,"Industrial Area, Hajipur - BSPCB","22-09-2026 22:00:00",25.697189,85.2459,NH3,9,13,12
India,Bihar,Hajipur,"Industrial Area, Hajipur - BSPCB","22-09-2026 22:00:00",25.697189,85.2459,OZONE,21,43,30
India,Bihar,Katihar,"Mirchaibari, Katihar - BSPCB","22-09-2026 22:00:00",25.560083,87.553265,NO2,7,11,9
India,Bihar,Muzaffarpur,"MIT-Daudpur Kothi, Muzaffarpur - BSPCB","22-09-2026 22:00:00",26.1403345,85.3650192,PM10,28,49,36
India,Bihar,Muzaffarpur,"MIT-Daudpur Kothi, Muzaffarpur - BSPCB","22-09-2026 22:00:00",26.1403345,85.3650192,NO2,1,7,3
India,Bihar,Muzaffarpur,"MIT-Daudpur Kothi, Muzaffarpur - BSPCB","22-09-2026 22:00:00",26.1403345,85.3650192,SO2,11,27,15
India,Bihar,Muzaffarpur,"MIT-Daudpur Kothi, Muzaffarpur - BSPCB","22-09-2026 22:00:00",26.1403345,85.3650192,CO,15,39,29
India,Bihar,Muzaffarpur,"Buddha Colony, Muzaffarpur - BSPCB","22-09-2026 22:00:00",26.11442,85.39813,PM2.5,19,84,56
India,Bihar,Muzaffarpur,"Buddha Colony, Muzaffarpur - BSPCB","22-09-2026 22:00:00",26.11442,85.39813,NO2,13,32,19
India,Bihar,Muzaffarpur,"Buddha Colony, Muzaffarpur - BSPCB","22-09-2026 22:00:00",26.11442,85.39813,SO2,4,7,5
India,Bihar,Muzaffarpur,"Buddha Colony, Muzaffarpur - BSPCB","22-09-2026 22:00:00",26.11442,85.39813,OZONE,11,38,25
India,Bihar,Rajgir,"Dangi Tola, Rajgir - BSPCB","22-09-2026 22:00:00",25.0328,85.41948,OZONE,7,29,13
India,Bihar,Saharsa,"Police Line, Saharsa - BSPCB","22-09-2026 22:00:00",25.892357,86.590325,CO,33,35,34
India,Bihar,Samastipur,"DM Office_Kasipur, Samastipur - BSPCB","22-09-2026 22:00:00",25.859655,85.77944,SO2,12,13,13
India,Bihar,Sasaram,"Dada Peer, Sasaram - BSPCB","22-09-2026 22:00:00",24.952822,84.002396,SO2,NA,NA,NA
India,Bihar,Siwan,"Chitragupta Nagar, Siwan - BSPCB","22-09-2026 22:00:00",26.2271665,84.3570427,OZONE,6,7,7
India,Chandigarh,Chandigarh,"Sector 22, Chandigarh - CPCC","22-09-2026 22:00:00",30.735567,76.775714,CO,35,45,39
India,Chhattisgarh,Bhilai,"Civic Center, Bhilai - Bhilai Steel Plant","22-09-2026 22:00:00",21.185571,81.343175,PM2.5,5,37,16
India,Chhattisgarh,Bhilai,"Civic Center, Bhilai - Bhilai Steel Plant","22-09-2026 22:00:00",21.185571,81.343175,PM10,21,48,29
India,Chhattisgarh,Bhilai,"Civic Center, Bhilai - Bhilai Steel Plant","22-09-2026 22:00:00",21.185571,81.343175,NO2,15,16,16
India,Chhattisgarh,Bhilai,"32Bungalows, Bhilai - CECB","22-09-2026 22:00:00",21.194815,81.31477,CO,11,19,14
India,Bihar,Patna,"Samanpura, Patna - BSPCB","22-09-2026 22:00:00",25.596727,85.085624,SO2,3,9,3
India,Bihar,Patna,"Samanpura, Patna - BSPCB","22-09-2026 22:00:00",25.596727,85.085624,CO,21,81,30
India,Bihar,Patna,"Muradpur, Patna - BSPCB","22-09-2026 22:00:00",25.619651,85.147382,CO,47,53,50
India,Bihar,Patna,"Muradpur, Patna - BSPCB","22-09-2026 22:00:00",25.619651,85.147382,OZONE,21,94,64
India,Bihar,Patna,"DRM Office Danapur, Patna - BSPCB","22-09-2026 22:00:00",25.586562,85.043586,NH3,8,16,10
India,Bihar,Patna,"DRM Office Danapur, Patna - BSPCB","22-09-2026 22:00:00",25.586562,85.043586,SO2,5,9,7
India,Bihar,Kishanganj,"SDM Office_Khagra, Kishanganj - BSPCB","22-09-2026 22:00:00",26.0881305,87.93840336,OZONE,32,33,33
India,Bihar,Manguraha,"Forest Rest House, Manguraha - BSPCB","22-09-2026 22:00:00",27.308328,84.531742,PM2.5,NA,NA,NA
India,Bihar,Motihari,"Gandak Colony, Motihari - BSPCB","22-09-2026 22:00:00",26.63086,84.90051,SO2,3,3,3
India,Bihar,Motihari,"Gandak Colony, Motihari - BSPCB","22-09-2026 22:00:00",26.63086,84.90051,CO,12,16,14
India,Bihar,Patna,"IGSC Planetarium Complex, Patna - BSPCB","22-09-2026 22:00:00",25.610369,85.132568,OZONE,36,45,40
India,Bihar,Patna,"Rajbansi Nagar, Patna - BSPCB","22-09-2026 22:00:00",25.599486,85.113666,SO2,9,13,10
India,Bihar,Patna,"Rajbansi Nagar, Patna - BSPCB","22-09-2026 22:00:00",25.599486,85.113666,OZONE,27,28,28
India,Bihar,Rajgir,"Dangi Tola, Rajgir - BSPCB","22-09-2026 22:00:00",25.0328,85.41948,NO2,13,15,14
India,Bihar,Bhagalpur,"DM Office_Kachari Chowk, Bhagalpur - BSPCB","22-09-2026 22:00:00",25.251013,86.989001,PM10,29,405,83
India,Bihar,Bhagalpur,"DM Office_Kachari Chowk, Bhagalpur - BSPCB","22-09-2026 22:00:00",25.251013,86.989001,NO2,19,24,21
India,Chandigarh,Chandigarh,"Sector-25, Chandigarh - CPCC","22-09-2026 22:00:00",30.751462,76.762879,SO2,4,9,6
India,Chandigarh,Chandigarh,"Sector-25, Chandigarh - CPCC","22-09-2026 22:00:00",30.751462,76.762879,OZONE,12,42,25
India,Chhattisgarh,Korba,"Urja Nagar, Korba - CECB","22-09-2026 22:00:00",22.348441,82.549611,PM2.5,13,33,20
India,Chhattisgarh,Korba,"Urja Nagar, Korba - CECB","22-09-2026 22:00:00",22.348441,82.549611,PM10,19,48,28
India,Chhattisgarh,Korba,"Rampur, Korba - CECB","22-09-2026 22:00:00",22.368195,82.746431,PM2.5,11,14,13
India,Chhattisgarh,Korba,"Rampur, Korba - CECB","22-09-2026 22:00:00",22.368195,82.746431,NH3,1,1,1
India,Chhattisgarh,Korba,"Rampur, Korba - CECB","22-09-2026 22:00:00",22.368195,82.746431,SO2,2,6,4
India,Chhattisgarh,Kunjemura,"OP Jindal School, Kunjemura - CECB","22-09-2026 22:00:00",22.12665,83.483212,SO2,5,22,13
India,Delhi,Delhi,"IHBAS, Dilshad Garden, Delhi - CPCB","22-09-2026 22:00:00",28.6811736,77.3025234,NO2,48,73,56
India,Delhi,Delhi,"IHBAS, Dilshad Garden, Delhi - CPCB","22-09-2026 22:00:00",28.6811736,77.3025234,NH3,2,6,4
India,Delhi,Delhi,"Sri Aurobindo Marg, Delhi - DPCC","22-09-2026 22:00:00",28.531346,77.190156,PM2.5,68,207,114
India,Delhi,Delhi,"Sri Aurobindo Marg, Delhi - DPCC","22-09-2026 22:00:00",28.531346,77.190156,NO2,19,52,27
India,Delhi,Delhi,"Nehru Nagar, Delhi - DPCC","22-09-2026 22:00:00",28.56789,77.250515,NO2,21,71,45
India,Chhattisgarh,Milupara,"Govt. Higher Secondary School, Milupara - CECB","22-09-2026 22:00:00",22.1910172,83.5197009,CO,17,36,21
India,Chhattisgarh,Raipur,"Bhatagaon New ISBT, Raipur - CECB","22-09-2026 22:00:00",21.219665,81.630094,NO2,12,44,23
India,Chhattisgarh,Raipur,"AIIMS, Raipur - CECB","22-09-2026 22:00:00",21.258815,81.578979,NH3,2,2,2
India,Delhi,Delhi,"Bawana, Delhi - DPCC","22-09-2026 22:00:00",28.7762,77.051074,OZONE,17,28,24
India,Delhi,Delhi,"Rohini, Delhi - DPCC","22-09-2026 22:00:00",28.732528,77.11992,NO2,1,12,6
India,Delhi,Delhi,"Rohini, Delhi - DPCC","22-09-2026 22:00:00",28.732528,77.11992,NH3,3,5,4
India,Delhi,Delhi,"Vivek Vihar, Delhi - DPCC","22-09-2026 22:00:00",28.672342,77.31526,OZONE,8,83,32
India,Delhi,Delhi,"Cantonment Area, Delhi - DPCC","22-09-2026 22:00:00",28.594169,77.1251,PM10,63,123,89
India,Delhi,Delhi,"Cantonment Area, Delhi - DPCC","22-09-2026 22:00:00",28.594169,77.1251,CO,36,64,53
India,Delhi,Delhi,"Sonia Vihar, Delhi - DPCC","22-09-2026 22:00:00",28.710508,77.249485,PM2.5,87,305,195
India,Delhi,Delhi,"Najafgarh, Delhi - DPCC","22-09-2026 22:00:00",28.570173,76.933762,NO2,8,42,22
India,Delhi,Delhi,"Najafgarh, Delhi - DPCC","22-09-2026 22:00:00",28.570173,76.933762,SO2,25,49,29
India,Delhi,Delhi,"Mundka, Delhi - DPCC","22-09-2026 22:00:00",28.684678,77.076574,PM2.5,67,334,173
India,Chhattisgarh,Raipur,"AIIMS, Raipur - CECB","22-09-2026 22:00:00",21.258815,81.578979,SO2,0,5,4
India,Chhattisgarh,Raipur,"Siltara Phase-II, Raipur - CECB","22-09-2026 22:00:00",21.371751,81.664929,PM10,21,166,93
India,Chhattisgarh,Chhal,"Nawapara SECL Colony, Chhal - CECB","22-09-2026 22:00:00",22.118125,83.140608,SO2,2,46,9
India,Delhi,Delhi,"Narela, Delhi - DPCC","22-09-2026 22:00:00",28.822836,77.101981,OZONE,30,95,62
India,Delhi,Delhi,"NSIT Dwarka, Delhi - CPCB","22-09-2026 22:00:00",28.60909,77.0325413,NH3,3,10,7
India,Delhi,Delhi,"NSIT Dwarka, Delhi - CPCB","22-09-2026 22:00:00",28.60909,77.0325413,SO2,11,16,14
India,Delhi,Delhi,"Aya Nagar, Delhi - IITM","22-09-2026 22:00:00",28.4706914,77.1099364,NO2,6,38,15
India,Delhi,Delhi,"Aya Nagar, Delhi - IITM","22-09-2026 22:00:00",28.4706914,77.1099364,OZONE,15,111,57
India,Delhi,Delhi,"CRRI Mathura Road, Delhi - IITM","22-09-2026 22:00:00",28.5512005,77.2735737,NO2,5,56,32
India,Delhi,Delhi,"CRRI Mathura Road, Delhi - IITM","22-09-2026 22:00:00",28.5512005,77.2735737,OZONE,12,164,77
India,Delhi,Delhi,"Burari Crossing, Delhi - IITM","22-09-2026 22:00:00",28.7256504,77.2011573,NO2,13,107,51
India,Delhi,Delhi,"Burari Crossing, Delhi - IITM","22-09-2026 22:00:00",28.7256504,77.2011573,CO,41,76,54
India,Delhi,Delhi,"IMD Lodhi Road, Delhi - IITM","22-09-2026 22:00:00",28.5918245,77.2273074,PM2.5,28,172,91
India,Delhi,Delhi,"IMD Lodhi Road, Delhi - IITM","22-09-2026 22:00:00",28.5918245,77.2273074,CO,12,34,20
India,Delhi,Delhi,"IMD Lodhi Road, Delhi - IITM","22-09-2026 22:00:00",28.5918245,77.2273074,OZONE,14,230,100
India,Delhi,Delhi,"JNU, Delhi - DPCC","22-09-2026 22:00:00",28.540721,77.168544,SO2,5,10,6
India,Delhi,Delhi,"ITO, Delhi - CPCB","22-09-2026 22:00:00",28.628624,77.24106,SO2,7,35,16
India,Delhi,Delhi,"ITO, Delhi - CPCB","22-09-2026 22:00:00",28.628624,77.24106,OZONE,9,83,46
India,Delhi,Delhi,"R K Puram, Delhi - DPCC","22-09-2026 22:00:00",28.563262,77.186937,NH3,6,8,7
India,Delhi,Delhi,"Punjabi Bagh, Delhi - DPCC","22-09-2026 22:00:00",28.674045,77.131023,NH3,NA,NA,NA
India,Delhi,Delhi,"DTU, Delhi - CPCB","22-09-2026 22:00:00",28.7500499,77.1112615,PM10,101,186,134
India,Delhi,Delhi,"DTU, Delhi - CPCB","22-09-2026 22:00:00",28.7500499,77.1112615,CO,14,23,17
India,Delhi,Delhi,"Dwarka-Sector 8, Delhi - DPCC ","22-09-2026 22:00:00",28.5710274,77.0719006,SO2,6,20,14
India,Delhi,Delhi,"Dr. Karni Singh Shooting Range, Delhi - DPCC","22-09-2026 22:00:00",28.498571,77.26484,PM10,134,193,161
India,Delhi,Delhi,"Dr. Karni Singh Shooting Range, Delhi - DPCC","22-09-2026 22:00:00",28.498571,77.26484,SO2,6,10,7
India,Delhi,Delhi,"Shadipur, Delhi - CPCB","22-09-2026 22:00:00",28.6514781,77.1473105,PM2.5,53,125,80
India,Delhi,Delhi,"Shadipur, Delhi - CPCB","22-09-2026 22:00:00",28.6514781,77.1473105,CO,47,67,58
India,Delhi,Delhi,"Shadipur, Delhi - CPCB","22-09-2026 22:00:00",28.6514781,77.1473105,OZONE,9,13,11
India,Delhi,Delhi,"Chandni Chowk, Delhi - IITM","22-09-2026 22:00:00",28.656756,77.227234,OZONE,12,72,45
India,Delhi,Delhi,"Pusa, Delhi - IITM","22-09-2026 22:00:00",28.63611,77.173332,PM2.5,67,295,186
India,Delhi,Delhi,"Pusa, Delhi - IITM","22-09-2026 22:00:00",28.63611,77.173332,NO2,19,149,61
India,Delhi,Delhi,"Pusa, Delhi - IITM","22-09-2026 22:00:00",28.63611,77.173332,CO,26,59,36
India,Delhi,Delhi,"IIT Delhi, Delhi - IITM","22-09-2026 22:00:00",28.54246,77.191651,PM2.5,86,224,145
India,Delhi,Delhi,"IGI Airport (T3), Delhi - IITM","22-09-2026 22:00:00",28.5627763,77.1180053,CO,33,53,40
India,Delhi,Delhi,"Mundka, Delhi - DPCC","22-09-2026 22:00:00",28.684678,77.076574,CO,41,59,49
India,Delhi,Delhi,"NSUT Jaffarpur, Delhi - DPCC","22-09-2026 22:00:00",28.594004,76.909423,NO2,2,18,7
India,Delhi,Delhi,"NSUT Jaffarpur, Delhi - DPCC","22-09-2026 22:00:00",28.594004,76.909423,SO2,0,3,1
India,Delhi,Delhi,"Ashok Vihar, Delhi - DPCC","22-09-2026 22:00:00",28.695381,77.181665,NH3,5,8,7
India,Delhi,Delhi,"Ashok Vihar, Delhi - DPCC","22-09-2026 22:00:00",28.695381,77.181665,CO,101,109,103
India,Delhi,Delhi,"Mandir Marg, Delhi - DPCC","22-09-2026 22:00:00",28.636429,77.201067,CO,21,40,30
India,Delhi,Delhi,"Pusa, Delhi - DPCC","22-09-2026 22:00:00",28.639652,77.146275,PM10,122,233,158
India,Delhi,Delhi,"Pusa, Delhi - DPCC","22-09-2026 22:00:00",28.639652,77.146275,SO2,7,20,12
India,Delhi,Delhi,"IGNOU_Maidan Garhi, Delhi - DPCC","22-09-2026 22:00:00",28.493624,77.201159,PM10,124,167,144
India,Delhi,Delhi,"North Campus, DU, Delhi - IITM","22-09-2026 22:00:00",28.6573814,77.1585447,NO2,97,275,163
India,Delhi,Delhi,"Chandni Chowk, Delhi - IITM","22-09-2026 22:00:00",28.656756,77.227234,SO2,12,17,15
India,Delhi,Delhi,"Sirifort, Delhi - CPCB","22-09-2026 22:00:00",28.5504249,77.2159377,NO2,25,31,28
India,Gujarat,Vadodara,"Bapunagar, Vadodara - Nexteng Enviro","22-09-2026 22:00:00",22.320153,73.216285,OZONE,2,22,9
India,Gujarat,Vapi,"Phase-1 GIDC, Vapi - GPCB","22-09-2026 22:00:00",20.362421,72.918013,PM2.5,15,72,36
India,Gujarat,Vapi,"Phase-1 GIDC, Vapi - GPCB","22-09-2026 22:00:00",20.362421,72.918013,PM10,25,78,50
India,Gujarat,Vapi,"Phase-1 GIDC, Vapi - GPCB","22-09-2026 22:00:00",20.362421,72.918013,NO2,19,27,23
India,Gujarat,Vapi,"Phase-1 GIDC, Vapi - GPCB","22-09-2026 22:00:00",20.362421,72.918013,SO2,12,25,16
India,Gujarat,Vatva,"Phase-4 GIDC, Vatva - GPCB","22-09-2026 22:00:00",22.969611,72.6435,PM2.5,27,324,181
India,Gujarat,Vatva,"Phase-4 GIDC, Vatva - GPCB","22-09-2026 22:00:00",22.969611,72.6435,PM10,69,209,145
India,Haryana,Ambala,"Patti Mehar, Ambala - HSPCB","22-09-2026 22:00:00",30.379589,76.778328,NH3,6,7,6
India,Haryana,Bahadurgarh,"Arya Nagar, Bahadurgarh - HSPCB","22-09-2026 22:00:00",28.6701,76.9254,PM2.5,98,306,183
India,Haryana,Bahadurgarh,"Arya Nagar, Bahadurgarh - HSPCB","22-09-2026 22:00:00",28.6701,76.9254,PM10,103,167,133
India,Haryana,Bahadurgarh,"Arya Nagar, Bahadurgarh - HSPCB","22-09-2026 22:00:00",28.6701,76.9254,NO2,18,24,21
India,Gujarat,Ahmedabad,"Gyaspur, Ahmedabad - IITM","22-09-2026 22:00:00",22.977134,72.553024,OZONE,15,34,26
India,Gujarat,Ahmedabad,"Chandkheda, Ahmedabad - IITM","22-09-2026 22:00:00",23.107969,72.574648,NO2,7,52,27
India,Gujarat,Ahmedabad,"Chandkheda, Ahmedabad - IITM","22-09-2026 22:00:00",23.107969,72.574648,NH3,4,13,7
India,Gujarat,Ahmedabad,"Chandkheda, Ahmedabad - IITM","22-09-2026 22:00:00",23.107969,72.574648,OZONE,4,20,12
India,Gujarat,Ahmedabad,"SVPI Airport Hansol, Ahmedabad - IITM","22-09-2026 22:00:00",23.076793,72.627874,PM2.5,58,296,142
India,Gujarat,Ahmedabad,"SVPI Airport Hansol, Ahmedabad - IITM","22-09-2026 22:00:00",23.076793,72.627874,PM10,80,300,140
India,Gujarat,Ahmedabad,"SVPI Airport Hansol, Ahmedabad - IITM","22-09-2026 22:00:00",23.076793,72.627874,NO2,6,101,42
India,Gujarat,Ahmedabad,"Raikhad, Ahmedabad - IITM","22-09-2026 22:00:00",23.020509,72.579261,PM2.5,49,329,131
India,Gujarat,Ahmedabad,"Raikhad, Ahmedabad - IITM","22-09-2026 22:00:00",23.020509,72.579261,CO,28,100,60
India,Gujarat,Ahmedabad,"Maninagar, Ahmedabad - GPCB","22-09-2026 22:00:00",23.002657,72.591912,PM2.5,26,405,208
India,Delhi,Delhi,"Alipur, Delhi - DPCC","22-09-2026 22:00:00",28.815329,77.15301,NH3,5,7,6
India,Delhi,Delhi,"Alipur, Delhi - DPCC","22-09-2026 22:00:00",28.815329,77.15301,OZONE,5,36,22
India,Gujarat,Ahmedabad,"Rakhial, Ahmedabad - IITM","22-09-2026 22:00:00",23.016834,72.625775,NH3,13,107,31
India,Gujarat,Ahmedabad,"SAC ISRO Satellite, Ahmedabad - IITM","22-09-2026 22:00:00",23.023389,72.515201,PM2.5,33,77,48
India,Gujarat,Ahmedabad,"SAC ISRO Satellite, Ahmedabad - IITM","22-09-2026 22:00:00",23.023389,72.515201,SO2,2,7,3
India,Gujarat,Ahmedabad,"SAC ISRO Satellite, Ahmedabad - IITM","22-09-2026 22:00:00",23.023389,72.515201,OZONE,6,33,16
India,Gujarat,Ahmedabad,"Gyaspur, Ahmedabad - IITM","22-09-2026 22:00:00",22.977134,72.553024,NH3,1,4,2
India,Gujarat,Ahmedabad,"Maninagar, Ahmedabad - GPCB","22-09-2026 22:00:00",23.002657,72.591912,CO,52,110,84
India,Gujarat,Ahmedabad,"SAC ISRO Bopal, Ahmedabad - IITM","22-09-2026 22:00:00",23.041137,72.456691,NO2,9,25,15
India,Gujarat,Ahmedabad,"SAC ISRO Bopal, Ahmedabad - IITM","22-09-2026 22:00:00",23.041137,72.456691,SO2,2,3,3
India,Gujarat,Bhavnagar,"Vidhyanagar, Bhavnagar - Nexteng Enviro","22-09-2026 22:00:00",21.755417,72.139056,PM2.5,45,69,55
India,Gujarat,Bhavnagar,"Vidhyanagar, Bhavnagar - Nexteng Enviro","22-09-2026 22:00:00",21.755417,72.139056,NH3,4,5,5
India,Gujarat,Bhavnagar,"Vidhyanagar, Bhavnagar - Nexteng Enviro","22-09-2026 22:00:00",21.755417,72.139056,SO2,7,8,8
India,Gujarat,Gandhinagar,"IIPHG Lekawada, Gandhinagar - IITM","22-09-2026 22:00:00",23.243639,72.68994,OZONE,1,5,3
India,Gujarat,Mehsana,"Sadanand Nagar, Mehsana - Nexteng Enviro","22-09-2026 22:00:00",23.59315,72.372792,PM10,43,129,91
India,Gujarat,Nandesari,"GIDC, Nandesari - Nandesari Ind. Association","22-09-2026 22:00:00",22.410802,73.097923,NH3,NA,NA,NA
India,Gujarat,Gandhinagar,"GIFT City, Gandhinagar - IITM","22-09-2026 22:00:00",23.163798,72.677768,NH3,4,7,6
India,Gujarat,Gandhinagar,"IIPHG Lekawada, Gandhinagar - IITM","22-09-2026 22:00:00",23.243639,72.68994,PM2.5,62,157,87
India,Gujarat,Surat,"Katargam, Surat - Nexteng Enviro","22-09-2026 22:00:00",21.217779,72.834787,NO2,0,52,14
India,Gujarat,Surat,"Katargam, Surat - Nexteng Enviro","22-09-2026 22:00:00",21.217779,72.834787,NH3,1,1,1
India,Gujarat,Surat,"Katargam, Surat - Nexteng Enviro","22-09-2026 22:00:00",21.217779,72.834787,OZONE,17,22,19
India,Gujarat,Vadodara,"Bapunagar, Vadodara - Nexteng Enviro","22-09-2026 22:00:00",22.320153,73.216285,NO2,12,19,15
India,Gujarat,Gandhinagar,"IIPHG Lekawada, Gandhinagar - IITM","22-09-2026 22:00:00",23.243639,72.68994,NH3,5,12,7
India,Haryana,Fatehabad,"Huda Sector, Fatehabad - HSPCB","22-09-2026 22:00:00",29.503664,75.467934,PM10,69,107,88
India,Haryana,Fatehabad,"Huda Sector, Fatehabad - HSPCB","22-09-2026 22:00:00",29.503664,75.467934,NO2,18,20,19
India,Haryana,Gurugram,"NISE Gwal Pahari, Gurugram - IITM","22-09-2026 22:00:00",28.422681,77.148944,NH3,NA,NA,NA
India,Haryana,Gurugram,"Sector-51, Gurugram - HSPCB","22-09-2026 22:00:00",28.4227,77.0667,CO,5,30,22
India,Haryana,Faridabad,"Sector 11, Faridabad - HSPCB","22-09-2026 22:00:00",28.376058,77.315741,NO2,30,33,31
India,Haryana,Faridabad,"New Industrial Town, Faridabad - HSPCB","22-09-2026 22:00:00",28.39072,77.30059,NO2,25,26,26
India,Haryana,Faridabad,"New Industrial Town, Faridabad - HSPCB","22-09-2026 22:00:00",28.39072,77.30059,NH3,11,12,11
India,Haryana,Faridabad,"New Industrial Town, Faridabad - HSPCB","22-09-2026 22:00:00",28.39072,77.30059,SO2,2,9,5
India,Haryana,Faridabad,"New Industrial Town, Faridabad - HSPCB","22-09-2026 22:00:00",28.39072,77.30059,CO,NA,NA,NA
India,Haryana,Gurugram,"Vikas Sadan, Gurugram - HSPCB","22-09-2026 22:00:00",28.4501238,77.0263051,NH3,NA,NA,NA
India,Haryana,Gurugram,"Vikas Sadan, Gurugram - HSPCB","22-09-2026 22:00:00",28.4501238,77.0263051,OZONE,5,17,11
India,Haryana,Gurugram,"Teri Gram, Gurugram - HSPCB","22-09-2026 22:00:00",28.4275,77.1465,SO2,4,37,20
India,Haryana,Hisar,"Urban Estate-II, Hisar - HSPCB","22-09-2026 22:00:00",29.14056,75.744941,SO2,11,135,34
India,Haryana,Mandikhera,"General Hospital, Mandikhera(Nuh) - HSPCB","22-09-2026 22:00:00",27.9002,76.9938,SO2,21,22,22
India,Haryana,Mandikhera,"General Hospital, Mandikhera(Nuh) - HSPCB","22-09-2026 22:00:00",27.9002,76.9938,OZONE,25,26,26
India,Haryana,Manesar,"Sector-2 IMT, Manesar - HSPCB","22-09-2026 22:00:00",28.360699,76.93609,SO2,1,108,17
India,Haryana,Manesar,"Sector-2 IMT, Manesar - HSPCB","22-09-2026 22:00:00",28.360699,76.93609,CO,12,25,18
India,Haryana,Manesar,"Sector-2 IMT, Manesar - HSPCB","22-09-2026 22:00:00",28.360699,76.93609,OZONE,9,45,21
India,Haryana,Palwal,"Shyam Nagar, Palwal - HSPCB","22-09-2026 22:00:00",28.1485564,77.3320667,SO2,5,25,13
India,Haryana,Panchgaon,"Amity University, Panchgaon - IITM","22-09-2026 22:00:00",28.3153,76.9143,NH3,4,14,7
India,Haryana,"Charkhi Dadri","Mini Secretariat, Charkhi Dadri - HSPCB","22-09-2026 22:00:00",28.593883,76.270653,NO2,9,27,15
India,Haryana,"Charkhi Dadri","Mini Secretariat, Charkhi Dadri - HSPCB","22-09-2026 22:00:00",28.593883,76.270653,OZONE,21,34,30
India,Haryana,Faridabad,"Sector 11, Faridabad - HSPCB","22-09-2026 22:00:00",28.376058,77.315741,PM2.5,43,48,44
India,Haryana,Karnal,"Sector-12, Karnal - HSPCB","22-09-2026 22:00:00",29.6953,77.0027,CO,43,63,52
India,Haryana,Karnal,"Sector-12, Karnal - HSPCB","22-09-2026 22:00:00",29.6953,77.0027,OZONE,11,14,12
India,Haryana,Kurukshetra,"Sector-7, Kurukshetra - HSPCB","22-09-2026 22:00:00",29.966942,76.875879,PM2.5,71,127,87
India,Haryana,Karnal,"Sector-12, Karnal - HSPCB","22-09-2026 22:00:00",29.6953,77.0027,PM2.5,20,105,39
India,Haryana,Karnal,"Sector-12, Karnal - HSPCB","22-09-2026 22:00:00",29.6953,77.0027,NH3,6,12,8
India,Haryana,Bahadurgarh,"Arya Nagar, Bahadurgarh - HSPCB","22-09-2026 22:00:00",28.6701,76.9254,CO,26,31,28
India,Haryana,"Yamuna Nagar","Gobind Pura, Yamuna Nagar - HSPCB","22-09-2026 22:00:00",30.1480566,77.2893471,OZONE,23,65,39
India,"Himachal Pradesh",Baddi,"HIMUDA Complex Phase-1, Baddi - HPPCB","22-09-2026 22:00:00",30.943887,76.801991,NH3,1,3,2
India,"Himachal Pradesh",Baddi,"HIMUDA Complex Phase-1, Baddi - HPPCB","22-09-2026 22:00:00",30.943887,76.801991,SO2,0,2,1
India,"Himachal Pradesh",Baddi,"HIMUDA Complex Phase-1, Baddi - HPPCB","22-09-2026 22:00:00",30.943887,76.801991,OZONE,9,95,60
India,"Jammu and Kashmir",Srinagar,"Khunmoh, Srinagar - JKPCC","22-09-2026 22:00:00",34.06313,74.96017,PM10,38,470,91
India,Jharkhand,Dhanbad,"Sardar Patel Nagar, Dhanbad - JSPCB","22-09-2026 22:00:00",23.80569,86.44268,PM2.5,NA,NA,NA
India,Jharkhand,Dhanbad,"Sardar Patel Nagar, Dhanbad - JSPCB","22-09-2026 22:00:00",23.80569,86.44268,PM10,NA,NA,NA
India,Jharkhand,Dhanbad,"Sardar Patel Nagar, Dhanbad - JSPCB","22-09-2026 22:00:00",23.80569,86.44268,SO2,NA,NA,NA
India,Karnataka,Belgaum,"Ramteerth Nagar, Belgaum - KSPCB","22-09-2026 22:00:00",15.888653,74.541751,OZONE,19,19,19
India,Haryana,Panipat,"Sector-18, Panipat - HSPCB","22-09-2026 22:00:00",29.432304,76.972765,PM2.5,34,500,160
India,Haryana,Panipat,"Sector-18, Panipat - HSPCB","22-09-2026 22:00:00",29.432304,76.972765,NH3,7,12,10
India,Haryana,Panipat,"Sector-18, Panipat - HSPCB","22-09-2026 22:00:00",29.432304,76.972765,SO2,35,67,49
India,Haryana,Rohtak,"MD University, Rohtak - HSPCB","22-09-2026 22:00:00",28.52123,76.37138,PM10,71,105,87
India,Haryana,Rohtak,"MD University, Rohtak - HSPCB","22-09-2026 22:00:00",28.52123,76.37138,NO2,8,12,10
India,Haryana,Rohtak,"MD University, Rohtak - HSPCB","22-09-2026 22:00:00",28.52123,76.37138,OZONE,15,36,24
India,Haryana,Sirsa,"F-Block, Sirsa - HSPCB","22-09-2026 22:00:00",29.5364,75.0158,PM10,82,126,109
India,Haryana,Sirsa,"F-Block, Sirsa - HSPCB","22-09-2026 22:00:00",29.5364,75.0158,NO2,19,21,20
India,Karnataka,Dharwad,"Kalabhavan, Dharwad - KSPCB","22-09-2026 22:00:00",15.459706,75.008381,NO2,18,27,22
India,Karnataka,Dharwad,"Kalabhavan, Dharwad - KSPCB","22-09-2026 22:00:00",15.459706,75.008381,NH3,4,6,5
India,Karnataka,Hubballi,"Lingaraj Nagar, Hubballi - KSPCB","22-09-2026 22:00:00",15.3714823,75.1160168,SO2,2,5,2
India,Karnataka,Hubballi,"Lingaraj Nagar, Hubballi - KSPCB","22-09-2026 22:00:00",15.3714823,75.1160168,OZONE,20,26,22
India,Karnataka,Kalaburagi,"Mahatma Basaveswar Colony, Kalaburgi - KSPCB","22-09-2026 22:00:00",17.336318,76.847397,NO2,10,14,13
India,Karnataka,Kalaburagi,"Mahatma Basaveswar Colony, Kalaburgi - KSPCB","22-09-2026 22:00:00",17.336318,76.847397,SO2,2,5,4
India,Karnataka,Bengaluru,"BTM Layout, Bengaluru - CPCB","22-09-2026 22:00:00",12.9135218,77.5950804,NH3,5,5,5
India,Karnataka,Bengaluru,"Silk Board, Bengaluru - KSPCB","22-09-2026 22:00:00",12.917348,77.622813,NH3,1,1,1
India,Karnataka,Chamarajanagar,"Urban, Chamarajanagar - KSPCB","22-09-2026 22:00:00",11.55358,76.55521,PM2.5,30,31,30
India,Karnataka,Chamarajanagar,"Urban, Chamarajanagar - KSPCB","22-09-2026 22:00:00",11.55358,76.55521,NH3,2,2,2
India,Karnataka,Chamarajanagar,"Urban, Chamarajanagar - KSPCB","22-09-2026 22:00:00",11.55358,76.55521,SO2,4,4,4
India,Karnataka,Chikkaballapur,"Chikkaballapur Rural, Chikkaballapur - KSPCB","22-09-2026 22:00:00",13.428828,77.731418,SO2,16,21,18
India,Karnataka,Bengaluru,"City Railway Station, Bengaluru - KSPCB","22-09-2026 22:00:00",12.9756843,77.5660749,NO2,24,29,26
India,Karnataka,Bengaluru,"City Railway Station, Bengaluru - KSPCB","22-09-2026 22:00:00",12.9756843,77.5660749,CO,53,59,56
India,Karnataka,Bengaluru,"Bapuji Nagar, Bengaluru - KSPCB","22-09-2026 22:00:00",12.951913,77.539784,PM10,23,78,46
India,Karnataka,Bengaluru,"Hebbal, Bengaluru - KSPCB","22-09-2026 22:00:00",13.029152,77.585901,CO,42,83,62
India,Karnataka,Bengaluru,"Hombegowda Nagar, Bengaluru - KSPCB","22-09-2026 22:00:00",12.938539,77.5901,CO,17,36,24
India,Haryana,Panchkula,"Sector-6, Panchkula - HSPCB ","22-09-2026 22:00:00",30.7057778,76.8531805555555,CO,19,20,20
India,Karnataka,Bengaluru,"BTM Layout, Bengaluru - CPCB","22-09-2026 22:00:00",12.9135218,77.5950804,NO2,24,25,25
India,Karnataka,Mysuru,"Hebbal 1st Stage, Mysuru - KSPCB","22-09-2026 22:00:00",12.21041,76.37376,SO2,1,6,4
India,Karnataka,Shivamogga,"Vinoba Nagara, Shivamogga - KSPCB","22-09-2026 22:00:00",13.94,75.555917,NO2,13,26,19
India,Karnataka,Udupi,"Brahmagiri, Udupi - KSPCB","22-09-2026 22:00:00",13.34194444,74.74694444,PM2.5,20,100,51
India,Karnataka,Udupi,"Brahmagiri, Udupi - KSPCB","22-09-2026 22:00:00",13.34194444,74.74694444,CO,21,80,51
India,Kerala,Thrissur,"Corporation Ground, Thrissur - Kerala PCB","22-09-2026 22:00:00",10.5324,76.2159,SO2,0,0,0
India,Kerala,Thrissur,"Corporation Ground, Thrissur - Kerala PCB","22-09-2026 22:00:00",10.5324,76.2159,OZONE,30,30,30
India,Ladakh,Leh,"Skara Yokma, Leh - LPCC","22-09-2026 22:00:00",34.147096,77.55709,PM10,NA,NA,NA
India,Kerala,Eloor,"Udyogamandal, Eloor - Kerala PCB","22-09-2026 22:00:00",10.073232,76.302765,NH3,0,0,0
India,Kerala,Eloor,"Udyogamandal, Eloor - Kerala PCB","22-09-2026 22:00:00",10.073232,76.302765,CO,106,110,108
India,Kerala,Thiruvananthapuram,"Plammoodu, Thiruvananthapuram - Kerala PCB","22-09-2026 22:00:00",8.5149093,76.9435879,NH3,1,1,1
India,Karnataka,Kalaburagi,"Mahatma Basaveswar Colony, Kalaburgi - KSPCB","22-09-2026 22:00:00",17.336318,76.847397,OZONE,13,16,14
India,Karnataka,Madikeri,"Stuart Hill, Madikeri - KSPCB","22-09-2026 22:00:00",12.415911,75.73505,SO2,6,7,7
India,Karnataka,Madikeri,"Stuart Hill, Madikeri - KSPCB","22-09-2026 22:00:00",12.415911,75.73505,OZONE,1,2,1
India,Karnataka,Mangalore,"Kadri, Mangalore - KSPCB","22-09-2026 22:00:00",12.88925,74.853,PM10,15,79,44
India,"Madhya Pradesh",Bhopal,"Idgah Hills, Bhopal - MPPCB","22-09-2026 22:00:00",23.264759,77.381568,PM10,42,90,59
India,"Madhya Pradesh",Bhopal,"Idgah Hills, Bhopal - MPPCB","22-09-2026 22:00:00",23.264759,77.381568,NH3,3,4,3
India,Karnataka,Mangalore,"Kadri, Mangalore - KSPCB","22-09-2026 22:00:00",12.88925,74.853,NH3,0,5,3
India,Karnataka,Mangalore,"Kadri, Mangalore - KSPCB","22-09-2026 22:00:00",12.88925,74.853,CO,NA,NA,NA
India,Karnataka,Mysuru,"Hebbal 1st Stage, Mysuru - KSPCB","22-09-2026 22:00:00",12.21041,76.37376,PM10,29,107,70
India,"Madhya Pradesh",Bhopal,"T T Nagar, Bhopal - MPPCB","22-09-2026 22:00:00",23.233584,77.400574,SO2,23,27,25
India,"Madhya Pradesh",Mandideep,"Sector-D Industrial Area, Mandideep - MPPCB","22-09-2026 22:00:00",23.10844,77.511428,CO,43,90,58
India,"Madhya Pradesh",Mandideep,"Sector-D Industrial Area, Mandideep - MPPCB","22-09-2026 22:00:00",23.10844,77.511428,OZONE,36,61,45
India,"Madhya Pradesh",Pithampur,"Sector-2 Industrial Area, Pithampur - MPPCB","22-09-2026 22:00:00",22.624758,75.675238,PM10,100,401,166
India,"Madhya Pradesh",Ratlam,"Shasthri Nagar, Ratlam - IPCA Lab","22-09-2026 22:00:00",23.331731,75.045981,PM10,36,101,56
India,"Madhya Pradesh",Ratlam,"Shasthri Nagar, Ratlam - IPCA Lab","22-09-2026 22:00:00",23.331731,75.045981,NO2,22,96,42
India,"Madhya Pradesh",Sagar,"Civil Lines, Sagar - MPPCB","22-09-2026 22:00:00",23.838586,78.759431,CO,38,38,38
India,"Madhya Pradesh",Satna,"Bandhavgar Colony, Satna - Birla Cement","22-09-2026 22:00:00",24.58434363,80.8549414,PM10,70,71,70
India,"Madhya Pradesh",Ujjain,"Mahashweta Nagar, Ujjain - MPPCB","22-09-2026 22:00:00",23.1633321,75.800225,CO,26,47,36
India,"Madhya Pradesh",Gwalior,"City Center, Gwalior - MPPCB","22-09-2026 22:00:00",26.203442,78.193251,NO2,39,97,57
India,"Madhya Pradesh",Gwalior,"City Center, Gwalior - MPPCB","22-09-2026 22:00:00",26.203442,78.193251,OZONE,4,58,34
India,"Madhya Pradesh",Gwalior,"Deen Dayal Nagar, Gwalior - MPPCB","22-09-2026 22:00:00",26.259242,78.216432,PM10,77,173,108
India,"Madhya Pradesh",Gwalior,"Deen Dayal Nagar, Gwalior - MPPCB","22-09-2026 22:00:00",26.259242,78.216432,NH3,2,11,6
India,"Madhya Pradesh",Indore,"Regional Park, Indore - IMC","22-09-2026 22:00:00",22.678,75.8559,NO2,NA,NA,NA
India,"Madhya Pradesh",Indore,"Regional Park, Indore - IMC","22-09-2026 22:00:00",22.678,75.8559,CO,1,3,2
India,"Madhya Pradesh",Indore,"Regional Park, Indore - IMC","22-09-2026 22:00:00",22.678,75.8559,OZONE,2,6,5
India,"Madhya Pradesh",Indore,"Chhoti Gwaltoli, Indore - MPPCB","22-09-2026 22:00:00",22.431,75.5213,NO2,45,83,65
India,"Madhya Pradesh",Indore,"Chhoti Gwaltoli, Indore - MPPCB","22-09-2026 22:00:00",22.431,75.5213,SO2,16,20,18
India,"Madhya Pradesh",Indore,"Residency Area, Indore - IMC","22-09-2026 22:00:00",22.7084,75.8815,PM2.5,2,64,26
India,Maharashtra,Ahmednagar,"Tarakpur, Ahmednagar - MPCB","22-09-2026 22:00:00",19.10122,74.73339,NH3,0,1,1
India,Maharashtra,Ahmednagar,"Tarakpur, Ahmednagar - MPCB","22-09-2026 22:00:00",19.10122,74.73339,SO2,8,24,12
India,Maharashtra,Ahmednagar,"Tarakpur, Ahmednagar - MPCB","22-09-2026 22:00:00",19.10122,74.73339,OZONE,40,55,49
India,Maharashtra,Akola,"Ramdaspeth, Akola - MPCB","22-09-2026 22:00:00",20.719516,77.000253,PM2.5,16,45,32
India,Maharashtra,Akola,"Ramdaspeth, Akola - MPCB","22-09-2026 22:00:00",20.719516,77.000253,NH3,6,9,7
India,Maharashtra,Ambernath,"Chinchpada, Ambernath - MPCB","22-09-2026 22:00:00",19.215784,73.199781,OZONE,10,55,26
India,Maharashtra,Amravati,"Shri Shivaji Science College, Amravati - MPCB","22-09-2026 22:00:00",20.939198,77.765701,CO,28,49,36
India,Maharashtra,Amravati,"Shivneri Colony, Amravati - MPCB","22-09-2026 22:00:00",20.9402359,77.7895248,PM2.5,22,35,28
India,Maharashtra,Aurangabad,"MIDC Chilkalthana, Aurangabad - MPCB","22-09-2026 22:00:00",19.87562,75.38731,PM10,NA,NA,NA
India,Maharashtra,Aurangabad,"More Chowk Waluj, Aurangabad - MPCB","22-09-2026 22:00:00",19.8389439,75.244448,CO,30,104,69
India,Maharashtra,Belapur,"CBD Belapur, Belapur - MPCB","22-09-2026 22:00:00",19.0243902,73.0406721,NO2,15,53,33
India,Maharashtra,Belapur,"CBD Belapur, Belapur - MPCB","22-09-2026 22:00:00",19.0243902,73.0406721,NH3,1,3,2
India,Maharashtra,Belapur,"CBD Belapur, Belapur - MPCB","22-09-2026 22:00:00",19.0243902,73.0406721,SO2,3,6,4
India,Maharashtra,Belapur,"CBD Belapur, Belapur - MPCB","22-09-2026 22:00:00",19.0243902,73.0406721,OZONE,10,36,22
India,Maharashtra,Bhiwandi,"Gokul Nagar, Bhiwandi - MPCB","22-09-2026 22:00:00",19.309073,73.057223,PM10,41,93,67
India,Maharashtra,Bhiwandi,"Gokul Nagar, Bhiwandi - MPCB","22-09-2026 22:00:00",19.309073,73.057223,SO2,3,4,3
India,"Madhya Pradesh",Jabalpur,"Marhatal, Jabalpur - MPPCB","22-09-2026 22:00:00",23.168606,79.932247,NO2,14,27,19
India,"Madhya Pradesh",Jabalpur,"Marhatal, Jabalpur - MPPCB","22-09-2026 22:00:00",23.168606,79.932247,NH3,3,4,4
India,"Madhya Pradesh",Jabalpur,"Marhatal, Jabalpur - MPPCB","22-09-2026 22:00:00",23.168606,79.932247,SO2,7,10,8
India,"Madhya Pradesh",Jabalpur,"Marhatal, Jabalpur - MPPCB","22-09-2026 22:00:00",23.168606,79.932247,OZONE,3,16,11
India,"Madhya Pradesh",Jabalpur,"Govindh Bhavan Colony, Jabalpur - JMC","22-09-2026 22:00:00",23.163174,79.973061,PM2.5,19,30,25
India,"Madhya Pradesh",Jabalpur,"Govindh Bhavan Colony, Jabalpur - JMC","22-09-2026 22:00:00",23.163174,79.973061,PM10,25,33,29
India,"Madhya Pradesh",Jabalpur,"Gupteshwar, Jabalpur - JMC","22-09-2026 22:00:00",23.142888,79.916147,PM10,22,41,33
India,"Madhya Pradesh",Katni,"Gole Bazar, Katni - MPPCB","22-09-2026 22:00:00",23.50016,80.23284,NO2,4,31,16
India,"Madhya Pradesh",Bhopal,"Paryavaran Parisar, Bhopal - MPPCB","22-09-2026 22:00:00",23.210494,77.425409,NO2,14,37,21
India,"Madhya Pradesh",Dewas,"Bhopal Chauraha, Dewas - MPPCB","22-09-2026 22:00:00",22.9682591,76.064118,NO2,59,85,71
India,"Madhya Pradesh",Dewas,"Bhopal Chauraha, Dewas - MPPCB","22-09-2026 22:00:00",22.9682591,76.064118,NH3,1,2,2
India,"Madhya Pradesh",Gwalior,"Maharaj Bada, Gwalior - MPPCB","22-09-2026 22:00:00",26.200388,78.147714,PM2.5,72,315,152
India,Maharashtra,Chandrapur,"Chauhan Colony, Chandrapur - MPCB","22-09-2026 22:00:00",19.9629,79.298714,PM10,76,126,103
India,Maharashtra,Chandrapur,"Chauhan Colony, Chandrapur - MPCB","22-09-2026 22:00:00",19.9629,79.298714,NO2,15,21,18
India,Maharashtra,Chandrapur,"Chauhan Colony, Chandrapur - MPCB","22-09-2026 22:00:00",19.9629,79.298714,SO2,11,16,13
India,Maharashtra,Dombivli,"Kalu Nagar, Dombivli - MPCB","22-09-2026 22:00:00",19.2268427,73.0788456,PM2.5,NA,NA,NA
India,Maharashtra,Dombivli,"Kalu Nagar, Dombivli - MPCB","22-09-2026 22:00:00",19.2268427,73.0788456,SO2,16,80,34
India,"Madhya Pradesh",Indore,"Residency Area, Indore - IMC","22-09-2026 22:00:00",22.7084,75.8815,SO2,3,11,4
India,"Madhya Pradesh",Indore,"Maguda Nagar, Indore - IMC","22-09-2026 22:00:00",22.7524,75.8872,PM10,NA,NA,NA
India,Maharashtra,Boisar,"Khaira, Boisar - MPCB","22-09-2026 22:00:00",19.786089,72.757971,PM10,31,83,49
India,Maharashtra,Mumbai,"Kherwadi_Bandra East, Mumbai - MPCB","22-09-2026 22:00:00",19.0632143,72.8456324,PM10,30,102,59
India,Maharashtra,Mumbai,"Borivali East, Mumbai - IITM","22-09-2026 22:00:00",19.23241,72.86895,NH3,1,3,2
India,Maharashtra,Mumbai,"Siddharth Nagar-Worli, Mumbai - IITM","22-09-2026 22:00:00",19.000083,72.813993,PM2.5,10,34,15
India,Maharashtra,Mumbai,"Siddharth Nagar-Worli, Mumbai - IITM","22-09-2026 22:00:00",19.000083,72.813993,PM10,16,105,40
India,Maharashtra,Mumbai,"Siddharth Nagar-Worli, Mumbai - IITM","22-09-2026 22:00:00",19.000083,72.813993,NH3,1,1,1
India,Maharashtra,Mumbai,"Worli, Mumbai - MPCB","22-09-2026 22:00:00",18.9936162,72.8128113,PM2.5,15,66,38
India,Maharashtra,Mumbai,"Worli, Mumbai - MPCB","22-09-2026 22:00:00",18.9936162,72.8128113,CO,39,47,42
India,Maharashtra,Mumbai,"Ghatkopar, Mumbai - BMC","22-09-2026 22:00:00",19.083694,72.920967,NH3,6,13,8
India,Maharashtra,Mumbai,"Ghatkopar, Mumbai - BMC","22-09-2026 22:00:00",19.083694,72.920967,CO,24,37,29
India,Maharashtra,Jalgaon,"Prabhat Colony, Jalgaon - MPCB","22-09-2026 22:00:00",21.001264,75.565602,NO2,4,31,13
India,Maharashtra,Jalna,"Old MIDC, Jalna - MPCB","22-09-2026 22:00:00",19.854616,75.905894,PM10,68,101,84
India,Maharashtra,Jalna,"Old MIDC, Jalna - MPCB","22-09-2026 22:00:00",19.854616,75.905894,NH3,2,4,4
India,Maharashtra,Kolhapur,"Shivaji University, Kolhapur - MPCB","22-09-2026 22:00:00",16.6870449,74.2505872,PM10,34,58,45
India,Maharashtra,Kolhapur,"Sinchan Bhavan, Kolhapur - MPCB","22-09-2026 22:00:00",16.7143745,74.2426398,PM2.5,NA,NA,NA
India,Maharashtra,Kolhapur,"Sinchan Bhavan, Kolhapur - MPCB","22-09-2026 22:00:00",16.7143745,74.2426398,NH3,NA,NA,NA
India,Maharashtra,Mahad,"Kamble Tarf Birwadi, Mahad - MPCB","22-09-2026 22:00:00",18.1023399,73.4783687,PM10,30,55,41
India,Maharashtra,Mahad,"Kamble Tarf Birwadi, Mahad - MPCB","22-09-2026 22:00:00",18.1023399,73.4783687,NO2,5,29,11
India,Maharashtra,Mumbai,"Navy Nagar-Colaba, Mumbai - IITM","22-09-2026 22:00:00",18.897756,72.81332,NO2,35,93,54
India,Maharashtra,Mumbai,"Mulund West, Mumbai - MPCB","22-09-2026 22:00:00",19.175,72.9419,NO2,13,14,13
India,Maharashtra,Mumbai,"Mulund West, Mumbai - MPCB","22-09-2026 22:00:00",19.175,72.9419,OZONE,NA,NA,NA
India,Maharashtra,Mumbai,"Shivaji Nagar, Mumbai - BMC","22-09-2026 22:00:00",19.060498,72.923356,NH3,5,15,7
India,Maharashtra,Mumbai,"Shivaji Nagar, Mumbai - BMC","22-09-2026 22:00:00",19.060498,72.923356,SO2,NA,NA,NA
India,Maharashtra,Mumbai,"Khindipada-Bhandup West, Mumbai - IITM","22-09-2026 22:00:00",19.1653323,72.922099,PM2.5,4,136,35
India,Maharashtra,Mumbai,"Khindipada-Bhandup West, Mumbai - IITM","22-09-2026 22:00:00",19.1653323,72.922099,NH3,2,3,2
India,Maharashtra,Mumbai,"Kandivali West, Mumbai - BMC","22-09-2026 22:00:00",19.215859,72.831718,PM2.5,24,48,34
India,Maharashtra,Mumbai,"Kandivali West, Mumbai - BMC","22-09-2026 22:00:00",19.215859,72.831718,NH3,NA,NA,NA
India,Maharashtra,Mumbai,"Kandivali West, Mumbai - BMC","22-09-2026 22:00:00",19.215859,72.831718,CO,5,10,7
India,Maharashtra,Mumbai,"Chakala-Andheri East, Mumbai - IITM","22-09-2026 22:00:00",19.11074,72.86084,SO2,1,8,3
India,Maharashtra,Mumbai,"Chakala-Andheri East, Mumbai - IITM","22-09-2026 22:00:00",19.11074,72.86084,OZONE,10,15,12
India,Maharashtra,Mira-Bhayandar,"Bhayandar West, Mira-Bhayandar - MPCB","22-09-2026 22:00:00",19.296481,72.840923,NH3,0,24,7
India,Maharashtra,Mira-Bhayandar,"Bhayandar West, Mira-Bhayandar - MPCB","22-09-2026 22:00:00",19.296481,72.840923,OZONE,14,29,22
India,Maharashtra,Mumbai,"Sion, Mumbai - MPCB","22-09-2026 22:00:00",19.047,72.8746,PM2.5,NA,NA,NA
India,Maharashtra,Mumbai,"Sion, Mumbai - MPCB","22-09-2026 22:00:00",19.047,72.8746,SO2,5,5,5
India,Maharashtra,Mumbai,"Chembur, Mumbai - MPCB","22-09-2026 22:00:00",19.0364585,72.8954371,PM10,23,62,40
India,Maharashtra,Mumbai,"Deonar, Mumbai - IITM","22-09-2026 22:00:00",19.04946,72.923,NO2,19,63,40
India,Maharashtra,Mumbai,"Malad West, Mumbai - IITM","22-09-2026 22:00:00",19.19709,72.82204,PM2.5,12,54,32
India,Maharashtra,Mumbai,"Kurla, Mumbai - MPCB","22-09-2026 22:00:00",19.0863,72.8888,SO2,29,29,29
India,Maharashtra,Mumbai,"Byculla, Mumbai - BMC","22-09-2026 22:00:00",18.9767,72.838,NO2,10,62,33
India,Maharashtra,Mumbai,"Byculla, Mumbai - BMC","22-09-2026 22:00:00",18.9767,72.838,NH3,1,11,4
India,Maharashtra,Mumbai,"Mindspace-Malad West, Mumbai - MPCB","22-09-2026 22:00:00",19.1878657,72.8304069,PM10,21,70,41
India,Maharashtra,Mumbai,"Powai, Mumbai - MPCB","22-09-2026 22:00:00",19.1375,72.915056,NO2,4,7,6
India,Maharashtra,Pimpri-Chinchwad,"Transport Nagar-Nigdi, Pune - IITM","22-09-2026 22:00:00",18.664282,73.763966,CO,6,102,82
India,Maharashtra,Pune,"Hadapsar, Pune - IITM","22-09-2026 22:00:00",18.501793,73.927532,SO2,NA,NA,NA
India,Maharashtra,Pune,"Hadapsar, Pune - IITM","22-09-2026 22:00:00",18.501793,73.927532,OZONE,13,24,18
India,Maharashtra,Pune,"Katraj Dairy, Pune - MPCB","22-09-2026 22:00:00",18.45445,73.854155,CO,48,55,51
India,Maharashtra,Pune,"Revenue Colony-Shivajinagar, Pune - IITM","22-09-2026 22:00:00",18.530085,73.849598,SO2,5,22,13
India,Maharashtra,Pune,"Revenue Colony-Shivajinagar, Pune - IITM","22-09-2026 22:00:00",18.530085,73.849598,CO,82,105,94
India,Maharashtra,Pune,"Dhankawadi, Pune - IITM","22-09-2026 22:00:00",18.459883,73.852193,NO2,11,17,15
India,Maharashtra,Pune,"Dhankawadi, Pune - IITM","22-09-2026 22:00:00",18.459883,73.852193,NH3,NA,NA,NA
India,Maharashtra,"Navi Mumbai","Nerul, Navi Mumbai - MPCB","22-09-2026 22:00:00",19.008751,73.01662,PM2.5,22,53,31
India,Maharashtra,"Navi Mumbai","Nerul, Navi Mumbai - MPCB","22-09-2026 22:00:00",19.008751,73.01662,NO2,3,3,3
India,Maharashtra,"Navi Mumbai","Nerul, Navi Mumbai - MPCB","22-09-2026 22:00:00",19.008751,73.01662,CO,NA,NA,NA
India,Maharashtra,"Navi Mumbai","Nerul, Navi Mumbai - MPCB","22-09-2026 22:00:00",19.008751,73.01662,OZONE,NA,NA,NA
India,Maharashtra,"Navi Mumbai","Sector-2E Kalamboli, Navi Mumbai - MPCB","22-09-2026 22:00:00",19.02579,73.10297,NO2,8,17,12
India,Maharashtra,"Navi Mumbai","Sector-2E Kalamboli, Navi Mumbai - MPCB","22-09-2026 22:00:00",19.02579,73.10297,NH3,7,13,10
India,Maharashtra,"Navi Mumbai","Sector-2E Kalamboli, Navi Mumbai - MPCB","22-09-2026 22:00:00",19.02579,73.10297,CO,12,22,17
India,Maharashtra,"Navi Mumbai","Mahape, Navi Mumbai - MPCB","22-09-2026 22:00:00",19.1135051,73.008978,PM10,36,108,69
India,Maharashtra,"Navi Mumbai","Mahape, Navi Mumbai - MPCB","22-09-2026 22:00:00",19.1135051,73.008978,NO2,42,44,43
India,Maharashtra,Parbhani,"Masoom Colony, Parbhani - MPCB","22-09-2026 22:00:00",19.265594,76.761463,NH3,2,3,3
India,Maharashtra,Parbhani,"Masoom Colony, Parbhani - MPCB","22-09-2026 22:00:00",19.265594,76.761463,OZONE,6,8,7
India,Maharashtra,Pimpri-Chinchwad,"Gavalinagar, Pimpri Chinchwad - MPCB","22-09-2026 22:00:00",18.63673,73.82487,NO2,9,61,24
India,Maharashtra,Pimpri-Chinchwad,"Bhumkar Nagar, Pune - IITM","22-09-2026 22:00:00",18.60577,73.749976,CO,34,59,40
India,Maharashtra,Pimpri-Chinchwad,"Park Street Wakad, Pimpri Chinchwad - MPCB","22-09-2026 22:00:00",18.59051,73.77946,NH3,3,3,3
India,Maharashtra,Pimpri-Chinchwad,"Savta Mali Nagar, Pimpri-Chinchwad - IITM","22-09-2026 22:00:00",18.614767,73.799516,PM2.5,12,36,16
India,Maharashtra,Solapur,"Dnyaneshwar Nagar, Solapur - MPCB","22-09-2026 22:00:00",17.6336264,75.9132495,NO2,7,20,12
India,Maharashtra,Solapur,"Dnyaneshwar Nagar, Solapur - MPCB","22-09-2026 22:00:00",17.6336264,75.9132495,CO,14,22,17
India,Maharashtra,Thane,"Kasarvadavali, Thane - MPCB","22-09-2026 22:00:00",19.26777,72.97182,PM2.5,18,50,33
India,Maharashtra,Thane,"Kasarvadavali, Thane - MPCB","22-09-2026 22:00:00",19.26777,72.97182,NO2,19,28,23
India,Maharashtra,Ulhasnagar,"Sidhi Vinayak Nagar, Ulhasnagar - MPCB","22-09-2026 22:00:00",19.235581,73.159121,SO2,2,8,4
India,Maharashtra,Nashik,"Gangapur Road, Nashik - MPCB","22-09-2026 22:00:00",20.0073285,73.7762427,PM2.5,24,209,46
India,Maharashtra,Nashik,"Gangapur Road, Nashik - MPCB","22-09-2026 22:00:00",20.0073285,73.7762427,SO2,NA,NA,NA
India,Maharashtra,Nashik,"Pandav Nagari, Nashik - MPCB","22-09-2026 22:00:00",19.9591346,73.7788008,SO2,1,5,3
India,Maharashtra,Nashik,"Hirawadi, Nashik - MPCB","22-09-2026 22:00:00",20.021503,73.813844,CO,25,35,29
India,Maharashtra,Satara,"Koyana Nagar, Satara - MPCB","22-09-2026 22:00:00",17.696651,74.003387,OZONE,24,34,30
India,Maharashtra,Solapur,"Ratandeep Housing Society, Solapur - MPCB","22-09-2026 22:00:00",17.65439,75.90649,NH3,3,7,5
India,Maharashtra,Nagpur,"Opp GPO Civil Lines, Nagpur - MPCB","22-09-2026 22:00:00",21.152875,79.0517531,PM10,29,113,61
India,Maharashtra,Nagpur,"Opp GPO Civil Lines, Nagpur - MPCB","22-09-2026 22:00:00",21.152875,79.0517531,SO2,6,15,11
India,Maharashtra,Nagpur,"Opp GPO Civil Lines, Nagpur - MPCB","22-09-2026 22:00:00",21.152875,79.0517531,OZONE,6,10,8
India,Maharashtra,Nagpur,"Mahal, Nagpur - MPCB","22-09-2026 22:00:00",21.14472,79.107595,PM2.5,NA,NA,NA
India,Maharashtra,Nagpur,"Mahal, Nagpur - MPCB","22-09-2026 22:00:00",21.14472,79.107595,NH3,2,7,4
India,Maharashtra,Pimpri-Chinchwad,"Transport Nagar-Nigdi, Pune - IITM","22-09-2026 22:00:00",18.664282,73.763966,NO2,23,49,33
India,Punjab,Amritsar,"Golden Temple, Amritsar - PPCB","22-09-2026 22:00:00",31.62,74.876512,OZONE,19,50,42
India,Punjab,Jalandhar,"Civil Line, Jalandhar - PPCB","22-09-2026 22:00:00",31.321907,75.578914,NO2,43,52,48
India,Punjab,Jalandhar,"Civil Line, Jalandhar - PPCB","22-09-2026 22:00:00",31.321907,75.578914,OZONE,24,45,36
India,Punjab,Khanna,"Kalal Majra, Khanna - PPCB","22-09-2026 22:00:00",30.736056,76.209694,NO2,12,33,21
India,Punjab,Khanna,"Kalal Majra, Khanna - PPCB","22-09-2026 22:00:00",30.736056,76.209694,SO2,5,15,10
India,Punjab,Ludhiana,"Punjab Agricultural University, Ludhiana - PPCB","22-09-2026 22:00:00",30.9028,75.8086,PM2.5,58,216,121
India,Punjab,"Mandi Gobindgarh","RIMT University, Mandi Gobindgarh - PPCB","22-09-2026 22:00:00",30.649961,76.331442,PM2.5,87,334,196
India,Punjab,"Mandi Gobindgarh","RIMT University, Mandi Gobindgarh - PPCB","22-09-2026 22:00:00",30.649961,76.331442,SO2,8,16,11
India,Punjab,Patiala,"Model Town, Patiala - PPCB","22-09-2026 22:00:00",30.349388,76.366642,PM10,64,141,93
India,Rajasthan,Ajmer,"Civil Lines,  Ajmer - RSPCB","22-09-2026 22:00:00",26.470859,74.646594,PM2.5,43,98,61
India,Rajasthan,Ajmer,"Civil Lines,  Ajmer - RSPCB","22-09-2026 22:00:00",26.470859,74.646594,OZONE,15,17,17
India,Rajasthan,Alwar,"Vigyan Nagar, Alwar - RSPCB","22-09-2026 22:00:00",27.598796,76.63861,PM10,112,181,150
India,Rajasthan,Alwar,"Vigyan Nagar, Alwar - RSPCB","22-09-2026 22:00:00",27.598796,76.63861,NO2,10,35,15
India,Rajasthan,Alwar,"Vigyan Nagar, Alwar - RSPCB","22-09-2026 22:00:00",27.598796,76.63861,CO,50,85,63
India,Rajasthan,Alwar,"Moti Doongri, Alwar - RSPCB","22-09-2026 22:00:00",27.554793,76.611536,PM2.5,45,179,110
India,Rajasthan,Alwar,"Moti Doongri, Alwar - RSPCB","22-09-2026 22:00:00",27.554793,76.611536,NH3,7,12,9
India,Rajasthan,Alwar,"Moti Doongri, Alwar - RSPCB","22-09-2026 22:00:00",27.554793,76.611536,SO2,17,40,27
India,Rajasthan,Banswara,"Rati Talai, Banswara - RSPCB","22-09-2026 22:00:00",23.55519,74.44001,CO,13,31,20
India,Rajasthan,Baran,"Bamboliya, Baran - RSPCB","22-09-2026 22:00:00",25.106006,76.469948,NH3,5,7,6
India,Rajasthan,Baran,"Bamboliya, Baran - RSPCB","22-09-2026 22:00:00",25.106006,76.469948,CO,31,43,35
India,Rajasthan,Bhilwara,"Pratap Nagar, Bhilwara - RSPCB","22-09-2026 22:00:00",25.339605,74.618883,SO2,3,11,6
India,Rajasthan,Bhilwara,"Pratap Nagar, Bhilwara - RSPCB","22-09-2026 22:00:00",25.339605,74.618883,CO,18,42,25
India,Rajasthan,Bhiwadi,"Vasundhara Nagar_UIT, Bhiwadi - RSPCB","22-09-2026 22:00:00",28.207266,76.829265,PM10,29,166,98
India,Rajasthan,Bhiwadi,"Vasundhara Nagar_UIT, Bhiwadi - RSPCB","22-09-2026 22:00:00",28.207266,76.829265,SO2,3,18,7
India,Rajasthan,Bhiwadi,"Vasundhara Nagar_UIT, Bhiwadi - RSPCB","22-09-2026 22:00:00",28.207266,76.829265,CO,6,28,16
India,Rajasthan,Bhiwadi,"Vasundhara Nagar_UIT, Bhiwadi - RSPCB","22-09-2026 22:00:00",28.207266,76.829265,OZONE,0,13,7
India,Rajasthan,Bhiwadi,"RIICO Ind. Area III, Bhiwadi - RSPCB","22-09-2026 22:00:00",28.194909,76.862296,OZONE,7,32,17
India,Rajasthan,Bikaner,"MM Ground, Bikaner - RSPCB","22-09-2026 22:00:00",28.018792,73.292658,PM2.5,31,206,73
India,Rajasthan,Bikaner,"MM Ground, Bikaner - RSPCB","22-09-2026 22:00:00",28.018792,73.292658,PM10,74,323,162
India,Rajasthan,Bikaner,"MM Ground, Bikaner - RSPCB","22-09-2026 22:00:00",28.018792,73.292658,NH3,6,9,8
India,Rajasthan,Bundi,"New Colony, Bundi - RSPCB","22-09-2026 22:00:00",25.435774,75.644272,PM2.5,58,123,76
India,Odisha,Paradeep,"Nua Sandhakuda, Paradeep - OSPCB","22-09-2026 22:00:00",20.258828,86.665185,SO2,11,18,14
India,Odisha,Rairangpur,"Divisional Forest Office, Rairangpur - OSPCB","22-09-2026 22:00:00",22.265816,86.174829,PM2.5,21,21,21
India,Odisha,Rourkela,"Sector-2, Rourkela - OSPCB","22-09-2026 22:00:00",22.245,84.88111111,OZONE,NA,NA,NA
India,Odisha,Talcher,"Talcher Coalfields,Talcher - OSPCB","22-09-2026 22:00:00",20.9360711,85.1707021,NH3,4,4,4
India,Odisha,Talcher,"Talcher Coalfields,Talcher - OSPCB","22-09-2026 22:00:00",20.9360711,85.1707021,CO,25,30,28
India,Puducherry,Puducherry,"Jawahar Nagar, Puducherry - PPCC","22-09-2026 22:00:00",11.9309,79.8027,NO2,3,44,18
India,Odisha,Barbil,"Forest Office, Barbil - OSPCB","22-09-2026 22:00:00",22.1166054,85.3945546,SO2,6,23,13
India,Odisha,Barbil,"Forest Office, Barbil - OSPCB","22-09-2026 22:00:00",22.1166054,85.3945546,OZONE,16,37,27
India,Odisha,Baripada,"Meher Colony, Baripada - OSPCB","22-09-2026 22:00:00",21.941841,86.728318,PM2.5,1,37,7
India,Odisha,Baripada,"Meher Colony, Baripada - OSPCB","22-09-2026 22:00:00",21.941841,86.728318,SO2,6,7,7
India,Odisha,Baripada,"Meher Colony, Baripada - OSPCB","22-09-2026 22:00:00",21.941841,86.728318,OZONE,23,77,39
India,Odisha,Bhubaneswar,"Patia, Bhubaneswar - OSPCB","22-09-2026 22:00:00",20.34652,85.8163,OZONE,12,22,18
India,Odisha,Bileipada,"Tata Township, Bileipada - OSPCB","22-09-2026 22:00:00",22.06156703,85.47409613,PM2.5,NA,NA,NA
India,Odisha,Brajrajnagar,"GM Office, Brajrajnagar - OSPCB","22-09-2026 22:00:00",21.8004996,83.8396977,NO2,26,32,28
India,Odisha,Byasanagar,"Ferro Chrome Colony, Byasanagar - OSPCB","22-09-2026 22:00:00",20.94185,86.1151,NH3,0,1,0
India,Odisha,Keonjhar,"Jagamohanpur, Keonjhar - OSPCB","22-09-2026 22:00:00",21.6439,85.599355,SO2,20,25,21
India,Odisha,Nayagarh,"Dabuna, Nayagarh - OSPCB","22-09-2026 22:00:00",21.847279,85.416905,PM2.5,7,24,14
India,Mizoram,Aizawl,"Sikulpuikawn, Aizawl - Mizoram PCB","22-09-2026 22:00:00",23.7176342,92.7192841,CO,3,3,3
India,Mizoram,Aizawl,"Sikulpuikawn, Aizawl - Mizoram PCB","22-09-2026 22:00:00",23.7176342,92.7192841,OZONE,0,1,0
India,Odisha,Angul,"Hakimapada, Angul - OSPCB","22-09-2026 22:00:00",20.832874,85.104082,NO2,7,17,11
India,Odisha,Balasore,"Kalidaspur, Balasore - OSPCB","22-09-2026 22:00:00",21.51161,86.89088,PM2.5,2,33,10
India,Meghalaya,Byrnihat,"15th Mile-Nongthymmai, Byrnihat -Meghalaya PCB","22-09-2026 22:00:00",26.079047,91.875185,NH3,0,1,0
India,Meghalaya,Shillong,"Lumpyngngad, Shillong - Meghalaya PCB","22-09-2026 22:00:00",25.5586,91.8985,NH3,0,0,0
India,Maharashtra,Virar,"Bolinj, Virar - MPCB","22-09-2026 22:00:00",19.445821,72.7988231,NO2,5,25,15
India,Maharashtra,Virar,"Bolinj, Virar - MPCB","22-09-2026 22:00:00",19.445821,72.7988231,SO2,1,4,2
India,Rajasthan,Jodhpur,"Samrat Ashok Udhyan, Jodhpur - RSPCB","22-09-2026 22:00:00",26.253384,72.976571,NO2,4,118,42
India,Rajasthan,Jodhpur,"Samrat Ashok Udhyan, Jodhpur - RSPCB","22-09-2026 22:00:00",26.253384,72.976571,CO,10,107,39
India,Rajasthan,Jodhpur,"Mandor, Jodhpur - RSPCB","22-09-2026 22:00:00",26.358805,73.047444,CO,16,51,24
India,Rajasthan,Jodhpur,"Mandor, Jodhpur - RSPCB","22-09-2026 22:00:00",26.358805,73.047444,OZONE,13,152,99
India,Rajasthan,Jodhpur,"Digari Kalan, Jodhpur - RSPCB","22-09-2026 22:00:00",26.29581,73.082283,CO,13,61,27
India,Rajasthan,Karauli,"Satyawati Vihar, Karauli - RSPCB","22-09-2026 22:00:00",26.506177,77.025989,SO2,NA,NA,NA
India,Rajasthan,Kota,"Nayapura, Kota - RSPCB","22-09-2026 22:00:00",25.196024,75.855668,PM2.5,52,127,82
India,Rajasthan,Kota,"Nayapura, Kota - RSPCB","22-09-2026 22:00:00",25.196024,75.855668,NO2,8,81,27
India,Rajasthan,Kota,"Shrinath Puram, Kota - RSPCB","22-09-2026 22:00:00",25.14389,75.821256,PM2.5,NA,NA,NA
India,Rajasthan,Kota,"Shrinath Puram, Kota - RSPCB","22-09-2026 22:00:00",25.14389,75.821256,CO,45,63,53
India,Rajasthan,Pali,"Indira Colony Vistar, Pali - RSPCB","22-09-2026 22:00:00",25.771061,73.340227,PM2.5,6,305,145
India,Rajasthan,Pratapgarh,"Pragati Nagar, Pratapgarh - RSPCB","22-09-2026 22:00:00",24.041198,74.780702,NH3,4,6,5
India,Rajasthan,Jaipur,"RIICO Sitapura, Jaipur - RSPCB","22-09-2026 22:00:00",26.786682,75.827928,OZONE,6,184,87
India,Rajasthan,Jaisalmer,"Sadar Bazar, Jaisalmer - RSPCB","22-09-2026 22:00:00",26.912329,70.909168,PM10,37,153,95
India,Rajasthan,Jaisalmer,"Sadar Bazar, Jaisalmer - RSPCB","22-09-2026 22:00:00",26.912329,70.909168,NO2,30,56,46
India,Rajasthan,Jaisalmer,"Sadar Bazar, Jaisalmer - RSPCB","22-09-2026 22:00:00",26.912329,70.909168,CO,7,40,22
India,Rajasthan,Jhalawar,"Rajlaxmi Nagar, Jhalawar - RSPCB","22-09-2026 22:00:00",24.588397,76.172782,PM2.5,33,98,57
India,Rajasthan,Jhunjhunu,"Indra Nagar, Jhunjhunu - RSPCB","22-09-2026 22:00:00",28.108988,75.386577,CO,16,36,24
India,Rajasthan,Chittorgarh,"Shastri Nagar, Chittorgarh - RSPCB","22-09-2026 22:00:00",24.892047,74.623527,CO,1,7,3
India,Rajasthan,Churu,"Subash Chowk, Churu - RSPCB","22-09-2026 22:00:00",28.296139,74.961696,SO2,3,8,4
India,Rajasthan,Churu,"Subash Chowk, Churu - RSPCB","22-09-2026 22:00:00",28.296139,74.961696,OZONE,53,72,63
India,Rajasthan,Dausa,"Khatikan Mohalla, Dausa - RSPCB","22-09-2026 22:00:00",26.895552,76.334753,PM10,103,334,149
India,Rajasthan,Dausa,"Khatikan Mohalla, Dausa - RSPCB","22-09-2026 22:00:00",26.895552,76.334753,NO2,10,108,36
India,Rajasthan,Jaipur,"Mansarovar Sector-12, Jaipur - RSPCB","22-09-2026 22:00:00",26.843698,75.766894,SO2,NA,NA,NA
India,Rajasthan,Jaipur,"Mansarovar Sector-12, Jaipur - RSPCB","22-09-2026 22:00:00",26.843698,75.766894,OZONE,55,149,106
India,Rajasthan,Jaipur,"Police Commissionerate, Jaipur - RSPCB","22-09-2026 22:00:00",26.9164092,75.7994901,NO2,47,127,86
India,Rajasthan,Jaipur,"RIICO Sitapura, Jaipur - RSPCB","22-09-2026 22:00:00",26.786682,75.827928,PM2.5,93,423,187
India,Rajasthan,Jaipur,"RIICO Sitapura, Jaipur - RSPCB","22-09-2026 22:00:00",26.786682,75.827928,NO2,32,152,68
India,Rajasthan,Dholpur,"Raja Ganj, Dholpur - RSPCB","22-09-2026 22:00:00",26.699557,77.898881,SO2,5,9,7
India,Rajasthan,Dholpur,"Raja Ganj, Dholpur - RSPCB","22-09-2026 22:00:00",26.699557,77.898881,CO,42,54,48
India,Rajasthan,Dungarpur,"Bhoiwada, Dungarpur - RSPCB","22-09-2026 22:00:00",23.837789,73.714926,OZONE,33,60,45
India,Rajasthan,Hanumangarh,"Housing Board, Hanumangarh - RSPCB","22-09-2026 22:00:00",29.61075,74.283608,NH3,3,6,5
India,Rajasthan,Hanumangarh,"Housing Board, Hanumangarh - RSPCB","22-09-2026 22:00:00",29.61075,74.283608,CO,20,56,35
India,Rajasthan,Dausa,"Khatikan Mohalla, Dausa - RSPCB","22-09-2026 22:00:00",26.895552,76.334753,SO2,0,6,1
India,Rajasthan,Dausa,"Khatikan Mohalla, Dausa - RSPCB","22-09-2026 22:00:00",26.895552,76.334753,CO,19,112,52
India,Rajasthan,Dholpur,"Raja Ganj, Dholpur - RSPCB","22-09-2026 22:00:00",26.699557,77.898881,PM2.5,53,170,93
India,Rajasthan,Jodhpur,"Jhalamand, Jodhpur - RSPCB","22-09-2026 22:00:00",26.215415,73.070156,PM2.5,12,243,57
India,Rajasthan,Jodhpur,"Jhalamand, Jodhpur - RSPCB","22-09-2026 22:00:00",26.215415,73.070156,NO2,8,118,32
India,Rajasthan,Jodhpur,"Jhalamand, Jodhpur - RSPCB","22-09-2026 22:00:00",26.215415,73.070156,CO,8,94,40
India,Rajasthan,Bundi,"New Colony, Bundi - RSPCB","22-09-2026 22:00:00",25.435774,75.644272,NO2,20,63,34
India,Rajasthan,Bundi,"New Colony, Bundi - RSPCB","22-09-2026 22:00:00",25.435774,75.644272,OZONE,5,80,45
India,Rajasthan,Jaipur,"Adarsh Nagar, Jaipur - RSPCB","22-09-2026 22:00:00",26.902909,75.836858,NH3,5,23,10
India,Telangana,Hyderabad,"New Malakpet, Hyderabad - TSPCB","22-09-2026 22:00:00",17.37206,78.50864,NH3,2,4,3
India,Telangana,Hyderabad,"Bollaram Industrial Area, Hyderabad - TSPCB","22-09-2026 22:00:00",17.518,78.383,SO2,11,22,14
India,Telangana,Hyderabad,"Bollaram Industrial Area, Hyderabad - TSPCB","22-09-2026 22:00:00",17.518,78.383,OZONE,25,27,26
India,Telangana,Hyderabad,"Central University, Hyderabad - TSPCB","22-09-2026 22:00:00",17.460103,78.334361,PM10,17,67,43
India,Telangana,Hyderabad,"Central University, Hyderabad - TSPCB","22-09-2026 22:00:00",17.460103,78.334361,SO2,1,11,8
India,Telangana,Hyderabad,"Central University, Hyderabad - TSPCB","22-09-2026 22:00:00",17.460103,78.334361,OZONE,17,24,21
India,Telangana,Hyderabad,"IITH Kandi, Hyderabad - TSPCB","22-09-2026 22:00:00",17.585705,78.126199,OZONE,18,31,25
India,Telangana,Hyderabad,"Nacharam_TSIIC IALA, Hyderabad - TSPCB","22-09-2026 22:00:00",17.429398,78.569354,SO2,12,16,13
India,Telangana,Hyderabad,"Nacharam_TSIIC IALA, Hyderabad - TSPCB","22-09-2026 22:00:00",17.429398,78.569354,CO,32,42,36
India,Telangana,Hyderabad,"IDA Pashamylaram, Hyderabad - TSPCB","22-09-2026 22:00:00",17.5316895,78.218939,PM2.5,57,123,81
India,Telangana,Hyderabad,"IDA Pashamylaram, Hyderabad - TSPCB","22-09-2026 22:00:00",17.5316895,78.218939,NO2,1,13,11
India,Telangana,Hyderabad,"Sanathnagar, Hyderabad - TSPCB","22-09-2026 22:00:00",17.4559458,78.4332152,PM2.5,36,78,58
India,Rajasthan,"Sri Ganganagar","Old City, Sri Ganganagar - RSPCB","22-09-2026 22:00:00",29.931624,73.864511,PM10,70,480,138
India,Rajasthan,Tonk,"Shastri Nagar, Tonk - RSPCB","22-09-2026 22:00:00",26.159933,75.780517,NH3,4,27,8
India,Rajasthan,Udaipur,"Ashok Nagar, Udaipur - RSPCB","22-09-2026 22:00:00",24.5886166,73.6321397,SO2,1,108,24
India,"Tamil Nadu",Chennai,"Manali Village, Chennai - TNPCB","22-09-2026 22:00:00",13.1662,80.2584,PM2.5,11,76,35
India,"Tamil Nadu",Chennai,"Manali Village, Chennai - TNPCB","22-09-2026 22:00:00",13.1662,80.2584,PM10,11,112,44
India,"Tamil Nadu",Chennai,"Manali Village, Chennai - TNPCB","22-09-2026 22:00:00",13.1662,80.2584,NO2,6,23,19
India,"Tamil Nadu",Chennai,"Manali, Chennai - CPCB","22-09-2026 22:00:00",13.164544,80.26285,PM10,21,111,61
India,Telangana,Hyderabad,"Zoo Park, Hyderabad - TSPCB","22-09-2026 22:00:00",17.349694,78.451437,OZONE,3,3,3
India,Telangana,Hyderabad,"ECIL Kapra, Hyderabad - TSPCB","22-09-2026 22:00:00",17.470431,78.566959,CO,23,35,28
India,Telangana,Hyderabad,"Kokapet, Hyderabad - TSPCB","22-09-2026 22:00:00",17.393559,78.339194,SO2,6,10,7
India,Telangana,Hyderabad,"Kokapet, Hyderabad - TSPCB","22-09-2026 22:00:00",17.393559,78.339194,CO,23,36,29
India,Telangana,Hyderabad,"New Malakpet, Hyderabad - TSPCB","22-09-2026 22:00:00",17.37206,78.50864,NO2,11,15,13
India,Rajasthan,Rajsamand,"Dhoinda, Rajsamand - RSPCB","22-09-2026 22:00:00",25.03636,73.883502,PM2.5,3,147,58
India,Rajasthan,Sikar,"Radhakishan Pura, Sikar - RSPCB","22-09-2026 22:00:00",27.608912,75.153302,PM2.5,NA,NA,NA
India,Rajasthan,Sikar,"Radhakishan Pura, Sikar - RSPCB","22-09-2026 22:00:00",27.608912,75.153302,PM10,NA,NA,NA
India,Rajasthan,Sikar,"Radhakishan Pura, Sikar - RSPCB","22-09-2026 22:00:00",27.608912,75.153302,NH3,11,21,15
India,"Tamil Nadu",Chennai,"Manali, Chennai - CPCB","22-09-2026 22:00:00",13.164544,80.26285,OZONE,9,18,12
India,"Tamil Nadu",Madurai,"Uchapatti, Madurai - TNPCB","22-09-2026 22:00:00",9.865935,78.022669,OZONE,6,6,6
India,Tripura,Agartala,"Bardowali, Agartala - Tripura SPCB","22-09-2026 22:00:00",23.8175497,91.2726974,PM2.5,7,71,35
India,Tripura,Agartala,"Bardowali, Agartala - Tripura SPCB","22-09-2026 22:00:00",23.8175497,91.2726974,SO2,17,17,17
India,Tripura,Agartala,"Bardowali, Agartala - Tripura SPCB","22-09-2026 22:00:00",23.8175497,91.2726974,CO,31,46,37
India,Telangana,Hyderabad,"Kompally Municipal Office, Hyderabad - TSPCB","22-09-2026 22:00:00",17.544899,78.486949,NH3,2,4,2
India,Telangana,Hyderabad,"Kompally Municipal Office, Hyderabad - TSPCB","22-09-2026 22:00:00",17.544899,78.486949,OZONE,11,28,20
India,Telangana,Hyderabad,"Somajiguda, Hyderabad - TSPCB","22-09-2026 22:00:00",17.417094,78.457437,PM2.5,20,156,104
India,Rajasthan,Sikar,"Radhakishan Pura, Sikar - RSPCB","22-09-2026 22:00:00",27.608912,75.153302,CO,12,58,32
India,"Uttar Pradesh",Ghaziabad,"Sanjay Nagar, Ghaziabad - UPPCB","22-09-2026 22:00:00",28.685382,77.453839,SO2,7,14,10
India,"Uttar Pradesh",Ghaziabad,"Sanjay Nagar, Ghaziabad - UPPCB","22-09-2026 22:00:00",28.685382,77.453839,OZONE,20,59,49
India,"Uttar Pradesh",Gorakhpur,"Madan Mohan Malaviya University of Technology, Gorakhpur - UPPCB","22-09-2026 22:00:00",26.730136,83.433859,PM2.5,76,296,134
India,"Uttar Pradesh",Gorakhpur,"Madan Mohan Malaviya University of Technology, Gorakhpur - UPPCB","22-09-2026 22:00:00",26.730136,83.433859,NH3,1,1,1
India,"Uttar Pradesh","Greater Noida","Knowledge Park - V, Greater Noida - UPPCB","22-09-2026 22:00:00",28.557054,77.453663,CO,6,55,31
India,"Uttar Pradesh",Hapur,"Anand Vihar, Hapur - UPPCB","22-09-2026 22:00:00",28.725645,77.749675,CO,13,34,19
India,"Uttar Pradesh",Jhansi,"Shivaji Nagar, Jhansi - UPPCB","22-09-2026 22:00:00",25.4547,78.6039,NH3,4,4,4
India,"Uttar Pradesh",Jhansi,"Shivaji Nagar, Jhansi - UPPCB","22-09-2026 22:00:00",25.4547,78.6039,OZONE,6,10,7
India,"Uttar Pradesh",Kanpur,"FTI Kidwai Nagar, Kanpur - UPPCB","22-09-2026 22:00:00",26.428282,80.327067,OZONE,13,16,15
India,"Uttar Pradesh",Kanpur,"NSI Kalyanpur, Kanpur - UPPCB","22-09-2026 22:00:00",26.509954,80.249612,NH3,2,2,2
India,"Uttar Pradesh",Kanpur,"Nehru Nagar, Kanpur - UPPCB","22-09-2026 22:00:00",26.4703136,80.3229863,NO2,43,48,46
India,"Uttar Pradesh",Khora,"Prashant Garden, Khora - UPPCB","22-09-2026 22:00:00",28.61119,77.34206,PM2.5,208,359,292
India,"Uttar Pradesh",Firozabad,"Vibhab Nagar, Firozabad - UPPCB","22-09-2026 22:00:00",27.1594,78.3953,PM10,33,76,49
India,"Uttar Pradesh",Gajraula,"Rajanpur, Gajraula - UPPCB","22-09-2026 22:00:00",28.829109,78.248796,CO,93,102,98
India,"Uttar Pradesh",Gajraula,"Rajanpur, Gajraula - UPPCB","22-09-2026 22:00:00",28.829109,78.248796,OZONE,4,28,18
India,"Uttar Pradesh",Ghaziabad,"Indirapuram, Ghaziabad - UPPCB","22-09-2026 22:00:00",28.646233,77.358075,PM10,96,182,136
India,"Uttar Pradesh",Ghaziabad,"Indirapuram, Ghaziabad - UPPCB","22-09-2026 22:00:00",28.646233,77.358075,CO,7,21,12
India,"Uttar Pradesh",Ghaziabad,"Ved Vihar-Loni, Ghaziabad - UPPCB","22-09-2026 22:00:00",28.739153,77.273668,NH3,4,36,14
India,"Uttar Pradesh",Ghaziabad,"Ved Vihar-Loni, Ghaziabad - UPPCB","22-09-2026 22:00:00",28.739153,77.273668,SO2,8,31,16
India,"Uttar Pradesh",Ghaziabad,"Ved Vihar-Loni, Ghaziabad - UPPCB","22-09-2026 22:00:00",28.739153,77.273668,OZONE,10,47,24
India,"Uttar Pradesh",Ghaziabad,"Wave City, Ghaziabad - UPPCB","22-09-2026 22:00:00",28.646675,77.489049,NO2,16,24,20
India,"Uttar Pradesh",Ghaziabad,"Loni, Ghaziabad - UPPCB","22-09-2026 22:00:00",28.757294,77.278792,PM10,144,281,191
India,"Uttar Pradesh",Ghaziabad,"Loni, Ghaziabad - UPPCB","22-09-2026 22:00:00",28.757294,77.278792,NH3,1,5,4
India,"Uttar Pradesh",Lucknow,"B R Ambedkar University, Lucknow - UPPCB","22-09-2026 22:00:00",26.766433,80.927299,OZONE,14,74,31
India,"Uttar Pradesh",Lucknow,"Kendriya Vidyalaya, Lucknow - CPCB","22-09-2026 22:00:00",26.906111,80.948222,PM2.5,42,120,68
India,"Uttar Pradesh",Lucknow,"Kendriya Vidyalaya, Lucknow - CPCB","22-09-2026 22:00:00",26.906111,80.948222,OZONE,24,74,46
India,"Uttar Pradesh",Lucknow,"Lalbagh, Lucknow - CPCB","22-09-2026 22:00:00",26.8458805,80.9365541,PM2.5,31,161,97
India,"Uttar Pradesh",Lucknow,"Lalbagh, Lucknow - CPCB","22-09-2026 22:00:00",26.8458805,80.9365541,NH3,12,24,17
India,"Uttar Pradesh",Lucknow,"Gomti Nagar, Lucknow - UPPCB","22-09-2026 22:00:00",26.86812,81.005119,PM2.5,22,108,54
India,"Uttar Pradesh",Lucknow,"Talkatora District Industries Center, Lucknow - CPCB","22-09-2026 22:00:00",26.83399722,80.8917361,PM2.5,40,76,57
India,"Uttar Pradesh",Lucknow,"Talkatora District Industries Center, Lucknow - CPCB","22-09-2026 22:00:00",26.83399722,80.8917361,PM10,51,87,66
India,"Uttar Pradesh",Lucknow,"Talkatora District Industries Center, Lucknow - CPCB","22-09-2026 22:00:00",26.83399722,80.8917361,SO2,1,41,12
India,"Uttar Pradesh",Agra,"Sanjay Palace, Agra - UPPCB","22-09-2026 22:00:00",27.19865833,78.00598056,SO2,16,18,17
India,"Uttar Pradesh",Agra,"Sector-3B Avas Vikas Colony, Agra - UPPCB","22-09-2026 22:00:00",27.19412,77.96237,NH3,4,4,4
India,"Uttar Pradesh",Agra,"Shastripuram, Agra - UPPCB","22-09-2026 22:00:00",27.19862,77.92066,PM2.5,52,115,83
India,"Uttar Pradesh",Agra,"Shastripuram, Agra - UPPCB","22-09-2026 22:00:00",27.19862,77.92066,SO2,NA,NA,NA
India,"Uttar Pradesh",Baraut,"Nagar Palika Parishad, Baraut - UPPCB","22-09-2026 22:00:00",29.09956,77.26235,PM2.5,92,218,137
India,"Uttar Pradesh",Bareilly,"Rajendra Nagar, Bareilly - UPPCB","22-09-2026 22:00:00",28.38910936,79.42963708,CO,17,21,19
India,"Uttar Pradesh",Bareilly,"Civil Lines, Bareilly - UPPCB","22-09-2026 22:00:00",28.359581,79.414455,SO2,50,101,71
India,"Uttar Pradesh",Agra,"Rohta, Agra - UPPCB","22-09-2026 22:00:00",27.106972,78.000111,SO2,14,23,18
India,"Uttar Pradesh",Agra,"Shahjahan Garden, Agra - UPPCB","22-09-2026 22:00:00",27.169338,78.03582,CO,35,61,49
India,"Uttar Pradesh",Agra,"Shahjahan Garden, Agra - UPPCB","22-09-2026 22:00:00",27.169338,78.03582,OZONE,30,36,34
India,"Uttar Pradesh",Bulandshahr,"Yamunapuram, Bulandshahr - UPPCB","22-09-2026 22:00:00",28.406963,77.849831,OZONE,44,129,70
India,"Uttar Pradesh","Fatehpur Sikri","Dadupura, Fatehpur Sikri - UPPCB","22-09-2026 22:00:00",27.097694,77.671335,PM10,121,213,159
India,"Uttar Pradesh","Fatehpur Sikri","Dadupura, Fatehpur Sikri - UPPCB","22-09-2026 22:00:00",27.097694,77.671335,CO,16,49,32
India,"Uttar Pradesh",Firozabad,"Nagla Bhau, Firozabad - UPPCB","22-09-2026 22:00:00",27.168897,78.37696,NO2,16,17,17
India,"Uttar Pradesh",Agra,"Shastripuram, Agra - UPPCB","22-09-2026 22:00:00",27.19862,77.92066,CO,25,51,36
India,"Uttar Pradesh",Meerut,"Pallavpuram Phase 2, Meerut - UPPCB","22-09-2026 22:00:00",29.06351,77.709723,NO2,16,47,36
India,"Uttar Pradesh",Meerut,"Ganga Nagar, Meerut - UPPCB","22-09-2026 22:00:00",28.999264,77.7590354,PM10,91,171,134
India,"Uttar Pradesh",Meerut,"Ganga Nagar, Meerut - UPPCB","22-09-2026 22:00:00",28.999264,77.7590354,CO,43,63,52
India,"Uttar Pradesh",Modinagar,"SRM University, Modinagar - UPPCB","22-09-2026 22:00:00",28.798171,77.540243,NH3,4,4,4
India,"Uttar Pradesh",Modinagar,"SRM University, Modinagar - UPPCB","22-09-2026 22:00:00",28.798171,77.540243,SO2,7,15,10
India,"Uttar Pradesh",Moradabad,"Eco Herbal Park, Moradabad - UPPCB","22-09-2026 22:00:00",28.840739,78.697531,CO,18,22,20
India,"Uttar Pradesh",Moradabad,"Eco Herbal Park, Moradabad - UPPCB","22-09-2026 22:00:00",28.840739,78.697531,OZONE,24,56,41
India,"Uttar Pradesh",Moradabad,"Kashiram Nagar, Moradabad - UPPCB","22-09-2026 22:00:00",28.849399,78.742362,PM10,87,149,111
India,"Uttar Pradesh",Noida,"Sector - 62, Noida - IITM","22-09-2026 22:00:00",28.6245479,77.3577104,NO2,0,33,10
India,"Uttar Pradesh",Noida,"Sector - 62, Noida - IITM","22-09-2026 22:00:00",28.6245479,77.3577104,OZONE,20,46,35
India,"Uttar Pradesh",Noida,"Sector - 125, Noida - UPPCB","22-09-2026 22:00:00",28.5447608,77.3231257,PM2.5,91,310,172
India,"Uttar Pradesh",Noida,"Sector - 125, Noida - UPPCB","22-09-2026 22:00:00",28.5447608,77.3231257,NO2,NA,NA,NA
India,"Uttar Pradesh",Noida,"Sector-1, Noida - UPPCB","22-09-2026 22:00:00",28.5898,77.3101,PM10,150,258,170
India,"Uttar Pradesh",Noida,"Sector-116, Noida - UPPCB","22-09-2026 22:00:00",28.56923,77.393848,PM10,139,228,171
India,"Uttar Pradesh",Noida,"Sector-116, Noida - UPPCB","22-09-2026 22:00:00",28.56923,77.393848,CO,29,100,62
India,"Uttar Pradesh",Prayagraj,"Motilal Nehru NIT, Prayagraj - UPPCB","22-09-2026 22:00:00",25.494,81.863,PM2.5,16,27,22
India,"Uttar Pradesh",Moradabad,"Employment Office, Moradabad - UPPCB","22-09-2026 22:00:00",28.88528,78.7388,NO2,23,24,23
India,"Uttar Pradesh",Moradabad,"Buddhi Vihar, Moradabad - UPPCB","22-09-2026 22:00:00",28.83526,78.7446,NO2,28,29,29
India,"Uttar Pradesh",Moradabad,"Jigar Colony, Moradabad - UPPCB","22-09-2026 22:00:00",28.856664,78.772638,PM2.5,37,71,51
India,"Uttar Pradesh",Raebareli,"Anand Nagar, Raebareli - UPPCB","22-09-2026 22:00:00",26.219512,81.237648,SO2,13,13,13
India,"Uttar Pradesh",Varanasi,"Ardhali Bazar, Varanasi - UPPCB","22-09-2026 22:00:00",25.3505986,82.9083074,NO2,21,23,22
India,"Uttar Pradesh",Varanasi,"Ardhali Bazar, Varanasi - UPPCB","22-09-2026 22:00:00",25.3505986,82.9083074,SO2,4,7,6
India,"Uttar Pradesh",Varanasi,"Bhelupur, Varanasi - UPPCB","22-09-2026 22:00:00",25.301778,82.996789,PM2.5,46,438,124
India,"Uttar Pradesh",Varanasi,"IESD Banaras Hindu University, Varanasi - UPPCB","22-09-2026 22:00:00",25.262326,82.995408,PM10,34,83,51
India,"Uttar Pradesh",Vrindavan,"Omex Eternity, Vrindavan - UPPCB","22-09-2026 22:00:00",27.571409,77.655757,PM2.5,83,261,121
India,"Uttar Pradesh",Vrindavan,"Omex Eternity, Vrindavan - UPPCB","22-09-2026 22:00:00",27.571409,77.655757,NH3,6,8,8
India,"Uttar Pradesh",Raebareli," Indira Nagar, Raebareli - NTPC Unchahar","22-09-2026 22:00:00",26.207781,81.245571,CO,NA,NA,NA
India,"Uttar Pradesh",Raebareli," Indira Nagar, Raebareli - NTPC Unchahar","22-09-2026 22:00:00",26.207781,81.245571,OZONE,22,45,39
India,"Uttar Pradesh",Prayagraj,"Motilal Nehru NIT, Prayagraj - UPPCB","22-09-2026 22:00:00",25.494,81.863,NH3,8,8,8
India,"Uttar Pradesh",Prayagraj,"Motilal Nehru NIT, Prayagraj - UPPCB","22-09-2026 22:00:00",25.494,81.863,CO,5,9,6
India,"Uttar Pradesh",Muzaffarnagar,"New Mandi, Muzaffarnagar - UPPCB","22-09-2026 22:00:00",29.4723508,77.7194031,NH3,1,3,2
India,"West Bengal",Haldia,"Priyambada Housing Estate, Haldia - WBPCB","22-09-2026 22:00:00",22.06047,88.109737,NH3,9,10,9
India,"West Bengal",Haldia,"Priyambada Housing Estate, Haldia - WBPCB","22-09-2026 22:00:00",22.06047,88.109737,CO,23,40,28
India,"West Bengal",Haldia,"Priyambada Housing Estate, Haldia - WBPCB","22-09-2026 22:00:00",22.06047,88.109737,OZONE,16,18,17
India,"West Bengal",Howrah,"Ghusuri, Howrah - WBPCB","22-09-2026 22:00:00",22.611968,88.347422,SO2,6,12,9
India,"West Bengal",Howrah,"Ghusuri, Howrah - WBPCB","22-09-2026 22:00:00",22.611968,88.347422,CO,18,25,22
India,"West Bengal",Howrah,"Dasnagar, Howrah - WBPCB","22-09-2026 22:00:00",22.6025571,88.3105664,PM2.5,28,80,48
India,"West Bengal",Howrah,"Padmapukur, Howrah - WBPCB","22-09-2026 22:00:00",22.5687319,88.2797276,SO2,4,7,5
India,"West Bengal",Howrah,"Padmapukur, Howrah - WBPCB","22-09-2026 22:00:00",22.5687319,88.2797276,CO,38,89,55
India,"West Bengal",Howrah,"Botanical Garden, Howrah - WBPCB","22-09-2026 22:00:00",22.554954,88.292568,PM2.5,35,70,49
India,"West Bengal",Asansol,"Evelyn Lodge, Asansol - WBPCB","22-09-2026 22:00:00",23.697936,86.944395,CO,18,35,28
India,"West Bengal",Asansol,"Mahabir Colliery, Asansol - WBPCB","22-09-2026 22:00:00",23.618183,87.105718,PM10,13,74,42
India,"West Bengal",Asansol,"Mahabir Colliery, Asansol - WBPCB","22-09-2026 22:00:00",23.618183,87.105718,NO2,2,7,4
India,"West Bengal",Asansol,"Mahabir Colliery, Asansol - WBPCB","22-09-2026 22:00:00",23.618183,87.105718,SO2,10,11,10
India,"West Bengal",Asansol,"Mahabir Colliery, Asansol - WBPCB","22-09-2026 22:00:00",23.618183,87.105718,CO,15,56,34
India,"West Bengal",Asansol,"Trivenidevi Bhalotia College, Asansol - WBPCB","22-09-2026 22:00:00",23.616515,87.119133,OZONE,6,10,7
India,"West Bengal",Barrackpore,"SVSPA Campus, Barrackpore - WBPCB","22-09-2026 22:00:00",22.7605581,88.3617589,OZONE,8,45,19
India,Uttarakhand,Dehradun,"Doon University, Dehradun - UKPCB","22-09-2026 22:00:00",30.269444,78.044167,CO,24,33,28
India,Uttarakhand,Dehradun,"Doon University, Dehradun - UKPCB","22-09-2026 22:00:00",30.269444,78.044167,OZONE,12,48,34
India,"West Bengal",Asansol,"Asansol Court Area, Asansol - WBPCB","22-09-2026 22:00:00",23.685297,86.945968,NH3,2,3,3
India,"West Bengal",Asansol,"Asansol Court Area, Asansol - WBPCB","22-09-2026 22:00:00",23.685297,86.945968,CO,37,72,53
India,"West Bengal",Asansol,"Evelyn Lodge, Asansol - WBPCB","22-09-2026 22:00:00",23.697936,86.944395,NO2,12,19,16
India,"West Bengal",Asansol,"Evelyn Lodge, Asansol - WBPCB","22-09-2026 22:00:00",23.697936,86.944395,SO2,3,5,4
India,"Uttar Pradesh",Vrindavan," Chhatikara, Vrindavan - UPPCB","22-09-2026 22:00:00",27.57194,77.62346,PM10,156,383,205
India,"Uttar Pradesh",Vrindavan," Chhatikara, Vrindavan - UPPCB","22-09-2026 22:00:00",27.57194,77.62346,SO2,20,29,25
India,Uttarakhand,Dehradun,"Doon University, Dehradun - UKPCB","22-09-2026 22:00:00",30.269444,78.044167,PM2.5,31,230,69
India,"West Bengal",Kolkata,"Rabindra Bharati University, Kolkata - WBPCB","22-09-2026 22:00:00",22.627847,88.380669,SO2,8,10,9
India,"West Bengal",Kolkata,"Fort William, Kolkata - WBPCB","22-09-2026 22:00:00",22.55664,88.342674,PM2.5,28,56,36
India,"West Bengal",Durgapur,"Womens College_City Center, Durgapur - WBPCB","22-09-2026 22:00:00",23.549395,87.300496,PM10,NA,NA,NA
India,"West Bengal",Durgapur,"Womens College_City Center, Durgapur - WBPCB","22-09-2026 22:00:00",23.549395,87.300496,NO2,NA,NA,NA
India,"West Bengal",Durgapur,"Womens College_City Center, Durgapur - WBPCB","22-09-2026 22:00:00",23.549395,87.300496,SO2,NA,NA,NA
India,"West Bengal",Kolkata,"Fort William, Kolkata - WBPCB","22-09-2026 22:00:00",22.55664,88.342674,PM10,24,61,34
India,"West Bengal",Kolkata,"Fort William, Kolkata - WBPCB","22-09-2026 22:00:00",22.55664,88.342674,NO2,13,22,17
India,"West Bengal",Kolkata,"Fort William, Kolkata - WBPCB","22-09-2026 22:00:00",22.55664,88.342674,OZONE,34,40,37
India,"West Bengal",Kolkata,"Jadavpur, Kolkata - WBPCB","22-09-2026 22:00:00",22.49929,88.36917,NO2,27,50,38
India,"West Bengal",Kolkata,"Jadavpur, Kolkata - WBPCB","22-09-2026 22:00:00",22.49929,88.36917,OZONE,6,11,8
India,"West Bengal",Kolkata,"Ballygunge, Kolkata - WBPCB","22-09-2026 22:00:00",22.5367507,88.3638022,PM2.5,21,22,21
India,"West Bengal",Kolkata,"Ballygunge, Kolkata - WBPCB","22-09-2026 22:00:00",22.5367507,88.3638022,PM10,23,39,29
India,"West Bengal",Kolkata,"Ballygunge, Kolkata - WBPCB","22-09-2026 22:00:00",22.5367507,88.3638022,NO2,19,51,27
India,"West Bengal",Kolkata,"Ballygunge, Kolkata - WBPCB","22-09-2026 22:00:00",22.5367507,88.3638022,CO,14,25,19
India,"West Bengal",Kolkata,"Ballygunge, Kolkata - WBPCB","22-09-2026 22:00:00",22.5367507,88.3638022,OZONE,23,33,29
India,"West Bengal",Kolkata,"Rabindra Sarobar, Kolkata - WBPCB","22-09-2026 22:00:00",22.51106,88.35142,NO2,19,36,25
India,"West Bengal",Kolkata,"Rabindra Sarobar, Kolkata - WBPCB","22-09-2026 22:00:00",22.51106,88.35142,SO2,6,7,6
India,"West Bengal",Kolkata,"Rabindra Sarobar, Kolkata - WBPCB","22-09-2026 22:00:00",22.51106,88.35142,OZONE,7,13,11
India,"West Bengal",Kolkata,"Bidhannagar, Kolkata - WBPCB","22-09-2026 22:00:00",22.58157048,88.41002457,PM10,26,36,32
India,"West Bengal",Kolkata,"Bidhannagar, Kolkata - WBPCB","22-09-2026 22:00:00",22.58157048,88.41002457,OZONE,19,29,23
India,"West Bengal",Siliguri,"Ward-32 Bapupara, Siliguri - WBPCB","22-09-2026 22:00:00",26.6879226,88.4152495,SO2,13,16,15
India,"Andhra Pradesh",Kakinada,"Rama Rao Peta, Kakinada - APPCB","22-09-2026 22:00:00",16.962488,82.229513,OZONE,9,21,14
India,"Andhra Pradesh",Machilipatnam,"Srinivas Nagar Colony, Machilipatnam - APPCB","22-09-2026 22:00:00",16.186555,81.13219,NH3,3,6,3
India,"Andhra Pradesh",Machilipatnam,"Srinivas Nagar Colony, Machilipatnam - APPCB","22-09-2026 22:00:00",16.186555,81.13219,SO2,10,19,15
India,"Andhra Pradesh",Nellore,"Ambedkar Nagar, Nellore - APPCB ","22-09-2026 22:00:00",14.438164,79.966814,PM2.5,53,65,58
India,"Andhra Pradesh",Nellore,"Ambedkar Nagar, Nellore - APPCB ","22-09-2026 22:00:00",14.438164,79.966814,NH3,5,7,6
India,"Andhra Pradesh",Tirupati,"Vaikuntapuram, Tirupati - APPCB","22-09-2026 22:00:00",13.615387,79.40923,OZONE,33,57,44
India,"Andhra Pradesh",Vijayawada,"Rajiv Nagar, Vijayawada - APPCB","22-09-2026 22:00:00",16.554731,80.64911,PM10,56,67,61
India,"Andhra Pradesh",Vijayawada,"Rajiv Nagar, Vijayawada - APPCB","22-09-2026 22:00:00",16.554731,80.64911,OZONE,18,29,21
India,"Andhra Pradesh",Visakhapatnam,"GVM Corporation, Visakhapatnam - APPCB","22-09-2026 22:00:00",17.72,83.3,PM2.5,13,69,34
India,"Andhra Pradesh",Visakhapatnam,"GVM Corporation, Visakhapatnam - APPCB","22-09-2026 22:00:00",17.72,83.3,SO2,0,7,4
India,"Andhra Pradesh",Nellore,"Ambedkar Nagar, Nellore - APPCB ","22-09-2026 22:00:00",14.438164,79.966814,CO,34,39,35
India,"Andhra Pradesh",Rajamahendravaram,"Anand Kala Kshetram, Rajamahendravaram - APPCB","22-09-2026 22:00:00",16.9872867,81.7363176,PM2.5,29,50,39
India,"Andhra Pradesh",Rajamahendravaram,"Anand Kala Kshetram, Rajamahendravaram - APPCB","22-09-2026 22:00:00",16.9872867,81.7363176,SO2,4,11,6
India,"Andhra Pradesh",Rajamahendravaram,"Anand Kala Kshetram, Rajamahendravaram - APPCB","22-09-2026 22:00:00",16.9872867,81.7363176,OZONE,4,27,17
India,"Andhra Pradesh",Tirumala,"Toll Gate, Tirumala - APPCB","22-09-2026 22:00:00",13.67,79.35,CO,16,22,20
India,Assam,Byrnihat,"Central Academy for SFS, Byrnihat - PCBA","22-09-2026 22:00:00",26.071318,91.87488,NO2,7,10,8
India,Assam,Byrnihat,"Central Academy for SFS, Byrnihat - PCBA","22-09-2026 22:00:00",26.071318,91.87488,NH3,4,4,4
India,Assam,Guwahati,"LGBI Airport, Guwahati - PCBA","22-09-2026 22:00:00",26.10887,91.589544,PM2.5,24,76,54
India,Assam,Guwahati,"Railway Colony, Guwahati - PCBA","22-09-2026 22:00:00",26.181742,91.78063,PM10,29,107,59
India,"Andhra Pradesh",Guntur,"Rajendra Nagar North, Guntur - APPCB","22-09-2026 22:00:00",16.316553,80.413302,PM10,47,114,63
India,"Andhra Pradesh",Kadapa,"Yerramukkapalli, Kadapa - APPCB","22-09-2026 22:00:00",14.465052,78.824187,PM10,54,65,60
India,"Andhra Pradesh",Kadapa,"Yerramukkapalli, Kadapa - APPCB","22-09-2026 22:00:00",14.465052,78.824187,SO2,8,17,13
India,"Andhra Pradesh",Kakinada,"Rama Rao Peta, Kakinada - APPCB","22-09-2026 22:00:00",16.962488,82.229513,NO2,17,52,33
India,Assam,Nalbari,"Bata Chowk, Nalbari - PCBA","22-09-2026 22:00:00",26.446912,91.439057,CO,20,25,22
India,Assam,Silchar,"Tarapur, Silchar - PCBA","22-09-2026 22:00:00",24.82827,92.79525,PM10,39,49,43
India,Bihar,Araria,"Kharahiya Basti, Araria - BSPCB","22-09-2026 22:00:00",26.146529,87.454184,NO2,9,17,14
India,Bihar,Araria,"Kharahiya Basti, Araria - BSPCB","22-09-2026 22:00:00",26.146529,87.454184,CO,20,27,24
India,"Andhra Pradesh",Amaravati,"Secretariat, Amaravati - APPCB","22-09-2026 22:00:00",16.5150833,80.5181667,CO,22,47,36
India,"Andhra Pradesh",Eluru,"District Court, Eluru - APPCB","22-09-2026 22:00:00",16.711754,81.092095,CO,27,46,36
India,"Andhra Pradesh",Eluru,"District Court, Eluru - APPCB","22-09-2026 22:00:00",16.711754,81.092095,OZONE,11,23,14
India,Assam,Nagaon,"Christianpatty, Nagaon - PCBA","22-09-2026 22:00:00",26.349082,92.68449,NH3,4,4,4
India,Assam,Nagaon,"Christianpatty, Nagaon - PCBA","22-09-2026 22:00:00",26.349082,92.68449,SO2,8,15,13
India,Assam,Nagaon,"Christianpatty, Nagaon - PCBA","22-09-2026 22:00:00",26.349082,92.68449,CO,17,26,22
India,Assam,Nagaon,"Christianpatty, Nagaon - PCBA","22-09-2026 22:00:00",26.349082,92.68449,OZONE,9,13,11
India,Bihar,Arrah,"New DM Office, Arrah - BSPCB","22-09-2026 22:00:00",25.5626095,84.663264,NH3,1,2,2
India,Bihar,Arrah,"New DM Office, Arrah - BSPCB","22-09-2026 22:00:00",25.5626095,84.663264,CO,47,62,55
India,Assam,Nalbari,"Bata Chowk, Nalbari - PCBA","22-09-2026 22:00:00",26.446912,91.439057,NO2,14,149,22
India,Bihar,"Bihar Sharif","D M Colony, Bihar Sharif - BSPCB","22-09-2026 22:00:00",25.204762,85.51496,PM10,NA,NA,NA
India,Bihar,"Bihar Sharif","D M Colony, Bihar Sharif - BSPCB","22-09-2026 22:00:00",25.204762,85.51496,SO2,10,14,13
India,Bihar,"Bihar Sharif","D M Colony, Bihar Sharif - BSPCB","22-09-2026 22:00:00",25.204762,85.51496,CO,9,11,9
India,Bihar,Gaya,"Kareemganj, Gaya - BSPCB","22-09-2026 22:00:00",24.792403,84.992416,PM10,NA,NA,NA
India,Bihar,Gaya,"Kareemganj, Gaya - BSPCB","22-09-2026 22:00:00",24.792403,84.992416,CO,28,34,30
India,Bihar,Gaya,"SFTI Kusdihra, Gaya - BSPCB","22-09-2026 22:00:00",24.762518,84.982348,NH3,5,10,7
India,Bihar,Hajipur,"Industrial Area, Hajipur - BSPCB","22-09-2026 22:00:00",25.697189,85.2459,PM2.5,21,207,98
India,Bihar,Hajipur,"Industrial Area, Hajipur - BSPCB","22-09-2026 22:00:00",25.697189,85.2459,SO2,4,6,5
India,Bihar,Katihar,"Mirchaibari, Katihar - BSPCB","22-09-2026 22:00:00",25.560083,87.553265,NH3,0,1,1
India,Bihar,Katihar,"Mirchaibari, Katihar - BSPCB","22-09-2026 22:00:00",25.560083,87.553265,OZONE,14,50,29
India,Bihar,Saharsa,"Police Line, Saharsa - BSPCB","22-09-2026 22:00:00",25.892357,86.590325,PM10,31,497,220
India,Bihar,Saharsa,"Police Line, Saharsa - BSPCB","22-09-2026 22:00:00",25.892357,86.590325,NH3,4,4,4
India,Bihar,Saharsa,"Police Line, Saharsa - BSPCB","22-09-2026 22:00:00",25.892357,86.590325,OZONE,8,14,11
India,Bihar,Samastipur,"DM Office_Kasipur, Samastipur - BSPCB","22-09-2026 22:00:00",25.859655,85.77944,PM10,20,194,64
India,Bihar,Samastipur,"DM Office_Kasipur, Samastipur - BSPCB","22-09-2026 22:00:00",25.859655,85.77944,NH3,1,2,1
India,Bihar,Sasaram,"Dada Peer, Sasaram - BSPCB","22-09-2026 22:00:00",24.952822,84.002396,NH3,NA,NA,NA
India,Bihar,Sasaram,"Dada Peer, Sasaram - BSPCB","22-09-2026 22:00:00",24.952822,84.002396,CO,NA,NA,NA
India,Bihar,Sasaram,"Dada Peer, Sasaram - BSPCB","22-09-2026 22:00:00",24.952822,84.002396,OZONE,NA,NA,NA
India,Chandigarh,Chandigarh,"Sector-25, Chandigarh - CPCC","22-09-2026 22:00:00",30.751462,76.762879,PM10,44,90,68
India,Chandigarh,Chandigarh,"Sector-25, Chandigarh - CPCC","22-09-2026 22:00:00",30.751462,76.762879,NO2,6,53,17
India,Bihar,Kishanganj,"SDM Office_Khagra, Kishanganj - BSPCB","22-09-2026 22:00:00",26.0881305,87.93840336,PM10,31,53,40
India,Bihar,Kishanganj,"SDM Office_Khagra, Kishanganj - BSPCB","22-09-2026 22:00:00",26.0881305,87.93840336,NO2,7,8,8
India,Bihar,Kishanganj,"SDM Office_Khagra, Kishanganj - BSPCB","22-09-2026 22:00:00",26.0881305,87.93840336,CO,34,42,39
India,Bihar,Munger,"Town Hall, Munger - BSPCB","22-09-2026 22:00:00",25.376776,86.471523,PM2.5,NA,NA,NA
India,Bihar,Munger,"Town Hall, Munger - BSPCB","22-09-2026 22:00:00",25.376776,86.471523,NH3,3,3,3
India,Bihar,Munger,"Town Hall, Munger - BSPCB","22-09-2026 22:00:00",25.376776,86.471523,SO2,67,80,74
India,Bihar,Patna,"Govt. High School Shikarpur, Patna - BSPCB","22-09-2026 22:00:00",25.592539,85.227158,PM2.5,36,48,41
India,Bihar,Patna,"Govt. High School Shikarpur, Patna - BSPCB","22-09-2026 22:00:00",25.592539,85.227158,NO2,5,7,6
India,Bihar,Patna,"Govt. High School Shikarpur, Patna - BSPCB","22-09-2026 22:00:00",25.592539,85.227158,NH3,6,6,6
India,Bihar,Purnia,"Mariam Nagar, Purnia - BSPCB","22-09-2026 22:00:00",25.366336,87.117468,CO,56,58,57
India,Bihar,Rajgir,"Dangi Tola, Rajgir - BSPCB","22-09-2026 22:00:00",25.0328,85.41948,PM10,17,225,29
India,Bihar,Patna,"Samanpura, Patna - BSPCB","22-09-2026 22:00:00",25.596727,85.085624,NH3,4,7,5
India,Bihar,Patna,"Muradpur, Patna - BSPCB","22-09-2026 22:00:00",25.619651,85.147382,PM10,46,75,58
India,Bihar,Patna,"Muradpur, Patna - BSPCB","22-09-2026 22:00:00",25.619651,85.147382,SO2,8,9,8
India,Bihar,Patna,"DRM Office Danapur, Patna - BSPCB","22-09-2026 22:00:00",25.586562,85.043586,NO2,19,25,23
India,Bihar,Patna,"DRM Office Danapur, Patna - BSPCB","22-09-2026 22:00:00",25.586562,85.043586,CO,27,39,32
India,Bihar,Patna,"DRM Office Danapur, Patna - BSPCB","22-09-2026 22:00:00",25.586562,85.043586,OZONE,15,41,24
India,Bihar,Muzaffarpur,"Buddha Colony, Muzaffarpur - BSPCB","22-09-2026 22:00:00",26.11442,85.39813,CO,10,24,16
India,Bihar,Patna,"Samanpura, Patna - BSPCB","22-09-2026 22:00:00",25.596727,85.085624,PM10,68,89,82
India,Bihar,Bhagalpur,"DM Office_Kachari Chowk, Bhagalpur - BSPCB","22-09-2026 22:00:00",25.251013,86.989001,NH3,4,4,4
India,Bihar,Begusarai,"Lohiyanagar, Begusarai - BSPCB","22-09-2026 22:00:00",25.42742023,86.13886079,OZONE,36,43,39
India,Bihar,Bettiah,"Kamalnath Nagar, Bettiah - BSPCB","22-09-2026 22:00:00",26.80365,84.51954,SO2,10,16,13
India,Chhattisgarh,Milupara,"Govt. Higher Secondary School, Milupara - CECB","22-09-2026 22:00:00",22.1910172,83.5197009,PM10,9,37,21
India,Chhattisgarh,Milupara,"Govt. Higher Secondary School, Milupara - CECB","22-09-2026 22:00:00",22.1910172,83.5197009,OZONE,8,10,10
India,Chhattisgarh,Raipur,"Krishak Nagar, Raipur - CECB","22-09-2026 22:00:00",21.237755,81.705301,PM10,57,92,76
India,Chhattisgarh,Raipur,"Krishak Nagar, Raipur - CECB","22-09-2026 22:00:00",21.237755,81.705301,CO,28,36,32
India,Chhattisgarh,Raipur,"Bhatagaon New ISBT, Raipur - CECB","22-09-2026 22:00:00",21.219665,81.630094,PM10,NA,NA,NA
India,Chhattisgarh,Raipur,"Bhatagaon New ISBT, Raipur - CECB","22-09-2026 22:00:00",21.219665,81.630094,NH3,2,2,2
India,Chhattisgarh,Raipur,"Bhatagaon New ISBT, Raipur - CECB","22-09-2026 22:00:00",21.219665,81.630094,OZONE,1,2,1
India,Chhattisgarh,Raipur,"AIIMS, Raipur - CECB","22-09-2026 22:00:00",21.258815,81.578979,CO,21,34,28
India,Chhattisgarh,Korba,"Urja Nagar, Korba - CECB","22-09-2026 22:00:00",22.348441,82.549611,NO2,3,8,4
India,Chhattisgarh,Korba,"Urja Nagar, Korba - CECB","22-09-2026 22:00:00",22.348441,82.549611,OZONE,5,5,5
India,Chhattisgarh,Korba,"Rampur, Korba - CECB","22-09-2026 22:00:00",22.368195,82.746431,PM10,8,23,13
India,Chhattisgarh,Korba,"Rampur, Korba - CECB","22-09-2026 22:00:00",22.368195,82.746431,NO2,NA,NA,NA
India,Chhattisgarh,Kunjemura,"OP Jindal School, Kunjemura - CECB","22-09-2026 22:00:00",22.12665,83.483212,NO2,5,20,12
India,Chhattisgarh,Milupara,"Govt. Higher Secondary School, Milupara - CECB","22-09-2026 22:00:00",22.1910172,83.5197009,PM2.5,2,15,7
India,Delhi,Delhi,"Cantonment Area, Delhi - DPCC","22-09-2026 22:00:00",28.594169,77.1251,SO2,2,6,4
India,Delhi,Delhi,"Cantonment Area, Delhi - DPCC","22-09-2026 22:00:00",28.594169,77.1251,OZONE,8,19,13
India,Delhi,Delhi,"Major Dhyan Chand National Stadium, Delhi - DPCC","22-09-2026 22:00:00",28.611281,77.237738,PM2.5,55,140,99
India,Delhi,Delhi,"Major Dhyan Chand National Stadium, Delhi - DPCC","22-09-2026 22:00:00",28.611281,77.237738,PM10,99,162,136
India,Delhi,Delhi,"Sonia Vihar, Delhi - DPCC","22-09-2026 22:00:00",28.710508,77.249485,CO,33,76,47
India,Delhi,Delhi,"Bawana, Delhi - DPCC","22-09-2026 22:00:00",28.7762,77.051074,SO2,27,31,28
India,Chhattisgarh,Bhilai,"Hathkhoj, Bhilai - CECB","22-09-2026 22:00:00",21.224231,81.40835,SO2,5,36,14
India,Chhattisgarh,Bhilai,"Hathkhoj, Bhilai - CECB","22-09-2026 22:00:00",21.224231,81.40835,CO,7,18,12
India,Chhattisgarh,Bhilai,"Civic Center, Bhilai - Bhilai Steel Plant","22-09-2026 22:00:00",21.185571,81.343175,OZONE,11,14,12
India,Chhattisgarh,Bilaspur,"Mangala, Bilaspur - NTPC","22-09-2026 22:00:00",22.08815,82.13737,NO2,NA,NA,NA
India,Chhattisgarh,Bilaspur,"Mangala, Bilaspur - NTPC","22-09-2026 22:00:00",22.08815,82.13737,OZONE,NA,NA,NA
India,Delhi,Delhi,"Wazirpur, Delhi - DPCC","22-09-2026 22:00:00",28.699793,77.165453,SO2,8,17,13
India,Delhi,Delhi,"Narela, Delhi - DPCC","22-09-2026 22:00:00",28.822836,77.101981,PM2.5,77,335,183
India,Delhi,Delhi,"Cantonment Area, Delhi - DPCC","22-09-2026 22:00:00",28.594169,77.1251,PM2.5,32,59,46
India,Chhattisgarh,Chhal,"Nawapara SECL Colony, Chhal - CECB","22-09-2026 22:00:00",22.118125,83.140608,CO,20,24,22
India,Chhattisgarh,Chhal,"Nawapara SECL Colony, Chhal - CECB","22-09-2026 22:00:00",22.118125,83.140608,OZONE,47,54,50
India,Chhattisgarh,Tumidih,"OP Jindal Industrial Park, Tumidih - CECB","22-09-2026 22:00:00",22.06631475,83.33820077,PM2.5,6,26,13
India,Chhattisgarh,Chhal,"Nawapara SECL Colony, Chhal - CECB","22-09-2026 22:00:00",22.118125,83.140608,NO2,3,7,5
India,Chandigarh,Chandigarh,"Sector 22, Chandigarh - CPCC","22-09-2026 22:00:00",30.735567,76.775714,NO2,5,17,11
India,Delhi,Delhi,"Jahangirpuri, Delhi - DPCC","22-09-2026 22:00:00",28.73282,77.170633,OZONE,6,32,18
India,Delhi,Delhi,"IHBAS, Dilshad Garden, Delhi - CPCB","22-09-2026 22:00:00",28.6811736,77.3025234,OZONE,7,22,15
India,Delhi,Delhi,"Sri Aurobindo Marg, Delhi - DPCC","22-09-2026 22:00:00",28.531346,77.190156,NH3,4,5,5
India,Delhi,Delhi,"Sri Aurobindo Marg, Delhi - DPCC","22-09-2026 22:00:00",28.531346,77.190156,SO2,0,12,7
India,Delhi,Delhi,"Nehru Nagar, Delhi - DPCC","22-09-2026 22:00:00",28.56789,77.250515,PM10,148,268,177
India,Delhi,Delhi,"Nehru Nagar, Delhi - DPCC","22-09-2026 22:00:00",28.56789,77.250515,CO,45,75,57
India,Delhi,Delhi,"Patparganj, Delhi - DPCC","22-09-2026 22:00:00",28.623763,77.287209,PM10,162,261,193
India,Delhi,Delhi,"Patparganj, Delhi - DPCC","22-09-2026 22:00:00",28.623763,77.287209,SO2,6,11,9
India,Delhi,Delhi,"Jawaharlal Nehru Stadium, Delhi - DPCC","22-09-2026 22:00:00",28.58028,77.233829,NO2,20,73,42
India,Delhi,Delhi,"Jawaharlal Nehru Stadium, Delhi - DPCC","22-09-2026 22:00:00",28.58028,77.233829,SO2,20,30,24
India,Delhi,Delhi,"Jawaharlal Nehru Stadium, Delhi - DPCC","22-09-2026 22:00:00",28.58028,77.233829,CO,16,56,30
India,Delhi,Delhi,"Najafgarh, Delhi - DPCC","22-09-2026 22:00:00",28.570173,76.933762,PM2.5,15,233,114
India,Delhi,Delhi,"Punjabi Bagh, Delhi - DPCC","22-09-2026 22:00:00",28.674045,77.131023,OZONE,16,60,36
India,Delhi,Delhi,"DTU, Delhi - CPCB","22-09-2026 22:00:00",28.7500499,77.1112615,NH3,3,11,8
India,Delhi,Delhi,"Dwarka-Sector 8, Delhi - DPCC ","22-09-2026 22:00:00",28.5710274,77.0719006,PM10,118,410,192
India,Delhi,Delhi,"Dwarka-Sector 8, Delhi - DPCC ","22-09-2026 22:00:00",28.5710274,77.0719006,NH3,0,10,5
India,Delhi,Delhi,"Shadipur, Delhi - CPCB","22-09-2026 22:00:00",28.6514781,77.1473105,PM10,111,218,149
India,Delhi,Delhi,"Shadipur, Delhi - CPCB","22-09-2026 22:00:00",28.6514781,77.1473105,NO2,61,86,70
India,Delhi,Delhi,"Mandir Marg, Delhi - DPCC","22-09-2026 22:00:00",28.636429,77.201067,PM10,NA,NA,NA
India,Delhi,Delhi,"Okhla Phase-2, Delhi - DPCC","22-09-2026 22:00:00",28.530785,77.271255,PM10,144,185,162
India,Delhi,Delhi,"Okhla Phase-2, Delhi - DPCC","22-09-2026 22:00:00",28.530785,77.271255,NH3,3,9,6
India,Delhi,Delhi,"Okhla Phase-2, Delhi - DPCC","22-09-2026 22:00:00",28.530785,77.271255,SO2,9,14,11
India,Delhi,Delhi,"Rohini, Delhi - DPCC","22-09-2026 22:00:00",28.732528,77.11992,PM2.5,80,310,184
India,Delhi,Delhi,"Vivek Vihar, Delhi - DPCC","22-09-2026 22:00:00",28.672342,77.31526,CO,53,121,75
India,Delhi,Delhi,"NSUT Jaffarpur, Delhi - DPCC","22-09-2026 22:00:00",28.594004,76.909423,NH3,4,7,5
India,Delhi,Delhi,"Ashok Vihar, Delhi - DPCC","22-09-2026 22:00:00",28.695381,77.181665,PM10,111,241,152
India,Delhi,Delhi,"Ashok Vihar, Delhi - DPCC","22-09-2026 22:00:00",28.695381,77.181665,NO2,20,94,39
India,Delhi,Delhi,"Anand Vihar, Delhi - DPCC","22-09-2026 22:00:00",28.647622,77.315809,NO2,15,49,28
India,Delhi,Delhi,"Najafgarh, Delhi - DPCC","22-09-2026 22:00:00",28.570173,76.933762,PM10,90,195,125
India,Delhi,Delhi,"Najafgarh, Delhi - DPCC","22-09-2026 22:00:00",28.570173,76.933762,NH3,5,8,6
India,Delhi,Delhi,"Mundka, Delhi - DPCC","22-09-2026 22:00:00",28.684678,77.076574,PM10,127,205,164
India,Delhi,Delhi,"Mundka, Delhi - DPCC","22-09-2026 22:00:00",28.684678,77.076574,NH3,6,8,7
India,Delhi,Delhi,"IGI Airport (T3), Delhi - IITM","22-09-2026 22:00:00",28.5627763,77.1180053,PM10,107,283,157
India,Delhi,Delhi,"IGI Airport (T3), Delhi - IITM","22-09-2026 22:00:00",28.5627763,77.1180053,NO2,26,132,80
India,Delhi,Delhi,"Sirifort, Delhi - CPCB","22-09-2026 22:00:00",28.5504249,77.2159377,NH3,5,8,6
India,Delhi,Delhi,"Sirifort, Delhi - CPCB","22-09-2026 22:00:00",28.5504249,77.2159377,SO2,20,28,26
India,Delhi,Delhi,"Chandni Chowk, Delhi - IITM","22-09-2026 22:00:00",28.656756,77.227234,PM10,111,225,153
India,Delhi,Delhi,"Pusa, Delhi - DPCC","22-09-2026 22:00:00",28.639652,77.146275,NO2,30,82,51
India,Delhi,Delhi,"Aya Nagar, Delhi - IITM","22-09-2026 22:00:00",28.4706914,77.1099364,PM2.5,79,213,132
India,Delhi,Delhi,"Aya Nagar, Delhi - IITM","22-09-2026 22:00:00",28.4706914,77.1099364,PM10,80,184,120
India,Delhi,Delhi,"Aya Nagar, Delhi - IITM","22-09-2026 22:00:00",28.4706914,77.1099364,SO2,NA,NA,NA
India,Delhi,Delhi,"Aya Nagar, Delhi - IITM","22-09-2026 22:00:00",28.4706914,77.1099364,CO,47,67,54
India,Delhi,Delhi,"CRRI Mathura Road, Delhi - IITM","22-09-2026 22:00:00",28.5512005,77.2735737,PM10,143,314,195
India,Delhi,Delhi,"CRRI Mathura Road, Delhi - IITM","22-09-2026 22:00:00",28.5512005,77.2735737,CO,41,127,69
India,Delhi,Delhi,"Burari Crossing, Delhi - IITM","22-09-2026 22:00:00",28.7256504,77.2011573,SO2,NA,NA,NA
India,Delhi,Delhi,"Burari Crossing, Delhi - IITM","22-09-2026 22:00:00",28.7256504,77.2011573,OZONE,27,300,152
India,Delhi,Delhi,"IMD Lodhi Road, Delhi - IITM","22-09-2026 22:00:00",28.5918245,77.2273074,PM10,112,209,149
India,Delhi,Delhi,"JNU, Delhi - DPCC","22-09-2026 22:00:00",28.540721,77.168544,PM2.5,63,236,152
India,Delhi,Delhi,"JNU, Delhi - DPCC","22-09-2026 22:00:00",28.540721,77.168544,NO2,13,69,42
India,Delhi,Delhi,"JNU, Delhi - DPCC","22-09-2026 22:00:00",28.540721,77.168544,OZONE,14,42,25
India,Delhi,Delhi,"ITO, Delhi - CPCB","22-09-2026 22:00:00",28.628624,77.24106,NH3,4,6,5
India,Gujarat,Ahmedabad,"SAC ISRO Bopal, Ahmedabad - IITM","22-09-2026 22:00:00",23.041137,72.456691,OZONE,10,30,22
India,Gujarat,Ankleshwar,"GIDC, Ankleshwar - GPCB","22-09-2026 22:00:00",21.613267,73.010555,PM2.5,59,151,95
India,Gujarat,Ankleshwar,"GIDC, Ankleshwar - GPCB","22-09-2026 22:00:00",21.613267,73.010555,CO,38,71,51
India,Gujarat,Ankleshwar,"GIDC, Ankleshwar - GPCB","22-09-2026 22:00:00",21.613267,73.010555,OZONE,23,63,35
India,Gujarat,Bhavnagar,"Vidhyanagar, Bhavnagar - Nexteng Enviro","22-09-2026 22:00:00",21.755417,72.139056,NO2,31,39,36
India,Gujarat,Bhavnagar,"Vidhyanagar, Bhavnagar - Nexteng Enviro","22-09-2026 22:00:00",21.755417,72.139056,CO,66,69,68
India,Gujarat,Gandhinagar,"Sector-10, Gandhinagar - GPCB","22-09-2026 22:00:00",23.221714,72.654328,NH3,1,1,1
India,Gujarat,Gandhinagar,"Sector-10, Gandhinagar - GPCB","22-09-2026 22:00:00",23.221714,72.654328,SO2,5,8,7
India,Delhi,Delhi,"IGNOU_Maidan Garhi, Delhi - DPCC","22-09-2026 22:00:00",28.493624,77.201159,NH3,0,7,2
India,Delhi,Delhi,"IGNOU_Maidan Garhi, Delhi - DPCC","22-09-2026 22:00:00",28.493624,77.201159,OZONE,6,19,12
India,Delhi,Delhi,"Commonwealth Sports Complex, Delhi - DPCC","22-09-2026 22:00:00",28.615828,77.271992,OZONE,7,224,97
India,Delhi,Delhi,"Talkatora Garden, Delhi - DPCC","22-09-2026 22:00:00",28.62181,77.1944633,PM10,90,147,122
India,Delhi,Delhi,"Talkatora Garden, Delhi - DPCC","22-09-2026 22:00:00",28.62181,77.1944633,SO2,1,4,2
India,Delhi,Delhi,"NSIT Dwarka, Delhi - CPCB","22-09-2026 22:00:00",28.60909,77.0325413,PM10,96,137,114
India,Delhi,Delhi,"NSIT Dwarka, Delhi - CPCB","22-09-2026 22:00:00",28.60909,77.0325413,NO2,14,46,34
India,Gujarat,Ahmedabad,"Chandkheda, Ahmedabad - IITM","22-09-2026 22:00:00",23.107969,72.574648,PM10,58,147,109
India,Gujarat,Ahmedabad,"Chandkheda, Ahmedabad - IITM","22-09-2026 22:00:00",23.107969,72.574648,CO,13,61,34
India,Gujarat,Ahmedabad,"SVPI Airport Hansol, Ahmedabad - IITM","22-09-2026 22:00:00",23.076793,72.627874,SO2,4,40,8
India,Gujarat,Ahmedabad,"SVPI Airport Hansol, Ahmedabad - IITM","22-09-2026 22:00:00",23.076793,72.627874,CO,41,105,61
India,Gujarat,Ahmedabad,"SVPI Airport Hansol, Ahmedabad - IITM","22-09-2026 22:00:00",23.076793,72.627874,OZONE,3,22,14
India,Gujarat,Ahmedabad,"Raikhad, Ahmedabad - IITM","22-09-2026 22:00:00",23.020509,72.579261,NH3,2,4,3
India,Gujarat,Ahmedabad,"Maninagar, Ahmedabad - GPCB","22-09-2026 22:00:00",23.002657,72.591912,NH3,NA,NA,NA
India,Delhi,Delhi,"R K Puram, Delhi - DPCC","22-09-2026 22:00:00",28.563262,77.186937,SO2,28,31,30
India,Delhi,Delhi,"R K Puram, Delhi - DPCC","22-09-2026 22:00:00",28.563262,77.186937,OZONE,1,72,32
India,Delhi,Delhi,"North Campus, DU, Delhi - IITM","22-09-2026 22:00:00",28.6573814,77.1585447,PM10,123,311,178
India,Delhi,Delhi,"Alipur, Delhi - DPCC","22-09-2026 22:00:00",28.815329,77.15301,PM10,123,275,182
India,Gujarat,Ahmedabad,"SAC ISRO Satellite, Ahmedabad - IITM","22-09-2026 22:00:00",23.023389,72.515201,PM10,60,115,83
India,Gujarat,Ahmedabad,"SAC ISRO Satellite, Ahmedabad - IITM","22-09-2026 22:00:00",23.023389,72.515201,NO2,11,26,21
India,Gujarat,Ahmedabad,"Gyaspur, Ahmedabad - IITM","22-09-2026 22:00:00",22.977134,72.553024,NO2,9,32,21
India,Gujarat,Gandhinagar,"GIFT City, Gandhinagar - IITM","22-09-2026 22:00:00",23.163798,72.677768,NO2,22,58,39
India,Gujarat,Gandhinagar,"GIFT City, Gandhinagar - IITM","22-09-2026 22:00:00",23.163798,72.677768,CO,6,46,27
India,Gujarat,Gandhinagar,"Sector-10, Gandhinagar - GPCB","22-09-2026 22:00:00",23.221714,72.654328,OZONE,6,22,15
India,Gujarat,Gandhinagar,"GIFT City, Gandhinagar - IITM","22-09-2026 22:00:00",23.163798,72.677768,PM10,NA,NA,NA
India,Haryana,Gurugram,"Vikas Sadan, Gurugram - HSPCB","22-09-2026 22:00:00",28.4501238,77.0263051,CO,25,64,48
India,Haryana,Hisar,"Urban Estate-II, Hisar - HSPCB","22-09-2026 22:00:00",29.14056,75.744941,NH3,8,11,10
India,Haryana,Jind,"Police Lines, Jind - HSPCB","22-09-2026 22:00:00",29.307814,76.337619,PM2.5,129,195,164
India,Haryana,Jind,"Police Lines, Jind - HSPCB","22-09-2026 22:00:00",29.307814,76.337619,OZONE,8,11,9
India,Haryana,Kaithal,"Rishi Nagar, Kaithal - HSPCB","22-09-2026 22:00:00",29.8006,76.4155,PM2.5,84,114,98
India,Haryana,Dharuhera,"Municipal Corporation Office, Dharuhera -  HSPCB","22-09-2026 22:00:00",28.2068,76.7997,SO2,6,13,8
India,Haryana,Faridabad,"Sector 30, Faridabad - HSPCB","22-09-2026 22:00:00",28.4417,77.3217,PM2.5,54,63,57
India,Haryana,Faridabad,"Sector 30, Faridabad - HSPCB","22-09-2026 22:00:00",28.4417,77.3217,NO2,36,39,38
India,Haryana,Faridabad,"Sector 30, Faridabad - HSPCB","22-09-2026 22:00:00",28.4417,77.3217,NH3,6,7,7
India,Haryana,Faridabad,"Sector 30, Faridabad - HSPCB","22-09-2026 22:00:00",28.4417,77.3217,SO2,2,4,2
India,Haryana,Faridabad,"Sector 30, Faridabad - HSPCB","22-09-2026 22:00:00",28.4417,77.3217,CO,25,79,44
India,Gujarat,Vatva,"Phase-4 GIDC, Vatva - GPCB","22-09-2026 22:00:00",22.969611,72.6435,SO2,33,66,53
India,Gujarat,Vatva,"Phase-4 GIDC, Vatva - GPCB","22-09-2026 22:00:00",22.969611,72.6435,OZONE,10,27,24
India,Haryana,Ambala,"Patti Mehar, Ambala - HSPCB","22-09-2026 22:00:00",30.379589,76.778328,CO,27,52,43
India,Haryana,Bahadurgarh,"Arya Nagar, Bahadurgarh - HSPCB","22-09-2026 22:00:00",28.6701,76.9254,NH3,6,9,8
India,Gujarat,Mehsana,"Sadanand Nagar, Mehsana - Nexteng Enviro","22-09-2026 22:00:00",23.59315,72.372792,SO2,15,16,16
India,Gujarat,Mehsana,"Sadanand Nagar, Mehsana - Nexteng Enviro","22-09-2026 22:00:00",23.59315,72.372792,CO,44,47,45
India,Gujarat,Nandesari,"GIDC, Nandesari - Nandesari Ind. Association","22-09-2026 22:00:00",22.410802,73.097923,PM2.5,39,159,86
India,Haryana,Gurugram,"NISE Gwal Pahari, Gurugram - IITM","22-09-2026 22:00:00",28.422681,77.148944,PM10,108,250,155
India,Haryana,Gurugram,"Vikas Sadan, Gurugram - HSPCB","22-09-2026 22:00:00",28.4501238,77.0263051,PM2.5,12,500,405
India,Haryana,Gurugram,"Vikas Sadan, Gurugram - HSPCB","22-09-2026 22:00:00",28.4501238,77.0263051,SO2,7,24,14
India,Haryana,Faridabad,"Sector 11, Faridabad - HSPCB","22-09-2026 22:00:00",28.376058,77.315741,SO2,3,8,6
India,Haryana,Faridabad,"New Industrial Town, Faridabad - HSPCB","22-09-2026 22:00:00",28.39072,77.30059,PM2.5,52,73,58
India,Haryana,Bahadurgarh,"Arya Nagar, Bahadurgarh - HSPCB","22-09-2026 22:00:00",28.6701,76.9254,OZONE,18,47,33
India,Haryana,Ballabgarh,"Nathu Colony, Ballabgarh - HSPCB","22-09-2026 22:00:00",28.3419248,77.319699,PM2.5,35,97,61
India,Gujarat,Gandhinagar,"IIPHG Lekawada, Gandhinagar - IITM","22-09-2026 22:00:00",23.243639,72.68994,CO,8,33,17
India,Haryana,Kaithal,"Rishi Nagar, Kaithal - HSPCB","22-09-2026 22:00:00",29.8006,76.4155,CO,14,23,19
India,Karnataka,Bengaluru,"Hebbal, Bengaluru - KSPCB","22-09-2026 22:00:00",13.029152,77.585901,NO2,17,24,21
India,Karnataka,Bengaluru,"Hebbal, Bengaluru - KSPCB","22-09-2026 22:00:00",13.029152,77.585901,OZONE,2,9,4
India,Karnataka,Bengaluru,"Hombegowda Nagar, Bengaluru - KSPCB","22-09-2026 22:00:00",12.938539,77.5901,PM10,12,65,38
India,Karnataka,Bengaluru,"Hombegowda Nagar, Bengaluru - KSPCB","22-09-2026 22:00:00",12.938539,77.5901,NH3,1,1,1
India,Karnataka,Bengaluru,"Peenya, Bengaluru - CPCB","22-09-2026 22:00:00",13.0270199,77.494094,SO2,6,17,11
India,Karnataka,Bengaluru,"Peenya, Bengaluru - CPCB","22-09-2026 22:00:00",13.0270199,77.494094,CO,23,52,37
India,Karnataka,Bengaluru,"Peenya, Bengaluru - CPCB","22-09-2026 22:00:00",13.0270199,77.494094,OZONE,21,22,22
India,Karnataka,Bengaluru,"Jayanagar 5th Block, Bengaluru - KSPCB","22-09-2026 22:00:00",12.920984,77.584908,OZONE,15,51,33
India,"Jammu and Kashmir",Srinagar,"Rajbagh, Srinagar - JKPCC","22-09-2026 22:00:00",34.066206,74.81982,CO,7,78,20
India,"Jammu and Kashmir",Srinagar,"Khunmoh, Srinagar - JKPCC","22-09-2026 22:00:00",34.06313,74.96017,PM2.5,3,14,7
India,"Jammu and Kashmir",Srinagar,"Khunmoh, Srinagar - JKPCC","22-09-2026 22:00:00",34.06313,74.96017,NO2,8,57,25
India,Jharkhand,Dhanbad,"Sardar Patel Nagar, Dhanbad - JSPCB","22-09-2026 22:00:00",23.80569,86.44268,CO,NA,NA,NA
India,Karnataka,Belgaum,"Ramteerth Nagar, Belgaum - KSPCB","22-09-2026 22:00:00",15.888653,74.541751,PM2.5,NA,NA,NA
India,Karnataka,Belgaum,"Ramteerth Nagar, Belgaum - KSPCB","22-09-2026 22:00:00",15.888653,74.541751,NO2,NA,NA,NA
India,Haryana,Rohtak,"MD University, Rohtak - HSPCB","22-09-2026 22:00:00",28.52123,76.37138,PM2.5,72,98,83
India,Haryana,Rohtak,"MD University, Rohtak - HSPCB","22-09-2026 22:00:00",28.52123,76.37138,NH3,NA,NA,NA
India,Haryana,Sirsa,"F-Block, Sirsa - HSPCB","22-09-2026 22:00:00",29.5364,75.0158,PM2.5,2,71,41
India,Haryana,Sonipat,"Murthal, Sonipat - HSPCB","22-09-2026 22:00:00",29.0272,77.0621,NH3,8,9,9
India,Haryana,"Yamuna Nagar","Gobind Pura, Yamuna Nagar - HSPCB","22-09-2026 22:00:00",30.1480566,77.2893471,NO2,11,20,16
India,Haryana,Mandikhera,"General Hospital, Mandikhera(Nuh) - HSPCB","22-09-2026 22:00:00",27.9002,76.9938,NH3,14,14,14
India,Haryana,Manesar,"Sector-2 IMT, Manesar - HSPCB","22-09-2026 22:00:00",28.360699,76.93609,PM2.5,65,315,192
India,Haryana,Narnaul,"Shastri Nagar, Narnaul - HSPCB","22-09-2026 22:00:00",28.060249,76.113115,PM2.5,49,220,89
India,Haryana,Palwal,"Shyam Nagar, Palwal - HSPCB","22-09-2026 22:00:00",28.1485564,77.3320667,PM10,43,71,57
India,Haryana,Palwal,"Shyam Nagar, Palwal - HSPCB","22-09-2026 22:00:00",28.1485564,77.3320667,NO2,23,24,24
India,Haryana,Panchkula,"Sector-6, Panchkula - HSPCB ","22-09-2026 22:00:00",30.7057778,76.8531805555555,NO2,NA,NA,NA
India,Haryana,Panchkula,"Sector-6, Panchkula - HSPCB ","22-09-2026 22:00:00",30.7057778,76.8531805555555,SO2,NA,NA,NA
India,Karnataka,Bengaluru,"City Railway Station, Bengaluru - KSPCB","22-09-2026 22:00:00",12.9756843,77.5660749,OZONE,NA,NA,NA
India,Karnataka,Bengaluru,"Bapuji Nagar, Bengaluru - KSPCB","22-09-2026 22:00:00",12.951913,77.539784,PM2.5,9,45,24
India,Karnataka,Bengaluru,"Bapuji Nagar, Bengaluru - KSPCB","22-09-2026 22:00:00",12.951913,77.539784,NO2,21,26,23
India,Haryana,Kurukshetra,"Sector-7, Kurukshetra - HSPCB","22-09-2026 22:00:00",29.966942,76.875879,PM10,88,122,101
India,Haryana,Kurukshetra,"Sector-7, Kurukshetra - HSPCB","22-09-2026 22:00:00",29.966942,76.875879,NH3,4,5,5
India,Haryana,Panchkula,"Sector-6, Panchkula - HSPCB ","22-09-2026 22:00:00",30.7057778,76.8531805555555,OZONE,33,43,40
India,Haryana,Kurukshetra,"Sector-7, Kurukshetra - HSPCB","22-09-2026 22:00:00",29.966942,76.875879,CO,14,30,23
India,Karnataka,Ramanagara,"Vijay Nagar, Ramanagara - KSPCB","22-09-2026 22:00:00",12.733409,77.298051,NO2,NA,NA,NA
India,Karnataka,Ramanagara,"Vijay Nagar, Ramanagara - KSPCB","22-09-2026 22:00:00",12.733409,77.298051,NH3,NA,NA,NA
India,Karnataka,Ramanagara,"Vijay Nagar, Ramanagara - KSPCB","22-09-2026 22:00:00",12.733409,77.298051,SO2,16,19,17
India,Karnataka,Udupi,"Brahmagiri, Udupi - KSPCB","22-09-2026 22:00:00",13.34194444,74.74694444,NO2,7,13,10
India,Karnataka,Udupi,"Brahmagiri, Udupi - KSPCB","22-09-2026 22:00:00",13.34194444,74.74694444,OZONE,14,28,18
India,Karnataka,Yadgir,"Collector Office, Yadgir - KSPCB","22-09-2026 22:00:00",16.7602,77.1428,NO2,NA,NA,NA
India,Karnataka,Yadgir,"Collector Office, Yadgir - KSPCB","22-09-2026 22:00:00",16.7602,77.1428,SO2,NA,NA,NA
India,Karnataka,Bengaluru,"BTM Layout, Bengaluru - CPCB","22-09-2026 22:00:00",12.9135218,77.5950804,SO2,13,15,15
India,Karnataka,Bengaluru,"Silk Board, Bengaluru - KSPCB","22-09-2026 22:00:00",12.917348,77.622813,PM10,32,169,100
India,Karnataka,Bengaluru,"Silk Board, Bengaluru - KSPCB","22-09-2026 22:00:00",12.917348,77.622813,OZONE,9,15,13
India,Karnataka,Chamarajanagar,"Urban, Chamarajanagar - KSPCB","22-09-2026 22:00:00",11.55358,76.55521,PM10,44,46,45
India,Kerala,Kannur,"Thavakkara, Kannur - Kerala PCB","22-09-2026 22:00:00",11.875,75.3732,PM10,NA,NA,NA
India,Kerala,Kannur,"Thavakkara, Kannur - Kerala PCB","22-09-2026 22:00:00",11.875,75.3732,SO2,NA,NA,NA
India,Kerala,Kannur,"Thavakkara, Kannur - Kerala PCB","22-09-2026 22:00:00",11.875,75.3732,CO,19,22,21
India,Kerala,Thiruvananthapuram,"Plammoodu, Thiruvananthapuram - Kerala PCB","22-09-2026 22:00:00",8.5149093,76.9435879,OZONE,11,18,15
India,Karnataka,Chamarajanagar,"Urban, Chamarajanagar - KSPCB","22-09-2026 22:00:00",11.55358,76.55521,CO,23,23,23
India,Karnataka,Chamarajanagar,"Urban, Chamarajanagar - KSPCB","22-09-2026 22:00:00",11.55358,76.55521,OZONE,26,26,26
India,Karnataka,Chikkaballapur,"Chikkaballapur Rural, Chikkaballapur - KSPCB","22-09-2026 22:00:00",13.428828,77.731418,CO,18,64,37
India,Karnataka,Chikkaballapur,"Chikkaballapur Rural, Chikkaballapur - KSPCB","22-09-2026 22:00:00",13.428828,77.731418,OZONE,19,19,19
India,Karnataka,Kolar,"Tamaka Ind. Area, Kolar - KSPCB","22-09-2026 22:00:00",13.1276288,78.1570122,NO2,NA,NA,NA
India,Karnataka,Kolar,"Tamaka Ind. Area, Kolar - KSPCB","22-09-2026 22:00:00",13.1276288,78.1570122,SO2,NA,NA,NA
India,Karnataka,Madikeri,"Stuart Hill, Madikeri - KSPCB","22-09-2026 22:00:00",12.415911,75.73505,CO,7,11,9
India,Kerala,Thiruvananthapuram,"Kariavattom, Thiruvananthapuram - Kerala PCB","22-09-2026 22:00:00",8.5637,76.8865,NO2,6,7,6
India,Karnataka,Chikkamagaluru,"Kalyana Nagara, Chikkamagaluru - KSPCB","22-09-2026 22:00:00",13.328028,75.797056,SO2,1,2,2
India,Karnataka,Dharwad,"Kalabhavan, Dharwad - KSPCB","22-09-2026 22:00:00",15.459706,75.008381,CO,37,44,41
India,Karnataka,Mangalore,"Kadri, Mangalore - KSPCB","22-09-2026 22:00:00",12.88925,74.853,SO2,NA,NA,NA
India,"Madhya Pradesh",Jabalpur,"Marhatal, Jabalpur - MPPCB","22-09-2026 22:00:00",23.168606,79.932247,CO,91,124,112
India,"Madhya Pradesh",Jabalpur,"Govindh Bhavan Colony, Jabalpur - JMC","22-09-2026 22:00:00",23.163174,79.973061,SO2,1,3,2
India,"Madhya Pradesh",Jabalpur,"Suhagi, Jabalpur - JMC","22-09-2026 22:00:00",23.218135,79.95777,PM2.5,22,68,38
India,"Madhya Pradesh",Jabalpur,"Suhagi, Jabalpur - JMC","22-09-2026 22:00:00",23.218135,79.95777,PM10,23,125,61
India,"Madhya Pradesh",Jabalpur,"Suhagi, Jabalpur - JMC","22-09-2026 22:00:00",23.218135,79.95777,NH3,6,6,6
India,"Madhya Pradesh",Jabalpur,"Suhagi, Jabalpur - JMC","22-09-2026 22:00:00",23.218135,79.95777,CO,31,75,54
India,"Madhya Pradesh",Jabalpur,"Gupteshwar, Jabalpur - JMC","22-09-2026 22:00:00",23.142888,79.916147,NH3,2,2,2
India,"Madhya Pradesh",Katni,"Gole Bazar, Katni - MPPCB","22-09-2026 22:00:00",23.50016,80.23284,SO2,12,38,24
India,"Madhya Pradesh",Gwalior,"City Center, Gwalior - MPPCB","22-09-2026 22:00:00",26.203442,78.193251,SO2,8,32,17
India,"Madhya Pradesh",Gwalior,"Deen Dayal Nagar, Gwalior - MPPCB","22-09-2026 22:00:00",26.259242,78.216432,PM2.5,52,93,69
India,"Madhya Pradesh",Gwalior,"Deen Dayal Nagar, Gwalior - MPPCB","22-09-2026 22:00:00",26.259242,78.216432,NO2,34,67,51
India,"Madhya Pradesh",Indore,"Airport Area, Indore - IMC","22-09-2026 22:00:00",22.7289,75.8076,PM2.5,NA,NA,NA
India,Ladakh,Leh,"Skara Yokma, Leh - LPCC","22-09-2026 22:00:00",34.147096,77.55709,SO2,10,13,11
India,"Madhya Pradesh",Bhopal,"Idgah Hills, Bhopal - MPPCB","22-09-2026 22:00:00",23.264759,77.381568,SO2,4,6,4
India,"Madhya Pradesh",Bhopal,"T T Nagar, Bhopal - MPPCB","22-09-2026 22:00:00",23.233584,77.400574,PM10,60,99,77
India,"Madhya Pradesh",Bhopal,"T T Nagar, Bhopal - MPPCB","22-09-2026 22:00:00",23.233584,77.400574,NO2,17,37,22
India,"Madhya Pradesh",Bhopal,"T T Nagar, Bhopal - MPPCB","22-09-2026 22:00:00",23.233584,77.400574,OZONE,30,44,38
India,"Madhya Pradesh",Bhopal,"Paryavaran Parisar, Bhopal - MPPCB","22-09-2026 22:00:00",23.210494,77.425409,PM2.5,30,73,51
India,"Madhya Pradesh",Bhopal,"Paryavaran Parisar, Bhopal - MPPCB","22-09-2026 22:00:00",23.210494,77.425409,CO,14,35,21
India,"Madhya Pradesh",Dewas,"Bhopal Chauraha, Dewas - MPPCB","22-09-2026 22:00:00",22.9682591,76.064118,PM10,53,108,81
India,"Madhya Pradesh",Indore,"Residency Area, Indore - IMC","22-09-2026 22:00:00",22.7084,75.8815,CO,2,19,8
India,"Madhya Pradesh",Indore,"Maguda Nagar, Indore - IMC","22-09-2026 22:00:00",22.7524,75.8872,NH3,NA,NA,NA
India,Kerala,Thiruvananthapuram,"Kariavattom, Thiruvananthapuram - Kerala PCB","22-09-2026 22:00:00",8.5637,76.8865,SO2,4,4,4
India,"Madhya Pradesh",Gwalior,"Maharaj Bada, Gwalior - MPPCB","22-09-2026 22:00:00",26.200388,78.147714,NH3,3,8,6
India,"Madhya Pradesh",Indore,"Maguda Nagar, Indore - IMC","22-09-2026 22:00:00",22.7524,75.8872,SO2,17,21,19
India,Maharashtra,Jalgaon,"Prabhat Colony, Jalgaon - MPCB","22-09-2026 22:00:00",21.001264,75.565602,SO2,1,3,2
India,Maharashtra,Jalgaon,"Prabhat Colony, Jalgaon - MPCB","22-09-2026 22:00:00",21.001264,75.565602,CO,17,81,30
India,Maharashtra,Jalgaon,"Prabhat Colony, Jalgaon - MPCB","22-09-2026 22:00:00",21.001264,75.565602,OZONE,18,58,40
India,Maharashtra,Jalna,"Old MIDC, Jalna - MPCB","22-09-2026 22:00:00",19.854616,75.905894,SO2,NA,NA,NA
India,Maharashtra,Kalyan,"Pimpleshwar Mandir, Kalyan - MPCB","22-09-2026 22:00:00",19.192056,72.9585188,PM2.5,15,89,50
India,Maharashtra,Kalyan,"Pimpleshwar Mandir, Kalyan - MPCB","22-09-2026 22:00:00",19.192056,72.9585188,OZONE,29,37,33
India,Maharashtra,Kalyan,"Khadakpada, Kalyan - MPCB","22-09-2026 22:00:00",19.25292,73.142019,NH3,1,1,1
India,Maharashtra,Kalyan,"Khadakpada, Kalyan - MPCB","22-09-2026 22:00:00",19.25292,73.142019,SO2,NA,NA,NA
India,Maharashtra,Kolhapur,"Sinchan Bhavan, Kolhapur - MPCB","22-09-2026 22:00:00",16.7143745,74.2426398,SO2,NA,NA,NA
India,Maharashtra,Mahad,"Kamble Tarf Birwadi, Mahad - MPCB","22-09-2026 22:00:00",18.1023399,73.4783687,NH3,5,5,5
India,Maharashtra,Mahad,"Kamble Tarf Birwadi, Mahad - MPCB","22-09-2026 22:00:00",18.1023399,73.4783687,OZONE,21,41,36
India,Maharashtra,Malegaon,"Mahesh Nagar, Malegaon - MPCB","22-09-2026 22:00:00",20.555712,74.529236,PM2.5,30,136,68
India,Maharashtra,Malegaon,"Mahesh Nagar, Malegaon - MPCB","22-09-2026 22:00:00",20.555712,74.529236,NO2,16,19,18
India,Maharashtra,Aurangabad,"MIDC Chilkalthana, Aurangabad - MPCB","22-09-2026 22:00:00",19.87562,75.38731,NH3,6,6,6
India,Maharashtra,Aurangabad,"Rachnakar Colony, Aurangabad - MPCB","22-09-2026 22:00:00",19.863756,75.321188,NH3,1,2,1
India,Maharashtra,Aurangabad,"More Chowk Waluj, Aurangabad - MPCB","22-09-2026 22:00:00",19.8389439,75.244448,PM2.5,22,57,38
India,Maharashtra,Aurangabad,"More Chowk Waluj, Aurangabad - MPCB","22-09-2026 22:00:00",19.8389439,75.244448,PM10,23,61,40
India,Maharashtra,Badlapur,"Katrap, Badlapur - MPCB","22-09-2026 22:00:00",19.16485,73.23409,NH3,12,19,15
India,Maharashtra,Badlapur,"Katrap, Badlapur - MPCB","22-09-2026 22:00:00",19.16485,73.23409,CO,43,50,45
India,Maharashtra,Badlapur,"Katrap, Badlapur - MPCB","22-09-2026 22:00:00",19.16485,73.23409,OZONE,8,9,8
India,Maharashtra,Beed,"Bir, Beed - MPCB","22-09-2026 22:00:00",18.988474,75.753873,PM2.5,NA,NA,NA
India,Maharashtra,Belapur,"CBD Belapur, Belapur - MPCB","22-09-2026 22:00:00",19.0243902,73.0406721,PM2.5,22,49,34
India,Maharashtra,Belapur,"CBD Belapur, Belapur - MPCB","22-09-2026 22:00:00",19.0243902,73.0406721,PM10,32,72,50
India,Maharashtra,Bhiwandi,"Gokul Nagar, Bhiwandi - MPCB","22-09-2026 22:00:00",19.309073,73.057223,NO2,7,7,7
India,Maharashtra,Bhiwandi,"Gokul Nagar, Bhiwandi - MPCB","22-09-2026 22:00:00",19.309073,73.057223,NH3,NA,NA,NA
India,Maharashtra,Bhiwandi,"Gokul Nagar, Bhiwandi - MPCB","22-09-2026 22:00:00",19.309073,73.057223,CO,18,27,20
India,Maharashtra,Chandrapur,"Chauhan Colony, Chandrapur - MPCB","22-09-2026 22:00:00",19.9629,79.298714,PM2.5,54,123,85
India,Maharashtra,Chandrapur,"MIDC Khutala, Chandrapur - MPCB","22-09-2026 22:00:00",19.9775302,79.2337086,SO2,2,7,5
India,Maharashtra,Dombivli,"Kalu Nagar, Dombivli - MPCB","22-09-2026 22:00:00",19.2268427,73.0788456,NH3,2,4,2
India,Maharashtra,Dombivli,"Kalu Nagar, Dombivli - MPCB","22-09-2026 22:00:00",19.2268427,73.0788456,CO,NA,NA,NA
India,Maharashtra,Dombivli,"Kalu Nagar, Dombivli - MPCB","22-09-2026 22:00:00",19.2268427,73.0788456,OZONE,21,52,32
India,Maharashtra,Hingoli,"Ashta Vinayak Nagar, Hingoli - MPCB","22-09-2026 22:00:00",19.710842,77.151824,PM10,63,211,95
India,Maharashtra,Hingoli,"Ashta Vinayak Nagar, Hingoli - MPCB","22-09-2026 22:00:00",19.710842,77.151824,NO2,4,30,10
India,Maharashtra,Hingoli,"Ashta Vinayak Nagar, Hingoli - MPCB","22-09-2026 22:00:00",19.710842,77.151824,SO2,3,7,5
India,Maharashtra,Hingoli,"Ashta Vinayak Nagar, Hingoli - MPCB","22-09-2026 22:00:00",19.710842,77.151824,OZONE,36,57,45
India,Maharashtra,Jalgaon,"Prabhat Colony, Jalgaon - MPCB","22-09-2026 22:00:00",21.001264,75.565602,PM2.5,31,89,67
India,"Madhya Pradesh",Pithampur,"Sector-2 Industrial Area, Pithampur - MPPCB","22-09-2026 22:00:00",22.624758,75.675238,NH3,8,11,9
India,"Madhya Pradesh",Pithampur,"Sector-2 Industrial Area, Pithampur - MPPCB","22-09-2026 22:00:00",22.624758,75.675238,SO2,36,103,50
India,"Madhya Pradesh",Pithampur,"Sector-2 Industrial Area, Pithampur - MPPCB","22-09-2026 22:00:00",22.624758,75.675238,CO,16,37,30
India,"Madhya Pradesh",Ratlam,"Shasthri Nagar, Ratlam - IPCA Lab","22-09-2026 22:00:00",23.331731,75.045981,OZONE,NA,NA,NA
India,"Madhya Pradesh",Sagar,"Civil Lines, Sagar - MPPCB","22-09-2026 22:00:00",23.838586,78.759431,OZONE,35,43,39
India,"Madhya Pradesh",Ujjain,"Mahashweta Nagar, Ujjain - MPPCB","22-09-2026 22:00:00",23.1633321,75.800225,PM10,35,151,68
India,"Madhya Pradesh",Ujjain,"Mahashweta Nagar, Ujjain - MPPCB","22-09-2026 22:00:00",23.1633321,75.800225,OZONE,55,146,98
India,Maharashtra,Mumbai,"Mulund West, Mumbai - MPCB","22-09-2026 22:00:00",19.175,72.9419,NH3,4,5,5
India,Maharashtra,Mumbai,"Bandra Kurla Complex, Mumbai - MPCB","22-09-2026 22:00:00",19.065931,72.862131,PM2.5,19,62,43
India,Maharashtra,Mumbai,"Bandra Kurla Complex, Mumbai - MPCB","22-09-2026 22:00:00",19.065931,72.862131,CO,22,24,23
India,Maharashtra,Mumbai,"Shivaji Nagar, Mumbai - BMC","22-09-2026 22:00:00",19.060498,72.923356,OZONE,16,20,17
India,Maharashtra,Mumbai,"Khindipada-Bhandup West, Mumbai - IITM","22-09-2026 22:00:00",19.1653323,72.922099,NO2,21,42,26
India,Maharashtra,Mumbai,"Khindipada-Bhandup West, Mumbai - IITM","22-09-2026 22:00:00",19.1653323,72.922099,SO2,3,17,12
India,Maharashtra,Mira-Bhayandar,"Bhayandar West, Mira-Bhayandar - MPCB","22-09-2026 22:00:00",19.296481,72.840923,CO,10,13,11
India,Maharashtra,Mumbai,"Sion, Mumbai - MPCB","22-09-2026 22:00:00",19.047,72.8746,NO2,NA,NA,NA
India,Maharashtra,Mumbai,"Sion, Mumbai - MPCB","22-09-2026 22:00:00",19.047,72.8746,OZONE,NA,NA,NA
India,Maharashtra,Mumbai,"Chhatrapati Shivaji Intl. Airport (T2), Mumbai - MPCB","22-09-2026 22:00:00",19.10078,72.87462,OZONE,NA,NA,NA
India,Maharashtra,Mumbai,"Navy Nagar-Colaba, Mumbai - IITM","22-09-2026 22:00:00",18.897756,72.81332,PM10,31,104,53
India,Maharashtra,Mumbai,"Navy Nagar-Colaba, Mumbai - IITM","22-09-2026 22:00:00",18.897756,72.81332,SO2,2,13,7
India,Maharashtra,Akola,"Ramdaspeth, Akola - MPCB","22-09-2026 22:00:00",20.719516,77.000253,SO2,3,5,4
India,Maharashtra,Akola,"Ramdaspeth, Akola - MPCB","22-09-2026 22:00:00",20.719516,77.000253,CO,11,28,20
India,Maharashtra,Ambernath,"Chinchpada, Ambernath - MPCB","22-09-2026 22:00:00",19.215784,73.199781,SO2,21,39,29
India,Maharashtra,Amravati,"Shri Shivaji Science College, Amravati - MPCB","22-09-2026 22:00:00",20.939198,77.765701,PM10,40,71,58
India,Maharashtra,Amravati,"Shri Shivaji Science College, Amravati - MPCB","22-09-2026 22:00:00",20.939198,77.765701,NH3,1,2,2
India,Maharashtra,Amravati,"Shri Shivaji Science College, Amravati - MPCB","22-09-2026 22:00:00",20.939198,77.765701,OZONE,4,48,32
India,Maharashtra,Mumbai,"Kandivali West, Mumbai - BMC","22-09-2026 22:00:00",19.215859,72.831718,SO2,0,3,1
India,Maharashtra,Mumbai,"Chakala-Andheri East, Mumbai - IITM","22-09-2026 22:00:00",19.11074,72.86084,NO2,9,19,13
India,Maharashtra,Mumbai,"Chakala-Andheri East, Mumbai - IITM","22-09-2026 22:00:00",19.11074,72.86084,NH3,5,11,8
India,Maharashtra,Mumbai,"Kurla, Mumbai - MPCB","22-09-2026 22:00:00",19.0863,72.8888,NO2,9,9,9
India,Maharashtra,Mumbai,"Bandra Kurla Complex, Mumbai - IITM","22-09-2026 22:00:00",19.053536,72.84643,PM2.5,NA,NA,NA
India,Maharashtra,Boisar,"Khaira, Boisar - MPCB","22-09-2026 22:00:00",19.786089,72.757971,SO2,10,11,10
India,Maharashtra,Mumbai,"Kherwadi_Bandra East, Mumbai - MPCB","22-09-2026 22:00:00",19.0632143,72.8456324,SO2,3,8,5
India,Maharashtra,Mumbai,"Borivali East, Mumbai - IITM","22-09-2026 22:00:00",19.23241,72.86895,PM2.5,30,80,47
India,Maharashtra,Mumbai,"Siddharth Nagar-Worli, Mumbai - IITM","22-09-2026 22:00:00",19.000083,72.813993,SO2,NA,NA,NA
India,Maharashtra,Mumbai,"Worli, Mumbai - MPCB","22-09-2026 22:00:00",18.9936162,72.8128113,NO2,9,47,25
India,Maharashtra,Mumbai,"Worli, Mumbai - MPCB","22-09-2026 22:00:00",18.9936162,72.8128113,NH3,NA,NA,NA
India,Maharashtra,Mumbai,"Mazgaon, Mumbai - IITM","22-09-2026 22:00:00",18.96702,72.84214,NO2,21,72,35
India,Maharashtra,Mumbai,"Mazgaon, Mumbai - IITM","22-09-2026 22:00:00",18.96702,72.84214,SO2,7,12,9
India,Maharashtra,Nagpur,"Opp GPO Civil Lines, Nagpur - MPCB","22-09-2026 22:00:00",21.152875,79.0517531,NO2,12,43,24
India,Maharashtra,Nagpur,"Ambazari, Nagpur - MPCB","22-09-2026 22:00:00",21.121801,79.04952,PM2.5,37,77,58
India,Maharashtra,Nagpur,"Ambazari, Nagpur - MPCB","22-09-2026 22:00:00",21.121801,79.04952,CO,14,67,28
India,Maharashtra,Nanded,"Sneh Nagar, Nanded - MPCB","22-09-2026 22:00:00",19.173852,77.296291,PM2.5,51,81,69
India,Maharashtra,Nanded,"Sneh Nagar, Nanded - MPCB","22-09-2026 22:00:00",19.173852,77.296291,PM10,57,90,77
India,Maharashtra,Nanded,"Sneh Nagar, Nanded - MPCB","22-09-2026 22:00:00",19.173852,77.296291,CO,18,26,23
India,Maharashtra,Nagpur,"Ram Nagar, Nagpur - MPCB","22-09-2026 22:00:00",21.143383,79.048912,NH3,2,3,2
India,Maharashtra,Nagpur,"Ram Nagar, Nagpur - MPCB","22-09-2026 22:00:00",21.143383,79.048912,SO2,2,17,7
India,Maharashtra,Nagpur,"Mahal, Nagpur - MPCB","22-09-2026 22:00:00",21.14472,79.107595,NO2,9,30,16
India,Maharashtra,Nagpur,"Mahal, Nagpur - MPCB","22-09-2026 22:00:00",21.14472,79.107595,OZONE,11,17,15
India,Maharashtra,Nagpur,"Opp GPO Civil Lines, Nagpur - MPCB","22-09-2026 22:00:00",21.152875,79.0517531,PM2.5,27,77,48
India,Maharashtra,Mumbai,"Chembur, Mumbai - MPCB","22-09-2026 22:00:00",19.0364585,72.8954371,CO,30,39,34
India,Maharashtra,Mumbai,"Chembur, Mumbai - MPCB","22-09-2026 22:00:00",19.0364585,72.8954371,OZONE,8,18,12
India,Maharashtra,Mumbai,"Borivali East, Mumbai - MPCB","22-09-2026 22:00:00",19.2243333,72.8658113,PM2.5,23,68,38
India,Maharashtra,Mumbai,"Borivali East, Mumbai - MPCB","22-09-2026 22:00:00",19.2243333,72.8658113,CO,7,9,8
India,Maharashtra,Mumbai,"Deonar, Mumbai - IITM","22-09-2026 22:00:00",19.04946,72.923,CO,24,54,37
India,Maharashtra,Nashik,"Pandav Nagari, Nashik - MPCB","22-09-2026 22:00:00",19.9591346,73.7788008,PM2.5,29,70,53
India,Maharashtra,Nashik,"MIDC Ambad, Nashik - MPCB","22-09-2026 22:00:00",19.95022,73.73148,NH3,2,4,3
India,Maharashtra,"Navi Mumbai","Kopripada-Vashi, Navi Mumbai - MPCB","22-09-2026 22:00:00",19.090337,73.014232,PM2.5,43,322,169
India,Maharashtra,"Navi Mumbai","Kopripada-Vashi, Navi Mumbai - MPCB","22-09-2026 22:00:00",19.090337,73.014232,SO2,2,7,4
India,Maharashtra,Mumbai,"Bandra Kurla Complex, Mumbai - IITM","22-09-2026 22:00:00",19.053536,72.84643,OZONE,9,17,14
India,Maharashtra,Mumbai,"Byculla, Mumbai - BMC","22-09-2026 22:00:00",18.9767,72.838,SO2,0,3,1
India,Maharashtra,Mumbai,"Byculla, Mumbai - BMC","22-09-2026 22:00:00",18.9767,72.838,CO,16,33,20
India,Maharashtra,Mumbai,"Mindspace-Malad West, Mumbai - MPCB","22-09-2026 22:00:00",19.1878657,72.8304069,NH3,7,8,8
India,Maharashtra,Mumbai,"Mindspace-Malad West, Mumbai - MPCB","22-09-2026 22:00:00",19.1878657,72.8304069,SO2,4,4,4
India,Maharashtra,Mumbai,"Mindspace-Malad West, Mumbai - MPCB","22-09-2026 22:00:00",19.1878657,72.8304069,CO,14,16,15
India,Maharashtra,Mumbai,"Malad West, Mumbai - IITM","22-09-2026 22:00:00",19.19709,72.82204,SO2,4,31,20
India,Maharashtra,Nagpur,"Ram Nagar, Nagpur - MPCB","22-09-2026 22:00:00",21.143383,79.048912,NO2,8,41,17
India,Maharashtra,Mumbai,"Powai, Mumbai - MPCB","22-09-2026 22:00:00",19.1375,72.915056,OZONE,NA,NA,NA
India,Maharashtra,Mumbai,"Mindspace-Malad West, Mumbai - MPCB","22-09-2026 22:00:00",19.1878657,72.8304069,PM2.5,11,39,23
India,Maharashtra,Pimpri-Chinchwad,"Bhosari, Pune - IITM","22-09-2026 22:00:00",18.640051,73.848956,PM2.5,31,77,54
India,Maharashtra,Pimpri-Chinchwad,"Gavalinagar, Pimpri Chinchwad - MPCB","22-09-2026 22:00:00",18.63673,73.82487,NH3,0,3,1
India,Maharashtra,Pimpri-Chinchwad,"Gavalinagar, Pimpri Chinchwad - MPCB","22-09-2026 22:00:00",18.63673,73.82487,SO2,1,2,1
India,Maharashtra,Pimpri-Chinchwad,"Gavalinagar, Pimpri Chinchwad - MPCB","22-09-2026 22:00:00",18.63673,73.82487,CO,12,34,19
India,Maharashtra,Pimpri-Chinchwad,"Bhumkar Nagar, Pune - IITM","22-09-2026 22:00:00",18.60577,73.749976,OZONE,40,94,74
India,Maharashtra,Pimpri-Chinchwad,"Park Street Wakad, Pimpri Chinchwad - MPCB","22-09-2026 22:00:00",18.59051,73.77946,CO,16,31,24
India,Maharashtra,Pimpri-Chinchwad,"Thergaon, Pimpri Chinchwad - MPCB","22-09-2026 22:00:00",18.616318,73.765797,PM2.5,17,44,27
India,Maharashtra,Pimpri-Chinchwad,"Thergaon, Pimpri Chinchwad - MPCB","22-09-2026 22:00:00",18.616318,73.765797,NO2,20,60,34
India,Maharashtra,Pimpri-Chinchwad,"Thergaon, Pimpri Chinchwad - MPCB","22-09-2026 22:00:00",18.616318,73.765797,OZONE,5,41,27
India,Maharashtra,Pimpri-Chinchwad,"Savta Mali Nagar, Pimpri-Chinchwad - IITM","22-09-2026 22:00:00",18.614767,73.799516,NH3,NA,NA,NA
India,Maharashtra,Pimpri-Chinchwad,"Savta Mali Nagar, Pimpri-Chinchwad - IITM","22-09-2026 22:00:00",18.614767,73.799516,CO,60,108,76
India,Maharashtra,Pune,"Panchawati_Pashan, Pune - IITM","22-09-2026 22:00:00",18.536457,73.805454,OZONE,18,42,34
India,Maharashtra,Pune,"Savitribai Phule Pune University, Pune - MPCB","22-09-2026 22:00:00",18.547056,73.826908,OZONE,11,47,33
India,Maharashtra,Pune,"Hadapsar, Pune - IITM","22-09-2026 22:00:00",18.501793,73.927532,NH3,NA,NA,NA
India,Maharashtra,Pune,"Katraj Dairy, Pune - MPCB","22-09-2026 22:00:00",18.45445,73.854155,PM2.5,11,41,20
India,Maharashtra,Pune,"Katraj Dairy, Pune - MPCB","22-09-2026 22:00:00",18.45445,73.854155,SO2,2,3,3
India,Maharashtra,Pune,"Mhada Colony, Pune - IITM","22-09-2026 22:00:00",18.57304,73.927715,PM2.5,30,78,56
India,Maharashtra,Pune,"Mhada Colony, Pune - IITM","22-09-2026 22:00:00",18.57304,73.927715,OZONE,12,33,23
India,Maharashtra,Pune,"Dhankawadi, Pune - IITM","22-09-2026 22:00:00",18.459883,73.852193,PM10,31,112,62
India,Maharashtra,Sangli,"Vijay Nagar, Sangli - MPCB","22-09-2026 22:00:00",16.5038,74.3623,PM2.5,NA,NA,NA
India,Maharashtra,"Navi Mumbai","Kopripada-Vashi, Navi Mumbai - MPCB","22-09-2026 22:00:00",19.090337,73.014232,CO,17,51,29
India,Maharashtra,"Navi Mumbai","Tondare-Taloja, Navi Mumbai - MPCB","22-09-2026 22:00:00",19.063,73.1209,NO2,8,15,11
India,Maharashtra,"Navi Mumbai","Sector-2E Kalamboli, Navi Mumbai - MPCB","22-09-2026 22:00:00",19.02579,73.10297,PM2.5,24,64,37
India,Maharashtra,"Navi Mumbai","Sanpada, Navi Mumbai - MPCB","22-09-2026 22:00:00",19.0575752,73.0151367,PM2.5,NA,NA,NA
India,Maharashtra,"Navi Mumbai","Sanpada, Navi Mumbai - MPCB","22-09-2026 22:00:00",19.0575752,73.0151367,NO2,NA,NA,NA
India,Maharashtra,"Navi Mumbai","Sanpada, Navi Mumbai - MPCB","22-09-2026 22:00:00",19.0575752,73.0151367,NH3,NA,NA,NA
India,Maharashtra,"Navi Mumbai","Sanpada, Navi Mumbai - MPCB","22-09-2026 22:00:00",19.0575752,73.0151367,OZONE,5,18,12
India,Maharashtra,"Navi Mumbai","Mahape, Navi Mumbai - MPCB","22-09-2026 22:00:00",19.1135051,73.008978,OZONE,7,10,8
India,Maharashtra,Parbhani,"Masoom Colony, Parbhani - MPCB","22-09-2026 22:00:00",19.265594,76.761463,NO2,3,10,5
India,Maharashtra,Solapur,"Dnyaneshwar Nagar, Solapur - MPCB","22-09-2026 22:00:00",17.6336264,75.9132495,NH3,6,17,9
India,Maharashtra,Thane,"Kasarvadavali, Thane - MPCB","22-09-2026 22:00:00",19.26777,72.97182,OZONE,14,25,19
India,Maharashtra,Thane,"Upvan Fort, Thane - MPCB","22-09-2026 22:00:00",19.222279,72.957979,NO2,3,28,14
India,Maharashtra,Thane,"Upvan Fort, Thane - MPCB","22-09-2026 22:00:00",19.222279,72.957979,NH3,1,8,3
India,Maharashtra,Ulhasnagar,"Sidhi Vinayak Nagar, Ulhasnagar - MPCB","22-09-2026 22:00:00",19.235581,73.159121,PM10,60,103,85
India,Maharashtra,Ulhasnagar,"Sidhi Vinayak Nagar, Ulhasnagar - MPCB","22-09-2026 22:00:00",19.235581,73.159121,NO2,10,13,11
India,Maharashtra,Ulhasnagar,"Sidhi Vinayak Nagar, Ulhasnagar - MPCB","22-09-2026 22:00:00",19.235581,73.159121,NH3,2,3,2
India,Maharashtra,Ulhasnagar,"Vithalwadi, Ulhasnagar - MPCB","22-09-2026 22:00:00",19.2307571,73.155192,PM2.5,18,47,29
India,Maharashtra,Ulhasnagar,"Vithalwadi, Ulhasnagar - MPCB","22-09-2026 22:00:00",19.2307571,73.155192,SO2,6,10,8
India,Meghalaya,Byrnihat,"15th Mile-Nongthymmai, Byrnihat -Meghalaya PCB","22-09-2026 22:00:00",26.079047,91.875185,PM10,146,146,146
India,Meghalaya,Byrnihat,"15th Mile-Nongthymmai, Byrnihat -Meghalaya PCB","22-09-2026 22:00:00",26.079047,91.875185,CO,NA,NA,NA
India,Meghalaya,Shillong,"Lumpyngngad, Shillong - Meghalaya PCB","22-09-2026 22:00:00",25.5586,91.8985,OZONE,9,21,14
India,Mizoram,Aizawl,"Sikulpuikawn, Aizawl - Mizoram PCB","22-09-2026 22:00:00",23.7176342,92.7192841,PM10,1,35,12
India,Mizoram,Aizawl,"Sikulpuikawn, Aizawl - Mizoram PCB","22-09-2026 22:00:00",23.7176342,92.7192841,NO2,1,1,1
India,Mizoram,Aizawl,"Sikulpuikawn, Aizawl - Mizoram PCB","22-09-2026 22:00:00",23.7176342,92.7192841,SO2,14,16,15
India,Maharashtra,Sangli,"Vijay Nagar, Sangli - MPCB","22-09-2026 22:00:00",16.5038,74.3623,SO2,1,7,5
India,Maharashtra,Sangli,"Vijay Nagar, Sangli - MPCB","22-09-2026 22:00:00",16.5038,74.3623,OZONE,9,29,15
India,Maharashtra,Satara,"Koyana Nagar, Satara - MPCB","22-09-2026 22:00:00",17.696651,74.003387,PM10,27,144,72
India,Maharashtra,Satara,"Koyana Nagar, Satara - MPCB","22-09-2026 22:00:00",17.696651,74.003387,CO,19,28,22
India,Maharashtra,Solapur,"Ratandeep Housing Society, Solapur - MPCB","22-09-2026 22:00:00",17.65439,75.90649,NO2,12,46,28
India,Maharashtra,Solapur,"Ratandeep Housing Society, Solapur - MPCB","22-09-2026 22:00:00",17.65439,75.90649,SO2,1,2,1
India,Odisha,Angul,"Hakimapada, Angul - OSPCB","22-09-2026 22:00:00",20.832874,85.104082,PM2.5,7,69,27
India,Odisha,Angul,"Hakimapada, Angul - OSPCB","22-09-2026 22:00:00",20.832874,85.104082,SO2,8,18,12
India,Odisha,Angul,"Hakimapada, Angul - OSPCB","22-09-2026 22:00:00",20.832874,85.104082,CO,33,111,52
India,Maharashtra,Pimpri-Chinchwad,"Transport Nagar-Nigdi, Pune - IITM","22-09-2026 22:00:00",18.664282,73.763966,PM10,35,96,60
India,Maharashtra,Virar,"Bolinj, Virar - MPCB","22-09-2026 22:00:00",19.445821,72.7988231,PM2.5,12,63,36
India,Puducherry,Puducherry,"Jawahar Nagar, Puducherry - PPCC","22-09-2026 22:00:00",11.9309,79.8027,SO2,5,11,9
India,Punjab,Amritsar,"Golden Temple, Amritsar - PPCB","22-09-2026 22:00:00",31.62,74.876512,PM2.5,81,89,84
India,Punjab,Amritsar,"Golden Temple, Amritsar - PPCB","22-09-2026 22:00:00",31.62,74.876512,NO2,21,51,28
India,Punjab,Amritsar,"Golden Temple, Amritsar - PPCB","22-09-2026 22:00:00",31.62,74.876512,NH3,7,11,8
India,Punjab,Amritsar,"Golden Temple, Amritsar - PPCB","22-09-2026 22:00:00",31.62,74.876512,CO,21,24,23
India,Punjab,Bathinda,"Hardev Nagar, Bathinda - PPCB","22-09-2026 22:00:00",30.233011,74.907758,NO2,25,34,28
India,Punjab,Bathinda,"Hardev Nagar, Bathinda - PPCB","22-09-2026 22:00:00",30.233011,74.907758,NH3,NA,NA,NA
India,Punjab,Bathinda,"Hardev Nagar, Bathinda - PPCB","22-09-2026 22:00:00",30.233011,74.907758,SO2,9,24,15
India,Punjab,Jalandhar,"Civil Line, Jalandhar - PPCB","22-09-2026 22:00:00",31.321907,75.578914,PM2.5,66,253,134
India,Punjab,Jalandhar,"Civil Line, Jalandhar - PPCB","22-09-2026 22:00:00",31.321907,75.578914,PM10,59,137,95
India,Punjab,Khanna,"Kalal Majra, Khanna - PPCB","22-09-2026 22:00:00",30.736056,76.209694,NH3,4,10,6
India,Punjab,Ludhiana,"Punjab Agricultural University, Ludhiana - PPCB","22-09-2026 22:00:00",30.9028,75.8086,PM10,69,152,113
India,Punjab,Ludhiana,"Punjab Agricultural University, Ludhiana - PPCB","22-09-2026 22:00:00",30.9028,75.8086,NH3,3,12,9
India,Punjab,Ludhiana,"Punjab Agricultural University, Ludhiana - PPCB","22-09-2026 22:00:00",30.9028,75.8086,SO2,11,20,15
India,Punjab,"Mandi Gobindgarh","RIMT University, Mandi Gobindgarh - PPCB","22-09-2026 22:00:00",30.649961,76.331442,OZONE,30,61,48
India,Rajasthan,Ajmer,"Civil Lines,  Ajmer - RSPCB","22-09-2026 22:00:00",26.470859,74.646594,PM10,65,123,93
India,Rajasthan,Ajmer,"Civil Lines,  Ajmer - RSPCB","22-09-2026 22:00:00",26.470859,74.646594,NH3,7,9,8
India,Odisha,Rairangpur,"Divisional Forest Office, Rairangpur - OSPCB","22-09-2026 22:00:00",22.265816,86.174829,OZONE,3,8,6
India,Odisha,Rourkela,"Fertilizer Township, Rourkela - OSPCB","22-09-2026 22:00:00",22.18972222,84.86277778,NO2,11,11,11
India,Odisha,Rourkela,"Raghunathpali, Rourkela - OSPCB","22-09-2026 22:00:00",22.220833,84.809444,OZONE,10,11,10
India,Odisha,Rourkela,"Sector-2, Rourkela - OSPCB","22-09-2026 22:00:00",22.245,84.88111111,PM2.5,22,35,28
India,Odisha,Talcher,"Talcher Coalfields,Talcher - OSPCB","22-09-2026 22:00:00",20.9360711,85.1707021,NO2,10,14,12
India,Odisha,Talcher,"Talcher Coalfields,Talcher - OSPCB","22-09-2026 22:00:00",20.9360711,85.1707021,OZONE,15,16,16
India,Odisha,Tensa,"Barsua Iron Ore Mines, Tensa - OSPCB","22-09-2026 22:00:00",21.869985,85.167016,OZONE,4,6,5
India,Puducherry,Puducherry,"Jawahar Nagar, Puducherry - PPCC","22-09-2026 22:00:00",11.9309,79.8027,NH3,1,4,2
India,Rajasthan,Alwar,"Moti Doongri, Alwar - RSPCB","22-09-2026 22:00:00",27.554793,76.611536,PM10,56,115,97
India,Rajasthan,Banswara,"Rati Talai, Banswara - RSPCB","22-09-2026 22:00:00",23.55519,74.44001,PM2.5,18,53,23
India,Rajasthan,Banswara,"Rati Talai, Banswara - RSPCB","22-09-2026 22:00:00",23.55519,74.44001,NO2,24,51,35
India,Rajasthan,Baran,"Bamboliya, Baran - RSPCB","22-09-2026 22:00:00",25.106006,76.469948,PM10,31,98,58
India,Rajasthan,Baran,"Bamboliya, Baran - RSPCB","22-09-2026 22:00:00",25.106006,76.469948,SO2,3,7,5
India,Rajasthan,Barmer,"Railway Colony, Barmer - RSPCB","22-09-2026 22:00:00",25.747299,71.393989,PM2.5,22,75,42
India,Rajasthan,Bharatpur,"Krishna Nagar, Bharatpur - RSPCB","22-09-2026 22:00:00",27.215415,77.50873,PM2.5,58,110,76
India,Rajasthan,Bhilwara,"Pratap Nagar, Bhilwara - RSPCB","22-09-2026 22:00:00",25.339605,74.618883,PM10,79,187,111
India,Rajasthan,Bhilwara,"Pratap Nagar, Bhilwara - RSPCB","22-09-2026 22:00:00",25.339605,74.618883,NO2,10,85,24
India,Odisha,Barbil,"Forest Office, Barbil - OSPCB","22-09-2026 22:00:00",22.1166054,85.3945546,NO2,4,17,9
India,Odisha,Barbil,"Forest Office, Barbil - OSPCB","22-09-2026 22:00:00",22.1166054,85.3945546,CO,14,26,20
India,Odisha,Baripada,"Meher Colony, Baripada - OSPCB","22-09-2026 22:00:00",21.941841,86.728318,NO2,3,21,12
India,Odisha,Baripada,"Meher Colony, Baripada - OSPCB","22-09-2026 22:00:00",21.941841,86.728318,NH3,0,3,2
India,Odisha,Bhubaneswar,"Lingraj Mandir, Bhubaneswar - OSPCB","22-09-2026 22:00:00",20.24079,85.836784,NH3,3,7,4
India,Odisha,Bhubaneswar,"Lingraj Mandir, Bhubaneswar - OSPCB","22-09-2026 22:00:00",20.24079,85.836784,SO2,1,15,11
India,Odisha,Bhubaneswar,"Patia, Bhubaneswar - OSPCB","22-09-2026 22:00:00",20.34652,85.8163,PM2.5,NA,NA,NA
India,Odisha,Bhubaneswar,"Patia, Bhubaneswar - OSPCB","22-09-2026 22:00:00",20.34652,85.8163,CO,25,31,29
India,Odisha,Brajrajnagar,"GM Office, Brajrajnagar - OSPCB","22-09-2026 22:00:00",21.8004996,83.8396977,PM10,4,29,17
India,Odisha,Cuttack,"CDA Area, Cuttack - OSPCB","22-09-2026 22:00:00",20.48891,85.84768,CO,17,61,31
India,Odisha,Keonjhar,"Jagamohanpur, Keonjhar - OSPCB","22-09-2026 22:00:00",21.6439,85.599355,PM10,29,39,34
India,Odisha,Keonjhar,"Jagamohanpur, Keonjhar - OSPCB","22-09-2026 22:00:00",21.6439,85.599355,NH3,2,2,2
India,Odisha,Nayagarh,"Dabuna, Nayagarh - OSPCB","22-09-2026 22:00:00",21.847279,85.416905,PM10,16,22,18
India,Odisha,Paradeep,"Nua Sandhakuda, Paradeep - OSPCB","22-09-2026 22:00:00",20.258828,86.665185,NO2,24,32,27
India,Rajasthan,Churu,"Subash Chowk, Churu - RSPCB","22-09-2026 22:00:00",28.296139,74.961696,NO2,0,46,11
India,Rajasthan,Churu,"Subash Chowk, Churu - RSPCB","22-09-2026 22:00:00",28.296139,74.961696,NH3,6,11,8
India,Rajasthan,Dausa,"Khatikan Mohalla, Dausa - RSPCB","22-09-2026 22:00:00",26.895552,76.334753,PM2.5,62,200,116
India,Rajasthan,Bhiwadi,"RIICO Ind. Area III, Bhiwadi - RSPCB","22-09-2026 22:00:00",28.194909,76.862296,PM2.5,88,303,188
India,Rajasthan,Chittorgarh,"Shastri Nagar, Chittorgarh - RSPCB","22-09-2026 22:00:00",24.892047,74.623527,NH3,6,12,9
India,Rajasthan,Dholpur,"Raja Ganj, Dholpur - RSPCB","22-09-2026 22:00:00",26.699557,77.898881,NO2,2,18,7
India,Rajasthan,Sirohi,"Vedhaynath Colony, Sirohi - RSPCB","22-09-2026 22:00:00",24.885261,72.857549,CO,9,34,18
India,Rajasthan,"Sri Ganganagar","Old City, Sri Ganganagar - RSPCB","22-09-2026 22:00:00",29.931624,73.864511,PM2.5,50,227,94
India,Rajasthan,"Sri Ganganagar","Old City, Sri Ganganagar - RSPCB","22-09-2026 22:00:00",29.931624,73.864511,SO2,6,12,10
India,Rajasthan,Tonk,"Shastri Nagar, Tonk - RSPCB","22-09-2026 22:00:00",26.159933,75.780517,PM10,67,203,112
India,Rajasthan,Tonk,"Shastri Nagar, Tonk - RSPCB","22-09-2026 22:00:00",26.159933,75.780517,NO2,4,40,12
India,Rajasthan,Tonk,"Shastri Nagar, Tonk - RSPCB","22-09-2026 22:00:00",26.159933,75.780517,CO,132,168,158
India,Rajasthan,Udaipur,"Ashok Nagar, Udaipur - RSPCB","22-09-2026 22:00:00",24.5886166,73.6321397,PM10,82,185,118
India,Rajasthan,Udaipur,"Ashok Nagar, Udaipur - RSPCB","22-09-2026 22:00:00",24.5886166,73.6321397,CO,19,53,35
India,Sikkim,Gangtok,"Zero Point GICI, Gangtok - SSPCB","22-09-2026 22:00:00",27.33853,88.614099,NO2,7,8,8
India,Sikkim,Gangtok,"Zero Point GICI, Gangtok - SSPCB","22-09-2026 22:00:00",27.33853,88.614099,OZONE,1,2,2
India,"Tamil Nadu",Chennai,"Manali Village, Chennai - TNPCB","22-09-2026 22:00:00",13.1662,80.2584,NH3,1,4,2
India,Rajasthan,Jodhpur,"Mandor, Jodhpur - RSPCB","22-09-2026 22:00:00",26.358805,73.047444,PM10,66,171,117
India,Rajasthan,Jodhpur,"Mandor, Jodhpur - RSPCB","22-09-2026 22:00:00",26.358805,73.047444,NH3,4,10,6
India,Rajasthan,Karauli,"Satyawati Vihar, Karauli - RSPCB","22-09-2026 22:00:00",26.506177,77.025989,CO,8,40,20
India,Rajasthan,Kota,"Nayapura, Kota - RSPCB","22-09-2026 22:00:00",25.196024,75.855668,PM10,61,126,87
India,Rajasthan,Kota,"Nayapura, Kota - RSPCB","22-09-2026 22:00:00",25.196024,75.855668,NH3,4,13,7
India,Rajasthan,Kota,"Dhanmandi, Kota - RSPCB","22-09-2026 22:00:00",25.16409,75.858137,PM10,53,147,88
India,Rajasthan,Kota,"Dhanmandi, Kota - RSPCB","22-09-2026 22:00:00",25.16409,75.858137,SO2,4,8,5
India,Rajasthan,Kota,"Dhanmandi, Kota - RSPCB","22-09-2026 22:00:00",25.16409,75.858137,OZONE,32,55,42
India,Rajasthan,Pali,"Indira Colony Vistar, Pali - RSPCB","22-09-2026 22:00:00",25.771061,73.340227,NO2,13,29,20
India,Rajasthan,Pratapgarh,"Pragati Nagar, Pratapgarh - RSPCB","22-09-2026 22:00:00",24.041198,74.780702,NO2,5,50,12
India,Rajasthan,Pratapgarh,"Pragati Nagar, Pratapgarh - RSPCB","22-09-2026 22:00:00",24.041198,74.780702,OZONE,28,80,59
India,Rajasthan,Rajsamand,"Dhoinda, Rajsamand - RSPCB","22-09-2026 22:00:00",25.03636,73.883502,NO2,NA,NA,NA
India,Rajasthan,Rajsamand,"Dhoinda, Rajsamand - RSPCB","22-09-2026 22:00:00",25.03636,73.883502,NH3,4,32,15
India,Rajasthan,Rajsamand,"Dhoinda, Rajsamand - RSPCB","22-09-2026 22:00:00",25.03636,73.883502,SO2,NA,NA,NA
India,Rajasthan,"Sawai Madhopur","Sahu Nagar, Sawai Madhopur - RSPCB","22-09-2026 22:00:00",26.031443,76.359327,PM2.5,26,189,72
India,Rajasthan,"Sawai Madhopur","Sahu Nagar, Sawai Madhopur - RSPCB","22-09-2026 22:00:00",26.031443,76.359327,PM10,63,204,112
India,Rajasthan,"Sawai Madhopur","Sahu Nagar, Sawai Madhopur - RSPCB","22-09-2026 22:00:00",26.031443,76.359327,CO,31,68,46
India,Rajasthan,Sikar,"Radhakishan Pura, Sikar - RSPCB","22-09-2026 22:00:00",27.608912,75.153302,NO2,6,63,20
India,Rajasthan,Jaipur,"Mansarovar Sector-12, Jaipur - RSPCB","22-09-2026 22:00:00",26.843698,75.766894,PM10,67,163,111
India,Rajasthan,Jaipur,"Mansarovar Sector-12, Jaipur - RSPCB","22-09-2026 22:00:00",26.843698,75.766894,NO2,15,59,34
India,Rajasthan,Jaipur,"Police Commissionerate, Jaipur - RSPCB","22-09-2026 22:00:00",26.9164092,75.7994901,SO2,13,27,21
India,Rajasthan,Jaipur,"Sector-2 Murlipura, Jaipur - RSPCB","22-09-2026 22:00:00",26.960669,75.771817,PM2.5,35,86,55
India,Rajasthan,Jaipur,"Sector-2 Murlipura, Jaipur - RSPCB","22-09-2026 22:00:00",26.960669,75.771817,NH3,NA,NA,NA
India,Rajasthan,Jaipur,"Sector-2 Murlipura, Jaipur - RSPCB","22-09-2026 22:00:00",26.960669,75.771817,CO,104,126,112
India,Rajasthan,Dungarpur,"Bhoiwada, Dungarpur - RSPCB","22-09-2026 22:00:00",23.837789,73.714926,SO2,5,6,5
India,Rajasthan,Dungarpur,"Bhoiwada, Dungarpur - RSPCB","22-09-2026 22:00:00",23.837789,73.714926,CO,20,36,28
India,Rajasthan,Hanumangarh,"Housing Board, Hanumangarh - RSPCB","22-09-2026 22:00:00",29.61075,74.283608,PM10,64,196,124
India,Rajasthan,Hanumangarh,"Housing Board, Hanumangarh - RSPCB","22-09-2026 22:00:00",29.61075,74.283608,NO2,7,34,14
India,Rajasthan,Jaipur,"RIICO Sitapura, Jaipur - RSPCB","22-09-2026 22:00:00",26.786682,75.827928,CO,34,138,81
India,Rajasthan,Jaisalmer,"Sadar Bazar, Jaisalmer - RSPCB","22-09-2026 22:00:00",26.912329,70.909168,PM2.5,30,63,43
India,Rajasthan,Jhalawar,"Rajlaxmi Nagar, Jhalawar - RSPCB","22-09-2026 22:00:00",24.588397,76.172782,OZONE,44,53,47
India,"Tamil Nadu",Chennai,"Velachery Res. Area, Chennai - CPCB","22-09-2026 22:00:00",13.0052189,80.2398125,NH3,NA,NA,NA
India,"Tamil Nadu",Chennai,"Velachery Res. Area, Chennai - CPCB","22-09-2026 22:00:00",13.0052189,80.2398125,CO,NA,NA,NA
India,"Tamil Nadu",Madurai,"Uchapatti, Madurai - TNPCB","22-09-2026 22:00:00",9.865935,78.022669,SO2,NA,NA,NA
India,"Tamil Nadu",Madurai,"Uchapatti, Madurai - TNPCB","22-09-2026 22:00:00",9.865935,78.022669,CO,10,10,10
India,Rajasthan,Jodhpur,"Collectorate, Jodhpur - RSPCB","22-09-2026 22:00:00",26.268249,73.0193853,SO2,4,14,8
India,Rajasthan,Jodhpur,"Collectorate, Jodhpur - RSPCB","22-09-2026 22:00:00",26.268249,73.0193853,CO,5,102,39
India,Rajasthan,Jodhpur,"Samrat Ashok Udhyan, Jodhpur - RSPCB","22-09-2026 22:00:00",26.253384,72.976571,PM2.5,18,140,68
India,Rajasthan,Jaipur,"Shastri Nagar, Jaipur - RSPCB","22-09-2026 22:00:00",26.9502929,75.730943,NH3,6,17,11
India,Rajasthan,Jaipur,"Shastri Nagar, Jaipur - RSPCB","22-09-2026 22:00:00",26.9502929,75.730943,CO,10,100,49
India,"Uttar Pradesh",Firozabad,"Vibhab Nagar, Firozabad - UPPCB","22-09-2026 22:00:00",27.1594,78.3953,PM2.5,23,53,34
India,"Uttar Pradesh",Firozabad,"Vibhab Nagar, Firozabad - UPPCB","22-09-2026 22:00:00",27.1594,78.3953,SO2,6,9,9
India,"Uttar Pradesh",Firozabad,"Vibhab Nagar, Firozabad - UPPCB","22-09-2026 22:00:00",27.1594,78.3953,OZONE,1,1,1
India,"Uttar Pradesh",Gajraula,"Rajanpur, Gajraula - UPPCB","22-09-2026 22:00:00",28.829109,78.248796,PM2.5,111,253,176
India,"Uttar Pradesh",Gajraula,"Rajanpur, Gajraula - UPPCB","22-09-2026 22:00:00",28.829109,78.248796,NH3,0,6,2
India,"Uttar Pradesh",Ghaziabad,"Indirapuram, Ghaziabad - UPPCB","22-09-2026 22:00:00",28.646233,77.358075,OZONE,15,49,35
India,"Uttar Pradesh",Ghaziabad,"Govindpuram, Ghaziabad - UPPCB","22-09-2026 22:00:00",28.694528,77.494705,CO,18,35,27
India,"Uttar Pradesh",Ghaziabad,"Ved Vihar-Loni, Ghaziabad - UPPCB","22-09-2026 22:00:00",28.739153,77.273668,PM10,118,155,138
India,"Uttar Pradesh",Ghaziabad,"Ved Vihar-Loni, Ghaziabad - UPPCB","22-09-2026 22:00:00",28.739153,77.273668,NO2,25,47,38
India,"Uttar Pradesh",Ghaziabad,"Loni, Ghaziabad - UPPCB","22-09-2026 22:00:00",28.757294,77.278792,PM2.5,99,311,207
India,"Uttar Pradesh",Ghaziabad,"Loni, Ghaziabad - UPPCB","22-09-2026 22:00:00",28.757294,77.278792,CO,52,68,59
India,"Uttar Pradesh",Ghaziabad,"Vasundhara, Ghaziabad - UPPCB","22-09-2026 22:00:00",28.6603346,77.3572563,NO2,16,70,40
India,"Uttar Pradesh",Ghaziabad,"Vasundhara, Ghaziabad - UPPCB","22-09-2026 22:00:00",28.6603346,77.3572563,OZONE,27,73,52
India,"Uttar Pradesh",Ghaziabad,"Sanjay Nagar, Ghaziabad - UPPCB","22-09-2026 22:00:00",28.685382,77.453839,PM10,117,239,156
India,Telangana,Hyderabad,"New Malakpet, Hyderabad - TSPCB","22-09-2026 22:00:00",17.37206,78.50864,OZONE,18,29,24
India,Telangana,Hyderabad,"Bollaram Industrial Area, Hyderabad - TSPCB","22-09-2026 22:00:00",17.518,78.383,PM2.5,43,102,70
India,Telangana,Hyderabad,"Bollaram Industrial Area, Hyderabad - TSPCB","22-09-2026 22:00:00",17.518,78.383,PM10,34,120,87
India,Telangana,Hyderabad,"Bollaram Industrial Area, Hyderabad - TSPCB","22-09-2026 22:00:00",17.518,78.383,CO,52,64,58
India,Telangana,Hyderabad,"Central University, Hyderabad - TSPCB","22-09-2026 22:00:00",17.460103,78.334361,NO2,20,30,25
India,Telangana,Hyderabad,"Nacharam_TSIIC IALA, Hyderabad - TSPCB","22-09-2026 22:00:00",17.429398,78.569354,PM2.5,32,42,34
India,Telangana,Hyderabad,"Nacharam_TSIIC IALA, Hyderabad - TSPCB","22-09-2026 22:00:00",17.429398,78.569354,PM10,51,64,56
India,Telangana,Hyderabad,"Nacharam_TSIIC IALA, Hyderabad - TSPCB","22-09-2026 22:00:00",17.429398,78.569354,NH3,5,6,5
India,Telangana,Hyderabad,"ICRISAT Patancheru, Hyderabad - TSPCB","22-09-2026 22:00:00",17.5184,78.278777,PM10,40,89,60
India,Telangana,Hyderabad,"ICRISAT Patancheru, Hyderabad - TSPCB","22-09-2026 22:00:00",17.5184,78.278777,NH3,1,2,2
India,Telangana,Hyderabad,"ICRISAT Patancheru, Hyderabad - TSPCB","22-09-2026 22:00:00",17.5184,78.278777,CO,10,13,12
India,Telangana,Hyderabad,"IDA Pashamylaram, Hyderabad - TSPCB","22-09-2026 22:00:00",17.5316895,78.218939,NH3,0,2,1
India,Telangana,Hyderabad,"IDA Pashamylaram, Hyderabad - TSPCB","22-09-2026 22:00:00",17.5316895,78.218939,CO,1,43,21
India,Telangana,Hyderabad,"Ramachandrapuram, Hyderabad - TSPCB","22-09-2026 22:00:00",17.528544,78.286195,OZONE,19,30,24
India,Telangana,Hyderabad,"Zoo Park, Hyderabad - TSPCB","22-09-2026 22:00:00",17.349694,78.451437,PM2.5,35,64,52
India,Telangana,Hyderabad,"ECIL Kapra, Hyderabad - TSPCB","22-09-2026 22:00:00",17.470431,78.566959,NO2,2,21,13
India,Telangana,Hyderabad,"ECIL Kapra, Hyderabad - TSPCB","22-09-2026 22:00:00",17.470431,78.566959,NH3,1,96,6
India,Telangana,Hyderabad,"ECIL Kapra, Hyderabad - TSPCB","22-09-2026 22:00:00",17.470431,78.566959,SO2,6,20,10
India,Telangana,Hyderabad,"Kokapet, Hyderabad - TSPCB","22-09-2026 22:00:00",17.393559,78.339194,PM2.5,33,56,41
India,Telangana,Hyderabad,"Kokapet, Hyderabad - TSPCB","22-09-2026 22:00:00",17.393559,78.339194,NO2,11,15,12
India,Telangana,Hyderabad,"Kokapet, Hyderabad - TSPCB","22-09-2026 22:00:00",17.393559,78.339194,NH3,2,4,3
India,Telangana,Hyderabad,"Kokapet, Hyderabad - TSPCB","22-09-2026 22:00:00",17.393559,78.339194,OZONE,17,31,23
India,Telangana,Hyderabad,"New Malakpet, Hyderabad - TSPCB","22-09-2026 22:00:00",17.37206,78.50864,PM2.5,40,75,53
India,"Uttar Pradesh",Agra,"Rohta, Agra - UPPCB","22-09-2026 22:00:00",27.106972,78.000111,PM10,56,162,118
India,"Uttar Pradesh",Agra,"Rohta, Agra - UPPCB","22-09-2026 22:00:00",27.106972,78.000111,NO2,16,16,16
India,"Uttar Pradesh",Agra,"Rohta, Agra - UPPCB","22-09-2026 22:00:00",27.106972,78.000111,CO,26,36,31
India,"Uttar Pradesh",Agra,"Shahjahan Garden, Agra - UPPCB","22-09-2026 22:00:00",27.169338,78.03582,PM2.5,33,57,42
India,"Uttar Pradesh",Agra,"Shahjahan Garden, Agra - UPPCB","22-09-2026 22:00:00",27.169338,78.03582,NH3,1,1,1
India,"Uttar Pradesh",Baghpat,"Sardar Patel Inter College, Baghpat - UPPCB","22-09-2026 22:00:00",28.964949,77.278761,PM10,131,216,172
India,"Uttar Pradesh",Baghpat,"Sardar Patel Inter College, Baghpat - UPPCB","22-09-2026 22:00:00",28.964949,77.278761,OZONE,17,103,62
India,"Uttar Pradesh",Bareilly,"Rajendra Nagar, Bareilly - UPPCB","22-09-2026 22:00:00",28.38910936,79.42963708,PM2.5,59,112,75
India,"Uttar Pradesh",Bareilly,"Civil Lines, Bareilly - UPPCB","22-09-2026 22:00:00",28.359581,79.414455,PM2.5,28,46,37
India,"Uttar Pradesh",Bareilly,"Civil Lines, Bareilly - UPPCB","22-09-2026 22:00:00",28.359581,79.414455,PM10,28,47,37
India,"Uttar Pradesh",Bareilly,"Civil Lines, Bareilly - UPPCB","22-09-2026 22:00:00",28.359581,79.414455,NH3,0,1,0
India,"Uttar Pradesh",Bareilly,"Civil Lines, Bareilly - UPPCB","22-09-2026 22:00:00",28.359581,79.414455,CO,30,41,34
India,"Uttar Pradesh",Bulandshahr,"Yamunapuram, Bulandshahr - UPPCB","22-09-2026 22:00:00",28.406963,77.849831,SO2,10,31,16
India,"Uttar Pradesh",Bulandshahr,"Yamunapuram, Bulandshahr - UPPCB","22-09-2026 22:00:00",28.406963,77.849831,CO,48,66,56
India,"Uttar Pradesh",Agra,"Manoharpur, Agra - UPPCB","22-09-2026 22:00:00",27.23711,78.01936,SO2,12,14,13
India,"Uttar Pradesh",Agra,"Sanjay Palace, Agra - UPPCB","22-09-2026 22:00:00",27.19865833,78.00598056,NO2,16,18,16
India,"Uttar Pradesh",Agra,"Sanjay Palace, Agra - UPPCB","22-09-2026 22:00:00",27.19865833,78.00598056,NH3,NA,NA,NA
India,"Uttar Pradesh",Agra,"Sector-3B Avas Vikas Colony, Agra - UPPCB","22-09-2026 22:00:00",27.19412,77.96237,CO,41,61,49
India,"Uttar Pradesh",Agra,"Shastripuram, Agra - UPPCB","22-09-2026 22:00:00",27.19862,77.92066,PM10,44,232,75
India,Telangana,Hyderabad,"Somajiguda, Hyderabad - TSPCB","22-09-2026 22:00:00",17.417094,78.457437,NH3,2,4,4
India,Telangana,Hyderabad,"Somajiguda, Hyderabad - TSPCB","22-09-2026 22:00:00",17.417094,78.457437,SO2,9,15,10
India,Telangana,Hyderabad,"Somajiguda, Hyderabad - TSPCB","22-09-2026 22:00:00",17.417094,78.457437,OZONE,13,26,21
India,"Uttar Pradesh",Firozabad,"Nagla Bhau, Firozabad - UPPCB","22-09-2026 22:00:00",27.168897,78.37696,PM2.5,26,62,46
India,"Uttar Pradesh",Firozabad,"Nagla Bhau, Firozabad - UPPCB","22-09-2026 22:00:00",27.168897,78.37696,NH3,2,2,2
India,"Uttar Pradesh",Agra,"Manoharpur, Agra - UPPCB","22-09-2026 22:00:00",27.23711,78.01936,PM2.5,NA,NA,NA
India,"Uttar Pradesh",Agra,"Manoharpur, Agra - UPPCB","22-09-2026 22:00:00",27.23711,78.01936,PM10,NA,NA,NA
India,"Uttar Pradesh",Meerut,"Ganga Nagar, Meerut - UPPCB","22-09-2026 22:00:00",28.999264,77.7590354,SO2,6,15,11
India,"Uttar Pradesh",Meerut,"MIET College, Meerut - UPPCB","22-09-2026 22:00:00",28.972677,77.641018,PM2.5,14,182,104
India,"Uttar Pradesh",Meerut,"MIET College, Meerut - UPPCB","22-09-2026 22:00:00",28.972677,77.641018,NO2,7,37,26
India,"Uttar Pradesh",Meerut,"MIET College, Meerut - UPPCB","22-09-2026 22:00:00",28.972677,77.641018,NH3,3,11,5
India,"Uttar Pradesh",Meerut,"MIET College, Meerut - UPPCB","22-09-2026 22:00:00",28.972677,77.641018,CO,38,63,51
India,"Uttar Pradesh",Meerut,"Jai Bhim Nagar, Meerut - UPPCB","22-09-2026 22:00:00",28.9535882,77.7622941,NO2,NA,NA,NA
India,"Uttar Pradesh",Meerut,"Jai Bhim Nagar, Meerut - UPPCB","22-09-2026 22:00:00",28.9535882,77.7622941,OZONE,13,142,98
India,"Uttar Pradesh",Moradabad,"Eco Herbal Park, Moradabad - UPPCB","22-09-2026 22:00:00",28.840739,78.697531,PM2.5,48,161,85
India,"Uttar Pradesh",Moradabad,"Eco Herbal Park, Moradabad - UPPCB","22-09-2026 22:00:00",28.840739,78.697531,SO2,10,16,12
India,"Uttar Pradesh",Moradabad,"Kashiram Nagar, Moradabad - UPPCB","22-09-2026 22:00:00",28.849399,78.742362,NO2,24,25,25
India,"Uttar Pradesh",Moradabad,"Transport Nagar, Moradabad - UPPCB","22-09-2026 22:00:00",28.802625,78.753728,PM2.5,67,340,135
India,"Uttar Pradesh",Moradabad,"Employment Office, Moradabad - UPPCB","22-09-2026 22:00:00",28.88528,78.7388,PM2.5,52,157,81
India,"Uttar Pradesh",Khora,"Prashant Garden, Khora - UPPCB","22-09-2026 22:00:00",28.61119,77.34206,OZONE,24,199,130
India,"Uttar Pradesh",Khurja,"Kalindi Kunj, Khurja - UPPCB","22-09-2026 22:00:00",28.2348927,77.8683002,PM2.5,68,200,111
India,"Uttar Pradesh",Khurja,"Kalindi Kunj, Khurja - UPPCB","22-09-2026 22:00:00",28.2348927,77.8683002,OZONE,12,151,46
India,"Uttar Pradesh",Lucknow,"B R Ambedkar University, Lucknow - UPPCB","22-09-2026 22:00:00",26.766433,80.927299,PM10,29,76,44
India,"Uttar Pradesh",Lucknow,"B R Ambedkar University, Lucknow - UPPCB","22-09-2026 22:00:00",26.766433,80.927299,NH3,3,4,3
India,"Uttar Pradesh",Lucknow,"Kendriya Vidyalaya, Lucknow - CPCB","22-09-2026 22:00:00",26.906111,80.948222,PM10,53,101,77
India,"Uttar Pradesh",Lucknow,"Kendriya Vidyalaya, Lucknow - CPCB","22-09-2026 22:00:00",26.906111,80.948222,SO2,5,11,7
India,"Uttar Pradesh",Lucknow,"Gomti Nagar, Lucknow - UPPCB","22-09-2026 22:00:00",26.86812,81.005119,NH3,NA,NA,NA
India,"Uttar Pradesh",Lucknow,"Talkatora District Industries Center, Lucknow - CPCB","22-09-2026 22:00:00",26.83399722,80.8917361,CO,1,103,27
India,"Uttar Pradesh",Lucknow,"Kukrail Picnic Spot-1, Lucknow - UPPCB","22-09-2026 22:00:00",26.90723,80.98579,CO,12,16,15
India,"Uttar Pradesh",Gorakhpur,"Madan Mohan Malaviya University of Technology, Gorakhpur - UPPCB","22-09-2026 22:00:00",26.730136,83.433859,SO2,49,53,50
India,"Uttar Pradesh","Greater Noida","Knowledge Park - III, Greater Noida - UPPCB","22-09-2026 22:00:00",28.47272,77.482,NH3,4,36,9
India,"Uttar Pradesh",Hapur,"Anand Vihar, Hapur - UPPCB","22-09-2026 22:00:00",28.725645,77.749675,PM10,92,173,138
India,"Uttar Pradesh",Hapur,"Anand Vihar, Hapur - UPPCB","22-09-2026 22:00:00",28.725645,77.749675,NO2,NA,NA,NA
India,"Uttar Pradesh",Jhansi,"Shivaji Nagar, Jhansi - UPPCB","22-09-2026 22:00:00",25.4547,78.6039,PM2.5,67,111,84
India,"Uttar Pradesh",Kanpur,"FTI Kidwai Nagar, Kanpur - UPPCB","22-09-2026 22:00:00",26.428282,80.327067,PM10,15,176,66
India,"Uttar Pradesh",Kanpur,"FTI Kidwai Nagar, Kanpur - UPPCB","22-09-2026 22:00:00",26.428282,80.327067,NH3,3,3,3
India,"Uttar Pradesh",Kanpur,"NSI Kalyanpur, Kanpur - UPPCB","22-09-2026 22:00:00",26.509954,80.249612,PM2.5,15,107,51
India,"Uttar Pradesh",Kanpur,"NSI Kalyanpur, Kanpur - UPPCB","22-09-2026 22:00:00",26.509954,80.249612,PM10,36,103,67
India,"Uttar Pradesh",Kanpur,"Nehru Nagar, Kanpur - UPPCB","22-09-2026 22:00:00",26.4703136,80.3229863,SO2,9,13,12
India,"Uttar Pradesh",Noida,"Sector - 62, Noida - IITM","22-09-2026 22:00:00",28.6245479,77.3577104,CO,23,42,30
India,"Uttar Pradesh",Noida,"Sector-1, Noida - UPPCB","22-09-2026 22:00:00",28.5898,77.3101,SO2,8,11,10
India,"Uttar Pradesh",Noida,"Sector-116, Noida - UPPCB","22-09-2026 22:00:00",28.56923,77.393848,SO2,9,22,14
India,"Uttar Pradesh",Noida,"Sector-116, Noida - UPPCB","22-09-2026 22:00:00",28.56923,77.393848,OZONE,27,121,74
India,"Uttar Pradesh",Prayagraj,"Nagar Nigam, Prayagraj - UPPCB","22-09-2026 22:00:00",25.44919916,81.82735986,NH3,3,11,6
India,"Uttar Pradesh",Prayagraj,"Nagar Nigam, Prayagraj - UPPCB","22-09-2026 22:00:00",25.44919916,81.82735986,CO,14,32,20
India,"Uttar Pradesh",Prayagraj,"Motilal Nehru NIT, Prayagraj - UPPCB","22-09-2026 22:00:00",25.494,81.863,PM10,16,47,33
India,"Uttar Pradesh",Varanasi,"Maldahiya, Varanasi - UPPCB","22-09-2026 22:00:00",25.32393,82.99687,PM2.5,13,55,27
India,"Uttar Pradesh",Varanasi,"Maldahiya, Varanasi - UPPCB","22-09-2026 22:00:00",25.32393,82.99687,PM10,51,101,72
India,"Uttar Pradesh",Varanasi,"Maldahiya, Varanasi - UPPCB","22-09-2026 22:00:00",25.32393,82.99687,NH3,0,0,0
India,"Uttar Pradesh",Varanasi,"Ardhali Bazar, Varanasi - UPPCB","22-09-2026 22:00:00",25.3505986,82.9083074,PM2.5,20,68,44
India,"Uttar Pradesh",Varanasi,"Ardhali Bazar, Varanasi - UPPCB","22-09-2026 22:00:00",25.3505986,82.9083074,CO,14,14,14
India,"Uttar Pradesh",Moradabad,"Buddhi Vihar, Moradabad - UPPCB","22-09-2026 22:00:00",28.83526,78.7446,NH3,5,5,5
India,"Uttar Pradesh",Moradabad,"Buddhi Vihar, Moradabad - UPPCB","22-09-2026 22:00:00",28.83526,78.7446,SO2,34,37,35
India,"Uttar Pradesh",Moradabad,"Jigar Colony, Moradabad - UPPCB","22-09-2026 22:00:00",28.856664,78.772638,PM10,66,110,85
India,"Uttar Pradesh",Moradabad,"Jigar Colony, Moradabad - UPPCB","22-09-2026 22:00:00",28.856664,78.772638,SO2,1,59,31
India,"Uttar Pradesh",Moradabad,"Jigar Colony, Moradabad - UPPCB","22-09-2026 22:00:00",28.856664,78.772638,OZONE,21,39,27
India,"Uttar Pradesh",Varanasi,"IESD Banaras Hindu University, Varanasi - UPPCB","22-09-2026 22:00:00",25.262326,82.995408,PM2.5,19,91,34
India,"Uttar Pradesh",Varanasi,"IESD Banaras Hindu University, Varanasi - UPPCB","22-09-2026 22:00:00",25.262326,82.995408,CO,2,10,5
India,"Uttar Pradesh",Vrindavan,"Omex Eternity, Vrindavan - UPPCB","22-09-2026 22:00:00",27.571409,77.655757,PM10,70,139,94
India,"Uttar Pradesh",Prayagraj,"Jhunsi, Prayagraj - UPPCB","22-09-2026 22:00:00",25.425602,81.917152,NH3,6,6,6
India,"Uttar Pradesh",Prayagraj,"Jhunsi, Prayagraj - UPPCB","22-09-2026 22:00:00",25.425602,81.917152,SO2,11,39,21
India,"Uttar Pradesh",Raebareli," Indira Nagar, Raebareli - NTPC Unchahar","22-09-2026 22:00:00",26.207781,81.245571,NO2,NA,NA,NA
India,"Uttar Pradesh",Raebareli," Indira Nagar, Raebareli - NTPC Unchahar","22-09-2026 22:00:00",26.207781,81.245571,SO2,NA,NA,NA
India,"Uttar Pradesh",Vrindavan," Chhatikara, Vrindavan - UPPCB","22-09-2026 22:00:00",27.57194,77.62346,PM2.5,42,177,96
India,"West Bengal",Asansol,"Trivenidevi Bhalotia College, Asansol - WBPCB","22-09-2026 22:00:00",23.616515,87.119133,PM2.5,12,87,27
India,"West Bengal",Asansol,"Trivenidevi Bhalotia College, Asansol - WBPCB","22-09-2026 22:00:00",23.616515,87.119133,NO2,18,24,20
India,"West Bengal",Asansol,"Trivenidevi Bhalotia College, Asansol - WBPCB","22-09-2026 22:00:00",23.616515,87.119133,SO2,10,26,12
India,"West Bengal",Asansol,"Trivenidevi Bhalotia College, Asansol - WBPCB","22-09-2026 22:00:00",23.616515,87.119133,CO,28,40,33
India,"West Bengal",Barrackpore,"SVSPA Campus, Barrackpore - WBPCB","22-09-2026 22:00:00",22.7605581,88.3617589,NH3,5,7,6
India,"West Bengal",Barrackpore,"SVSPA Campus, Barrackpore - WBPCB","22-09-2026 22:00:00",22.7605581,88.3617589,SO2,13,14,13
India,"West Bengal",Barrackpore,"SVSPA Campus, Barrackpore - WBPCB","22-09-2026 22:00:00",22.7605581,88.3617589,CO,34,40,37
India,"West Bengal",Durgapur,"PCBL Residential Complex, Durgapur - WBPCB","22-09-2026 22:00:00",23.508764,87.35444,PM2.5,11,160,72
India,"West Bengal",Durgapur,"PCBL Residential Complex, Durgapur - WBPCB","22-09-2026 22:00:00",23.508764,87.35444,NH3,1,19,5
India,"West Bengal",Durgapur,"Mahishkapur Road_B-Zone, Durgapur - WBPCB","22-09-2026 22:00:00",23.567923,87.306843,PM10,11,79,29
India,"West Bengal",Haldia,"Priyambada Housing Estate, Haldia - WBPCB","22-09-2026 22:00:00",22.06047,88.109737,PM10,19,37,24
India,"West Bengal",Howrah,"Belur Math, Howrah - WBPCB","22-09-2026 22:00:00",22.629801,88.352017,PM10,19,56,34
India,"West Bengal",Howrah,"Belur Math, Howrah - WBPCB","22-09-2026 22:00:00",22.629801,88.352017,NO2,21,51,32
India,"West Bengal",Howrah,"Belur Math, Howrah - WBPCB","22-09-2026 22:00:00",22.629801,88.352017,SO2,7,11,8
India,"West Bengal",Howrah,"Padmapukur, Howrah - WBPCB","22-09-2026 22:00:00",22.5687319,88.2797276,PM2.5,11,95,28
India,"West Bengal",Howrah,"Padmapukur, Howrah - WBPCB","22-09-2026 22:00:00",22.5687319,88.2797276,NO2,15,52,29
India,"West Bengal",Howrah,"Padmapukur, Howrah - WBPCB","22-09-2026 22:00:00",22.5687319,88.2797276,OZONE,11,16,14
India,"West Bengal",Howrah,"Botanical Garden, Howrah - WBPCB","22-09-2026 22:00:00",22.554954,88.292568,CO,5,18,10
India,"West Bengal",Kolkata,"Rabindra Bharati University, Kolkata - WBPCB","22-09-2026 22:00:00",22.627847,88.380669,NO2,12,28,20
India,"West Bengal",Kolkata,"Rabindra Sarobar, Kolkata - WBPCB","22-09-2026 22:00:00",22.51106,88.35142,PM2.5,18,18,18
India,"West Bengal",Kolkata,"Rabindra Sarobar, Kolkata - WBPCB","22-09-2026 22:00:00",22.51106,88.35142,CO,17,26,20
India,"West Bengal",Kolkata,"Bidhannagar, Kolkata - WBPCB","22-09-2026 22:00:00",22.58157048,88.41002457,NH3,3,6,5
India,"West Bengal",Kolkata,"Bidhannagar, Kolkata - WBPCB","22-09-2026 22:00:00",22.58157048,88.41002457,SO2,8,10,9
India,Uttarakhand,Dehradun,"Doon University, Dehradun - UKPCB","22-09-2026 22:00:00",30.269444,78.044167,PM10,38,148,84
India,Uttarakhand,Dehradun,"Doon University, Dehradun - UKPCB","22-09-2026 22:00:00",30.269444,78.044167,NH3,NA,NA,NA
India,Uttarakhand,Rishikesh,"Shivaji Nagar, Rishikesh - UKPCB","22-09-2026 22:00:00",30.075911,78.2859547,NO2,6,6,6
India,"West Bengal",Kolkata,"Jadavpur, Kolkata - WBPCB","22-09-2026 22:00:00",22.49929,88.36917,PM2.5,26,43,34
India,"West Bengal",Kolkata,"Ballygunge, Kolkata - WBPCB","22-09-2026 22:00:00",22.5367507,88.3638022,SO2,4,7,5
India,"West Bengal",Kolkata,"Rabindra Bharati University, Kolkata - WBPCB","22-09-2026 22:00:00",22.627847,88.380669,CO,20,33,29
India,"West Bengal",Kolkata,"Rabindra Bharati University, Kolkata - WBPCB","22-09-2026 22:00:00",22.627847,88.380669,OZONE,12,54,26
India,"Uttar Pradesh",Vrindavan," Chhatikara, Vrindavan - UPPCB","22-09-2026 22:00:00",27.57194,77.62346,NO2,0,15,4
India,"Uttar Pradesh",Vrindavan," Chhatikara, Vrindavan - UPPCB","22-09-2026 22:00:00",27.57194,77.62346,NH3,2,5,4
India,"West Bengal",Durgapur,"Womens College_City Center, Durgapur - WBPCB","22-09-2026 22:00:00",23.549395,87.300496,OZONE,15,23,19
India,"West Bengal",Durgapur,"Womens College_City Center, Durgapur - WBPCB","22-09-2026 22:00:00",23.549395,87.300496,NH3,NA,NA,NA
India,"Arunachal Pradesh",Naharlagun,"Naharlagun, Naharlagun - APSPCB","22-09-2026 22:00:00",27.103358,93.679645,CO,7,15,11
India,Assam,Byrnihat,"Central Academy for SFS, Byrnihat - PCBA","22-09-2026 22:00:00",26.071318,91.87488,SO2,31,32,32
India,Assam,Byrnihat,"Central Academy for SFS, Byrnihat - PCBA","22-09-2026 22:00:00",26.071318,91.87488,OZONE,17,20,18
India,Assam,Guwahati,"LGBI Airport, Guwahati - PCBA","22-09-2026 22:00:00",26.10887,91.589544,CO,8,37,29
India,Assam,Guwahati,"Pan Bazaar, Guwahati - PCBA","22-09-2026 22:00:00",26.1875,91.744194,OZONE,11,16,12
India,Assam,Guwahati,"Railway Colony, Guwahati - PCBA","22-09-2026 22:00:00",26.181742,91.78063,PM2.5,20,73,50
India,"Andhra Pradesh",Anantapur,"Gulzarpet, Anantapur - APPCB","22-09-2026 22:00:00",14.675886,77.593027,SO2,7,16,9
India,"Andhra Pradesh",Eluru,"District Court, Eluru - APPCB","22-09-2026 22:00:00",16.711754,81.092095,PM2.5,42,70,55
India,"Andhra Pradesh",Eluru,"District Court, Eluru - APPCB","22-09-2026 22:00:00",16.711754,81.092095,PM10,46,72,58
India,"Andhra Pradesh",Eluru,"District Court, Eluru - APPCB","22-09-2026 22:00:00",16.711754,81.092095,NH3,3,6,4
India,Assam,Guwahati,"IITG, Guwahati - PCBA","22-09-2026 22:00:00",26.2028636,91.70046436,NO2,1,4,2
India,Assam,Nagaon,"Christianpatty, Nagaon - PCBA","22-09-2026 22:00:00",26.349082,92.68449,PM2.5,41,73,52
India,Assam,Nagaon,"Christianpatty, Nagaon - PCBA","22-09-2026 22:00:00",26.349082,92.68449,PM10,34,67,46
India,Assam,Nagaon,"Christianpatty, Nagaon - PCBA","22-09-2026 22:00:00",26.349082,92.68449,NO2,1,1,1
India,"Andhra Pradesh",Tirumala,"Toll Gate, Tirumala - APPCB","22-09-2026 22:00:00",13.67,79.35,PM2.5,2,30,18
India,"Andhra Pradesh",Tirumala,"Toll Gate, Tirumala - APPCB","22-09-2026 22:00:00",13.67,79.35,SO2,3,8,5
India,"Andhra Pradesh",Tirupati,"Vaikuntapuram, Tirupati - APPCB","22-09-2026 22:00:00",13.615387,79.40923,PM10,NA,NA,NA
India,"Andhra Pradesh",Tirupati,"Vaikuntapuram, Tirupati - APPCB","22-09-2026 22:00:00",13.615387,79.40923,SO2,NA,NA,NA
India,"Andhra Pradesh",Nellore,"Ambedkar Nagar, Nellore - APPCB ","22-09-2026 22:00:00",14.438164,79.966814,NO2,26,37,33
India,"Andhra Pradesh",Nellore,"Ambedkar Nagar, Nellore - APPCB ","22-09-2026 22:00:00",14.438164,79.966814,SO2,11,20,16
India,"Andhra Pradesh",Rajamahendravaram,"Anand Kala Kshetram, Rajamahendravaram - APPCB","22-09-2026 22:00:00",16.9872867,81.7363176,PM10,33,81,52
India,"Andhra Pradesh",Guntur,"Rajendra Nagar North, Guntur - APPCB","22-09-2026 22:00:00",16.316553,80.413302,NH3,5,17,8
India,"Andhra Pradesh",Guntur,"Rajendra Nagar North, Guntur - APPCB","22-09-2026 22:00:00",16.316553,80.413302,OZONE,14,38,23
India,"Andhra Pradesh",Kakinada,"Rama Rao Peta, Kakinada - APPCB","22-09-2026 22:00:00",16.962488,82.229513,PM10,24,88,50
India,"Andhra Pradesh",Visakhapatnam,"GVM Corporation, Visakhapatnam - APPCB","22-09-2026 22:00:00",17.72,83.3,CO,14,71,45
India,"Arunachal Pradesh",Naharlagun,"Naharlagun, Naharlagun - APSPCB","22-09-2026 22:00:00",27.103358,93.679645,PM2.5,6,60,36
India,"Andhra Pradesh",Amaravati,"Secretariat, Amaravati - APPCB","22-09-2026 22:00:00",16.5150833,80.5181667,SO2,1,122,12
India,"Andhra Pradesh",Anantapur,"Gulzarpet, Anantapur - APPCB","22-09-2026 22:00:00",14.675886,77.593027,PM2.5,48,85,60
India,"Andhra Pradesh",Vijayawada,"HB Colony, Vijayawada - APPCB","22-09-2026 22:00:00",16.536107,80.594233,PM2.5,49,68,59
India,"Andhra Pradesh",Kakinada,"Rama Rao Peta, Kakinada - APPCB","22-09-2026 22:00:00",16.962488,82.229513,CO,49,61,55
India,Bihar,Bhagalpur,"Mayaganj, Bhagalpur - BSPCB","22-09-2026 22:00:00",25.265194,87.012947,PM2.5,13,302,58
India,Bihar,Bhagalpur,"Mayaganj, Bhagalpur - BSPCB","22-09-2026 22:00:00",25.265194,87.012947,PM10,21,145,49
India,Bihar,Bhagalpur,"Mayaganj, Bhagalpur - BSPCB","22-09-2026 22:00:00",25.265194,87.012947,NO2,20,28,22
India,Bihar,Gaya,"SFTI Kusdihra, Gaya - BSPCB","22-09-2026 22:00:00",24.762518,84.982348,SO2,8,9,9
India,Bihar,Gaya,"SFTI Kusdihra, Gaya - BSPCB","22-09-2026 22:00:00",24.762518,84.982348,CO,25,36,29
India,Bihar,Katihar,"Mirchaibari, Katihar - BSPCB","22-09-2026 22:00:00",25.560083,87.553265,PM10,20,53,37
India,Assam,Nalbari,"Bata Chowk, Nalbari - PCBA","22-09-2026 22:00:00",26.446912,91.439057,PM10,18,81,54
India,Assam,Silchar,"Tarapur, Silchar - PCBA","22-09-2026 22:00:00",24.82827,92.79525,PM2.5,27,28,27
India,Assam,Silchar,"Tarapur, Silchar - PCBA","22-09-2026 22:00:00",24.82827,92.79525,NO2,15,16,15
India,Assam,Silchar,"Tarapur, Silchar - PCBA","22-09-2026 22:00:00",24.82827,92.79525,SO2,4,5,4
India,Assam,Sivasagar,"Girls College, Sivasagar - PCBA","22-09-2026 22:00:00",26.987634,94.636574,NH3,NA,NA,NA
India,Bihar,Arrah,"New DM Office, Arrah - BSPCB","22-09-2026 22:00:00",25.5626095,84.663264,PM10,40,49,42
India,Bihar,Arrah,"New DM Office, Arrah - BSPCB","22-09-2026 22:00:00",25.5626095,84.663264,NO2,5,9,7
India,Bihar,Arrah,"New DM Office, Arrah - BSPCB","22-09-2026 22:00:00",25.5626095,84.663264,OZONE,7,10,8
India,Bihar,Begusarai,"Lohiyanagar, Begusarai - BSPCB","22-09-2026 22:00:00",25.42742023,86.13886079,PM10,4,156,38
India,Bihar,Manguraha,"Forest Rest House, Manguraha - BSPCB","22-09-2026 22:00:00",27.308328,84.531742,NO2,6,27,21
India,Bihar,Motihari,"Gandak Colony, Motihari - BSPCB","22-09-2026 22:00:00",26.63086,84.90051,OZONE,51,56,53
India,Bihar,Munger,"Town Hall, Munger - BSPCB","22-09-2026 22:00:00",25.376776,86.471523,PM10,NA,NA,NA
India,Bihar,Kishanganj,"SDM Office_Khagra, Kishanganj - BSPCB","22-09-2026 22:00:00",26.0881305,87.93840336,SO2,6,11,8
India,Bihar,Muzaffarpur,"Buddha Colony, Muzaffarpur - BSPCB","22-09-2026 22:00:00",26.11442,85.39813,PM10,34,91,60
India,Assam,Sivasagar,"Girls College, Sivasagar - PCBA","22-09-2026 22:00:00",26.987634,94.636574,OZONE,17,43,30
India,Bihar,Bettiah,"Kamalnath Nagar, Bettiah - BSPCB","22-09-2026 22:00:00",26.80365,84.51954,OZONE,12,31,17
India,Bihar,Bettiah,"Kamalnath Nagar, Bettiah - BSPCB","22-09-2026 22:00:00",26.80365,84.51954,NO2,22,53,28
India,Chhattisgarh,Kunjemura,"OP Jindal School, Kunjemura - CECB","22-09-2026 22:00:00",22.12665,83.483212,NH3,2,2,2
India,Chhattisgarh,Kunjemura,"OP Jindal School, Kunjemura - CECB","22-09-2026 22:00:00",22.12665,83.483212,CO,11,20,14
India,Chhattisgarh,Milupara,"Govt. Higher Secondary School, Milupara - CECB","22-09-2026 22:00:00",22.1910172,83.5197009,NO2,5,23,10
India,Chhattisgarh,Milupara,"Govt. Higher Secondary School, Milupara - CECB","22-09-2026 22:00:00",22.1910172,83.5197009,NH3,1,2,2
India,Chhattisgarh,Milupara,"Govt. Higher Secondary School, Milupara - CECB","22-09-2026 22:00:00",22.1910172,83.5197009,SO2,12,14,13
India,Chhattisgarh,Raipur,"Krishak Nagar, Raipur - CECB","22-09-2026 22:00:00",21.237755,81.705301,SO2,9,21,13
India,Chhattisgarh,Raipur,"Bhatagaon New ISBT, Raipur - CECB","22-09-2026 22:00:00",21.219665,81.630094,SO2,2,6,4
India,Bihar,Patna,"Govt. High School Shikarpur, Patna - BSPCB","22-09-2026 22:00:00",25.592539,85.227158,PM10,103,165,120
India,Bihar,Patna,"Govt. High School Shikarpur, Patna - BSPCB","22-09-2026 22:00:00",25.592539,85.227158,SO2,11,14,13
India,Bihar,Patna,"Govt. High School Shikarpur, Patna - BSPCB","22-09-2026 22:00:00",25.592539,85.227158,OZONE,40,92,71
India,Bihar,Patna,"IGSC Planetarium Complex, Patna - BSPCB","22-09-2026 22:00:00",25.610369,85.132568,PM10,NA,NA,NA
India,Bihar,Patna,"IGSC Planetarium Complex, Patna - BSPCB","22-09-2026 22:00:00",25.610369,85.132568,CO,9,12,11
India,Bihar,Purnia,"Mariam Nagar, Purnia - BSPCB","22-09-2026 22:00:00",25.366336,87.117468,PM10,NA,NA,NA
India,Chhattisgarh,Bhilai,"Hathkhoj, Bhilai - CECB","22-09-2026 22:00:00",21.224231,81.40835,NO2,8,25,14
India,Chhattisgarh,Bhilai,"32Bungalows, Bhilai - CECB","22-09-2026 22:00:00",21.194815,81.31477,PM10,26,55,39
India,Chhattisgarh,Bhilai,"32Bungalows, Bhilai - CECB","22-09-2026 22:00:00",21.194815,81.31477,NO2,7,32,15
India,Chhattisgarh,Bhilai,"32Bungalows, Bhilai - CECB","22-09-2026 22:00:00",21.194815,81.31477,NH3,4,4,4
India,Chhattisgarh,Bhilai,"32Bungalows, Bhilai - CECB","22-09-2026 22:00:00",21.194815,81.31477,SO2,6,26,13
India,Chhattisgarh,Bilaspur,"Mangala, Bilaspur - NTPC","22-09-2026 22:00:00",22.08815,82.13737,NH3,NA,NA,NA
India,Chhattisgarh,Korba,"Urja Nagar, Korba - CECB","22-09-2026 22:00:00",22.348441,82.549611,SO2,7,13,9
India,Chhattisgarh,Korba,"Rampur, Korba - CECB","22-09-2026 22:00:00",22.368195,82.746431,OZONE,10,28,22
India,Chhattisgarh,Kunjemura,"OP Jindal School, Kunjemura - CECB","22-09-2026 22:00:00",22.12665,83.483212,PM2.5,7,33,15
India,Bihar,Patna,"Muradpur, Patna - BSPCB","22-09-2026 22:00:00",25.619651,85.147382,NH3,4,5,5
India,Bihar,Patna,"DRM Office Danapur, Patna - BSPCB","22-09-2026 22:00:00",25.586562,85.043586,PM2.5,26,80,39
India,Bihar,Patna,"DRM Office Danapur, Patna - BSPCB","22-09-2026 22:00:00",25.586562,85.043586,PM10,26,177,67
India,Bihar,Samastipur,"DM Office_Kasipur, Samastipur - BSPCB","22-09-2026 22:00:00",25.859655,85.77944,CO,3,12,7
India,Bihar,Sasaram,"Dada Peer, Sasaram - BSPCB","22-09-2026 22:00:00",24.952822,84.002396,PM10,1,27,12
India,Chandigarh,Chandigarh,"Sector-25, Chandigarh - CPCC","22-09-2026 22:00:00",30.751462,76.762879,NH3,5,11,7
India,Chandigarh,Chandigarh,"Sector 22, Chandigarh - CPCC","22-09-2026 22:00:00",30.735567,76.775714,PM2.5,18,48,30
India,Bihar,Siwan,"Chitragupta Nagar, Siwan - BSPCB","22-09-2026 22:00:00",26.2271665,84.3570427,NO2,2,2,2
India,Bihar,Siwan,"Chitragupta Nagar, Siwan - BSPCB","22-09-2026 22:00:00",26.2271665,84.3570427,CO,60,69,64
India,Chhattisgarh,Chhal,"Nawapara SECL Colony, Chhal - CECB","22-09-2026 22:00:00",22.118125,83.140608,NH3,2,2,2
India,Delhi,Delhi,"Punjabi Bagh, Delhi - DPCC","22-09-2026 22:00:00",28.674045,77.131023,SO2,NA,NA,NA
India,Delhi,Delhi,"Punjabi Bagh, Delhi - DPCC","22-09-2026 22:00:00",28.674045,77.131023,CO,22,85,56
India,Delhi,Delhi,"DTU, Delhi - CPCB","22-09-2026 22:00:00",28.7500499,77.1112615,SO2,29,34,30
India,Delhi,Delhi,"DTU, Delhi - CPCB","22-09-2026 22:00:00",28.7500499,77.1112615,OZONE,1,62,31
India,Delhi,Delhi,"Dwarka-Sector 8, Delhi - DPCC ","22-09-2026 22:00:00",28.5710274,77.0719006,NO2,25,70,48
India,Delhi,Delhi,"Dr. Karni Singh Shooting Range, Delhi - DPCC","22-09-2026 22:00:00",28.498571,77.26484,PM2.5,52,302,151
India,Delhi,Delhi,"Dr. Karni Singh Shooting Range, Delhi - DPCC","22-09-2026 22:00:00",28.498571,77.26484,NH3,6,8,7
India,Delhi,Delhi,"Dr. Karni Singh Shooting Range, Delhi - DPCC","22-09-2026 22:00:00",28.498571,77.26484,OZONE,7,87,43
India,Delhi,Delhi,"Shadipur, Delhi - CPCB","22-09-2026 22:00:00",28.6514781,77.1473105,NH3,5,8,6
India,Delhi,Delhi,"Shadipur, Delhi - CPCB","22-09-2026 22:00:00",28.6514781,77.1473105,SO2,2,14,6
India,Delhi,Delhi,"Mandir Marg, Delhi - DPCC","22-09-2026 22:00:00",28.636429,77.201067,PM2.5,NA,NA,NA
India,Delhi,Delhi,"Mandir Marg, Delhi - DPCC","22-09-2026 22:00:00",28.636429,77.201067,NO2,NA,NA,NA
India,Delhi,Delhi,"Mandir Marg, Delhi - DPCC","22-09-2026 22:00:00",28.636429,77.201067,SO2,NA,NA,NA
India,Delhi,Delhi,"Jahangirpuri, Delhi - DPCC","22-09-2026 22:00:00",28.73282,77.170633,PM10,135,318,184
India,Delhi,Delhi,"Jahangirpuri, Delhi - DPCC","22-09-2026 22:00:00",28.73282,77.170633,SO2,11,18,14
India,Delhi,Delhi,"IHBAS, Dilshad Garden, Delhi - CPCB","22-09-2026 22:00:00",28.6811736,77.3025234,PM2.5,142,252,185
India,Delhi,Delhi,"Patparganj, Delhi - DPCC","22-09-2026 22:00:00",28.623763,77.287209,PM2.5,85,350,166
India,Delhi,Delhi,"Patparganj, Delhi - DPCC","22-09-2026 22:00:00",28.623763,77.287209,NO2,13,62,30
India,Delhi,Delhi,"Patparganj, Delhi - DPCC","22-09-2026 22:00:00",28.623763,77.287209,NH3,6,7,7
India,Delhi,Delhi,"Patparganj, Delhi - DPCC","22-09-2026 22:00:00",28.623763,77.287209,CO,55,82,67
India,Delhi,Delhi,"Major Dhyan Chand National Stadium, Delhi - DPCC","22-09-2026 22:00:00",28.611281,77.237738,NO2,26,107,61
India,Delhi,Delhi,"Major Dhyan Chand National Stadium, Delhi - DPCC","22-09-2026 22:00:00",28.611281,77.237738,SO2,26,49,36
India,Delhi,Delhi,"Major Dhyan Chand National Stadium, Delhi - DPCC","22-09-2026 22:00:00",28.611281,77.237738,CO,54,100,67
India,Delhi,Delhi,"Sonia Vihar, Delhi - DPCC","22-09-2026 22:00:00",28.710508,77.249485,PM10,127,167,148
India,Delhi,Delhi,"Sonia Vihar, Delhi - DPCC","22-09-2026 22:00:00",28.710508,77.249485,OZONE,7,40,29
India,Delhi,Delhi,"Bawana, Delhi - DPCC","22-09-2026 22:00:00",28.7762,77.051074,PM2.5,85,331,183
India,Delhi,Delhi,"Mundka, Delhi - DPCC","22-09-2026 22:00:00",28.684678,77.076574,SO2,11,25,18
India,Delhi,Delhi,"Mundka, Delhi - DPCC","22-09-2026 22:00:00",28.684678,77.076574,OZONE,4,10,7
India,Delhi,Delhi,"NSUT Jaffarpur, Delhi - DPCC","22-09-2026 22:00:00",28.594004,76.909423,PM2.5,86,302,175
India,Delhi,Delhi,"Punjabi Bagh, Delhi - DPCC","22-09-2026 22:00:00",28.674045,77.131023,PM10,NA,NA,NA
India,Chhattisgarh,Raipur,"Siltara Phase-II, Raipur - CECB","22-09-2026 22:00:00",21.371751,81.664929,CO,17,23,19
India,Chhattisgarh,Tumidih,"OP Jindal Industrial Park, Tumidih - CECB","22-09-2026 22:00:00",22.06631475,83.33820077,NO2,9,33,19
India,Chhattisgarh,Tumidih,"OP Jindal Industrial Park, Tumidih - CECB","22-09-2026 22:00:00",22.06631475,83.33820077,OZONE,8,8,8
India,Delhi,Delhi,"Wazirpur, Delhi - DPCC","22-09-2026 22:00:00",28.699793,77.165453,PM10,160,410,247
India,Delhi,Delhi,"Wazirpur, Delhi - DPCC","22-09-2026 22:00:00",28.699793,77.165453,NO2,41,86,60
India,Delhi,Delhi,"Narela, Delhi - DPCC","22-09-2026 22:00:00",28.822836,77.101981,NH3,7,11,9
India,Delhi,Delhi,"Narela, Delhi - DPCC","22-09-2026 22:00:00",28.822836,77.101981,CO,22,50,40
India,Delhi,Delhi,"Bawana, Delhi - DPCC","22-09-2026 22:00:00",28.7762,77.051074,CO,30,57,40
India,Delhi,Delhi,"Okhla Phase-2, Delhi - DPCC","22-09-2026 22:00:00",28.530785,77.271255,NO2,17,68,42
India,Delhi,Delhi,"Vivek Vihar, Delhi - DPCC","22-09-2026 22:00:00",28.672342,77.31526,NO2,32,98,54
India,Chhattisgarh,Raipur,"AIIMS, Raipur - CECB","22-09-2026 22:00:00",21.258815,81.578979,OZONE,24,46,32
India,Chhattisgarh,Raipur,"Siltara Phase-II, Raipur - CECB","22-09-2026 22:00:00",21.371751,81.664929,PM2.5,18,82,40
India,Delhi,Delhi,"Jawaharlal Nehru Stadium, Delhi - DPCC","22-09-2026 22:00:00",28.58028,77.233829,PM2.5,80,233,161
India,Delhi,Delhi,"Pusa, Delhi - IITM","22-09-2026 22:00:00",28.63611,77.173332,NH3,NA,NA,NA
India,Delhi,Delhi,"Pusa, Delhi - IITM","22-09-2026 22:00:00",28.63611,77.173332,SO2,NA,NA,NA
India,Delhi,Delhi,"Pusa, Delhi - IITM","22-09-2026 22:00:00",28.63611,77.173332,OZONE,37,228,129
India,Delhi,Delhi,"IIT Delhi, Delhi - IITM","22-09-2026 22:00:00",28.54246,77.191651,PM10,164,378,216
India,Delhi,Delhi,"IGI Airport (T3), Delhi - IITM","22-09-2026 22:00:00",28.5627763,77.1180053,OZONE,40,304,153
India,Delhi,Delhi,"IGNOU_Maidan Garhi, Delhi - DPCC","22-09-2026 22:00:00",28.493624,77.201159,SO2,7,8,7
India,Delhi,Delhi,"Commonwealth Sports Complex, Delhi - DPCC","22-09-2026 22:00:00",28.615828,77.271992,PM2.5,116,211,163
India,Delhi,Delhi,"Commonwealth Sports Complex, Delhi - DPCC","22-09-2026 22:00:00",28.615828,77.271992,NO2,12,64,36
India,Delhi,Delhi,"Commonwealth Sports Complex, Delhi - DPCC","22-09-2026 22:00:00",28.615828,77.271992,CO,68,105,88
India,Delhi,Delhi,"Talkatora Garden, Delhi - DPCC","22-09-2026 22:00:00",28.62181,77.1944633,NH3,0,3,2
India,Delhi,Delhi,"NSIT Dwarka, Delhi - CPCB","22-09-2026 22:00:00",28.60909,77.0325413,OZONE,14,23,17
India,Delhi,Delhi,"Burari Crossing, Delhi - IITM","22-09-2026 22:00:00",28.7256504,77.2011573,PM10,109,284,156
India,Delhi,Delhi,"IMD Lodhi Road, Delhi - IITM","22-09-2026 22:00:00",28.5918245,77.2273074,SO2,NA,NA,NA
India,Delhi,Delhi,"JNU, Delhi - DPCC","22-09-2026 22:00:00",28.540721,77.168544,NH3,0,7,2
India,Delhi,Delhi,"ITO, Delhi - CPCB","22-09-2026 22:00:00",28.628624,77.24106,NO2,38,82,62
India,Delhi,Delhi,"R K Puram, Delhi - DPCC","22-09-2026 22:00:00",28.563262,77.186937,PM10,121,334,191
India,Gujarat,Ahmedabad,"Maninagar, Ahmedabad - GPCB","22-09-2026 22:00:00",23.002657,72.591912,NO2,19,35,27
India,Gujarat,Ahmedabad,"SAC ISRO Bopal, Ahmedabad - IITM","22-09-2026 22:00:00",23.041137,72.456691,CO,16,36,24
India,Gujarat,Ankleshwar,"GIDC, Ankleshwar - GPCB","22-09-2026 22:00:00",21.613267,73.010555,SO2,13,20,18
India,Gujarat,Gandhinagar,"Sector-10, Gandhinagar - GPCB","22-09-2026 22:00:00",23.221714,72.654328,NO2,7,9,8
India,Gujarat,Ahmedabad,"Chandkheda, Ahmedabad - IITM","22-09-2026 22:00:00",23.107969,72.574648,PM2.5,5,312,184
India,Gujarat,Ahmedabad,"Raikhad, Ahmedabad - IITM","22-09-2026 22:00:00",23.020509,72.579261,PM10,68,190,105
India,Gujarat,Ahmedabad,"Raikhad, Ahmedabad - IITM","22-09-2026 22:00:00",23.020509,72.579261,SO2,3,8,6
India,Delhi,Delhi,"R K Puram, Delhi - DPCC","22-09-2026 22:00:00",28.563262,77.186937,CO,46,93,63
India,Delhi,Delhi,"North Campus, DU, Delhi - IITM","22-09-2026 22:00:00",28.6573814,77.1585447,NH3,NA,NA,NA
India,Delhi,Delhi,"North Campus, DU, Delhi - IITM","22-09-2026 22:00:00",28.6573814,77.1585447,OZONE,28,82,54
India,Gujarat,Gandhinagar,"Sector-10, Gandhinagar - GPCB","22-09-2026 22:00:00",23.221714,72.654328,CO,14,15,15
India,Gujarat,Gandhinagar,"GIFT City, Gandhinagar - IITM","22-09-2026 22:00:00",23.163798,72.677768,PM2.5,NA,NA,NA
India,Gujarat,Ahmedabad,"Rakhial, Ahmedabad - IITM","22-09-2026 22:00:00",23.016834,72.625775,SO2,36,108,61
India,Gujarat,Ahmedabad,"Rakhial, Ahmedabad - IITM","22-09-2026 22:00:00",23.016834,72.625775,CO,5,45,20
India,Delhi,Delhi,"Sirifort, Delhi - CPCB","22-09-2026 22:00:00",28.5504249,77.2159377,CO,31,63,41
India,Delhi,Delhi,"Pusa, Delhi - DPCC","22-09-2026 22:00:00",28.639652,77.146275,OZONE,6,12,9
India,Gujarat,Surat,"Science Center, Surat - SMC","22-09-2026 22:00:00",21.170046,72.795405,PM10,31,102,63
India,Gujarat,Surat,"Science Center, Surat - SMC","22-09-2026 22:00:00",21.170046,72.795405,NO2,2,9,5
India,Gujarat,Surat,"Science Center, Surat - SMC","22-09-2026 22:00:00",21.170046,72.795405,SO2,17,18,17
India,Gujarat,Surat,"Science Center, Surat - SMC","22-09-2026 22:00:00",21.170046,72.795405,CO,61,69,65
India,Gujarat,Surat,"Katargam, Surat - Nexteng Enviro","22-09-2026 22:00:00",21.217779,72.834787,PM2.5,37,118,65
India,Gujarat,Surat,"Katargam, Surat - Nexteng Enviro","22-09-2026 22:00:00",21.217779,72.834787,SO2,11,13,12
India,Gujarat,Vadodara,"Bapunagar, Vadodara - Nexteng Enviro","22-09-2026 22:00:00",22.320153,73.216285,PM2.5,37,143,74
India,Gujarat,Vadodara,"Bapunagar, Vadodara - Nexteng Enviro","22-09-2026 22:00:00",22.320153,73.216285,PM10,49,128,85
India,Gujarat,Vadodara,"Bapunagar, Vadodara - Nexteng Enviro","22-09-2026 22:00:00",22.320153,73.216285,NH3,1,3,2
India,Gujarat,Vadodara,"Bapunagar, Vadodara - Nexteng Enviro","22-09-2026 22:00:00",22.320153,73.216285,CO,79,90,84
India,Haryana,Fatehabad,"Huda Sector, Fatehabad - HSPCB","22-09-2026 22:00:00",29.503664,75.467934,NH3,13,15,14
India,Haryana,Gurugram,"NISE Gwal Pahari, Gurugram - IITM","22-09-2026 22:00:00",28.422681,77.148944,NO2,18,49,28
India,Haryana,Gurugram,"NISE Gwal Pahari, Gurugram - IITM","22-09-2026 22:00:00",28.422681,77.148944,OZONE,4,119,56
India,Haryana,Gurugram,"Sector-51, Gurugram - HSPCB","22-09-2026 22:00:00",28.4227,77.0667,PM10,29,221,92
India,Haryana,Gurugram,"Sector-51, Gurugram - HSPCB","22-09-2026 22:00:00",28.4227,77.0667,NO2,15,44,26
India,Haryana,Gurugram,"Sector-51, Gurugram - HSPCB","22-09-2026 22:00:00",28.4227,77.0667,SO2,8,10,9
India,Haryana,Gurugram,"Teri Gram, Gurugram - HSPCB","22-09-2026 22:00:00",28.4275,77.1465,PM10,109,186,145
India,Haryana,"Charkhi Dadri","Mini Secretariat, Charkhi Dadri - HSPCB","22-09-2026 22:00:00",28.593883,76.270653,PM2.5,23,212,127
India,Haryana,"Charkhi Dadri","Mini Secretariat, Charkhi Dadri - HSPCB","22-09-2026 22:00:00",28.593883,76.270653,NH3,5,9,6
India,Haryana,"Charkhi Dadri","Mini Secretariat, Charkhi Dadri - HSPCB","22-09-2026 22:00:00",28.593883,76.270653,CO,10,18,14
India,Haryana,Dharuhera,"Municipal Corporation Office, Dharuhera -  HSPCB","22-09-2026 22:00:00",28.2068,76.7997,NO2,8,40,26
India,Haryana,Faridabad,"Sector 11, Faridabad - HSPCB","22-09-2026 22:00:00",28.376058,77.315741,PM10,52,57,53
India,Haryana,Gurugram,"Teri Gram, Gurugram - HSPCB","22-09-2026 22:00:00",28.4275,77.1465,OZONE,16,77,33
India,Haryana,Hisar,"Urban Estate-II, Hisar - HSPCB","22-09-2026 22:00:00",29.14056,75.744941,CO,9,14,12
India,Haryana,Jind,"Police Lines, Jind - HSPCB","22-09-2026 22:00:00",29.307814,76.337619,PM10,75,97,87
India,Haryana,Jind,"Police Lines, Jind - HSPCB","22-09-2026 22:00:00",29.307814,76.337619,NH3,4,6,5
India,Haryana,Kaithal,"Rishi Nagar, Kaithal - HSPCB","22-09-2026 22:00:00",29.8006,76.4155,NH3,4,6,5
India,Haryana,Ballabgarh,"Nathu Colony, Ballabgarh - HSPCB","22-09-2026 22:00:00",28.3419248,77.319699,PM10,60,84,63
India,Haryana,Ballabgarh,"Nathu Colony, Ballabgarh - HSPCB","22-09-2026 22:00:00",28.3419248,77.319699,NO2,19,21,20
India,Haryana,Ballabgarh,"Nathu Colony, Ballabgarh - HSPCB","22-09-2026 22:00:00",28.3419248,77.319699,NH3,4,5,5
India,Haryana,Ballabgarh,"Nathu Colony, Ballabgarh - HSPCB","22-09-2026 22:00:00",28.3419248,77.319699,SO2,2,3,3
India,Haryana,Ballabgarh,"Nathu Colony, Ballabgarh - HSPCB","22-09-2026 22:00:00",28.3419248,77.319699,OZONE,6,75,37
India,Haryana,Bhiwani,"H.B. Colony, Bhiwani - HSPCB","22-09-2026 22:00:00",28.806223,76.141105,OZONE,15,25,20
India,Gujarat,Vapi,"Phase-1 GIDC, Vapi - GPCB","22-09-2026 22:00:00",20.362421,72.918013,CO,NA,NA,NA
India,Gujarat,Vatva,"Phase-4 GIDC, Vatva - GPCB","22-09-2026 22:00:00",22.969611,72.6435,NO2,19,35,27
India,Gujarat,Vatva,"Phase-4 GIDC, Vatva - GPCB","22-09-2026 22:00:00",22.969611,72.6435,CO,60,94,73
India,Haryana,Ambala,"Patti Mehar, Ambala - HSPCB","22-09-2026 22:00:00",30.379589,76.778328,PM10,77,292,134
India,Haryana,Ambala,"Patti Mehar, Ambala - HSPCB","22-09-2026 22:00:00",30.379589,76.778328,SO2,14,61,41
India,Gujarat,Mehsana,"Sadanand Nagar, Mehsana - Nexteng Enviro","22-09-2026 22:00:00",23.59315,72.372792,OZONE,10,11,11
India,Gujarat,Nandesari,"GIDC, Nandesari - Nandesari Ind. Association","22-09-2026 22:00:00",22.410802,73.097923,SO2,3,4,3
India,Gujarat,Nandesari,"GIDC, Nandesari - Nandesari Ind. Association","22-09-2026 22:00:00",22.410802,73.097923,OZONE,NA,NA,NA
India,Gujarat,Rajkot,"Mavdi, Rajkot - Nexteng Enviro ","22-09-2026 22:00:00",22.248853,70.776774,NO2,6,27,14
India,Haryana,Faridabad,"Sector 11, Faridabad - HSPCB","22-09-2026 22:00:00",28.376058,77.315741,OZONE,6,7,6
India,Haryana,Faridabad,"New Industrial Town, Faridabad - HSPCB","22-09-2026 22:00:00",28.39072,77.30059,PM10,151,185,166
India,Haryana,Kaithal,"Rishi Nagar, Kaithal - HSPCB","22-09-2026 22:00:00",29.8006,76.4155,OZONE,43,87,66
India,Haryana,Karnal,"Sector-12, Karnal - HSPCB","22-09-2026 22:00:00",29.6953,77.0027,NO2,9,21,15
India,Haryana,Sirsa,"F-Block, Sirsa - HSPCB","22-09-2026 22:00:00",29.5364,75.0158,SO2,31,48,38
India,Haryana,Sirsa,"F-Block, Sirsa - HSPCB","22-09-2026 22:00:00",29.5364,75.0158,OZONE,16,40,27
India,Haryana,Sonipat,"Murthal, Sonipat - HSPCB","22-09-2026 22:00:00",29.0272,77.0621,PM2.5,59,92,74
India,Haryana,Sonipat,"Murthal, Sonipat - HSPCB","22-09-2026 22:00:00",29.0272,77.0621,OZONE,48,52,50
India,"Himachal Pradesh",Baddi,"HIMUDA Complex Phase-1, Baddi - HPPCB","22-09-2026 22:00:00",30.943887,76.801991,NO2,1,38,12
India,"Himachal Pradesh",Baddi,"HIMUDA Complex Phase-1, Baddi - HPPCB","22-09-2026 22:00:00",30.943887,76.801991,CO,59,100,81
India,"Jammu and Kashmir",Srinagar,"Rajbagh, Srinagar - JKPCC","22-09-2026 22:00:00",34.066206,74.81982,SO2,NA,NA,NA
India,"Jammu and Kashmir",Srinagar,"Khunmoh, Srinagar - JKPCC","22-09-2026 22:00:00",34.06313,74.96017,NH3,NA,NA,NA
India,"Jammu and Kashmir",Srinagar,"Khunmoh, Srinagar - JKPCC","22-09-2026 22:00:00",34.06313,74.96017,SO2,2,5,4
India,"Jammu and Kashmir",Srinagar,"Khunmoh, Srinagar - JKPCC","22-09-2026 22:00:00",34.06313,74.96017,CO,NA,NA,NA
India,Haryana,Mandikhera,"General Hospital, Mandikhera(Nuh) - HSPCB","22-09-2026 22:00:00",27.9002,76.9938,NO2,32,35,34
India,Haryana,Manesar,"Sector-2 IMT, Manesar - HSPCB","22-09-2026 22:00:00",28.360699,76.93609,NO2,17,72,30
India,Haryana,Narnaul,"Shastri Nagar, Narnaul - HSPCB","22-09-2026 22:00:00",28.060249,76.113115,NO2,24,25,25
India,Haryana,Narnaul,"Shastri Nagar, Narnaul - HSPCB","22-09-2026 22:00:00",28.060249,76.113115,NH3,2,3,2
India,Haryana,Palwal,"Shyam Nagar, Palwal - HSPCB","22-09-2026 22:00:00",28.1485564,77.3320667,PM2.5,36,76,55
India,Haryana,Palwal,"Shyam Nagar, Palwal - HSPCB","22-09-2026 22:00:00",28.1485564,77.3320667,OZONE,10,10,10
India,Haryana,Panchgaon,"Amity University, Panchgaon - IITM","22-09-2026 22:00:00",28.3153,76.9143,PM2.5,0,15,3
India,Karnataka,Bengaluru,"Hebbal, Bengaluru - KSPCB","22-09-2026 22:00:00",13.029152,77.585901,PM10,17,70,40
India,Karnataka,Bengaluru,"Hombegowda Nagar, Bengaluru - KSPCB","22-09-2026 22:00:00",12.938539,77.5901,PM2.5,13,34,24
India,Karnataka,Bengaluru,"Peenya, Bengaluru - CPCB","22-09-2026 22:00:00",13.0270199,77.494094,PM2.5,NA,NA,NA
India,Karnataka,Bengaluru,"Jayanagar 5th Block, Bengaluru - KSPCB","22-09-2026 22:00:00",12.920984,77.584908,PM2.5,23,49,36
India,Karnataka,Bengaluru,"City Railway Station, Bengaluru - KSPCB","22-09-2026 22:00:00",12.9756843,77.5660749,PM10,76,93,91
India,Karnataka,Bengaluru,"City Railway Station, Bengaluru - KSPCB","22-09-2026 22:00:00",12.9756843,77.5660749,SO2,9,10,10
India,Haryana,Mandikhera,"General Hospital, Mandikhera(Nuh) - HSPCB","22-09-2026 22:00:00",27.9002,76.9938,PM2.5,23,25,24
India,Haryana,Panchkula,"Sector-6, Panchkula - HSPCB ","22-09-2026 22:00:00",30.7057778,76.8531805555555,NH3,NA,NA,NA
India,Karnataka,Chamarajanagar,"Urban, Chamarajanagar - KSPCB","22-09-2026 22:00:00",11.55358,76.55521,NO2,24,30,29
India,Haryana,Panipat,"Sector-18, Panipat - HSPCB","22-09-2026 22:00:00",29.432304,76.972765,NO2,5,9,7
India,Haryana,Karnal,"Sector-12, Karnal - HSPCB","22-09-2026 22:00:00",29.6953,77.0027,SO2,12,13,12
India,Karnataka,Mangalore,"Kadri, Mangalore - KSPCB","22-09-2026 22:00:00",12.88925,74.853,OZONE,35,35,35
India,Karnataka,Mysuru,"Hebbal 1st Stage, Mysuru - KSPCB","22-09-2026 22:00:00",12.21041,76.37376,OZONE,10,100,45
India,Karnataka,Ramanagara,"Vijay Nagar, Ramanagara - KSPCB","22-09-2026 22:00:00",12.733409,77.298051,PM2.5,3,44,23
India,Karnataka,Ramanagara,"Vijay Nagar, Ramanagara - KSPCB","22-09-2026 22:00:00",12.733409,77.298051,OZONE,23,35,26
India,Karnataka,Shivamogga,"Vinoba Nagara, Shivamogga - KSPCB","22-09-2026 22:00:00",13.94,75.555917,NH3,2,2,2
India,Karnataka,Shivamogga,"Vinoba Nagara, Shivamogga - KSPCB","22-09-2026 22:00:00",13.94,75.555917,SO2,1,6,4
India,Karnataka,Shivamogga,"Vinoba Nagara, Shivamogga - KSPCB","22-09-2026 22:00:00",13.94,75.555917,OZONE,52,63,56
India,Karnataka,Udupi,"Brahmagiri, Udupi - KSPCB","22-09-2026 22:00:00",13.34194444,74.74694444,PM10,23,115,62
India,Karnataka,Udupi,"Brahmagiri, Udupi - KSPCB","22-09-2026 22:00:00",13.34194444,74.74694444,NH3,2,3,2
India,Karnataka,Yadgir,"Collector Office, Yadgir - KSPCB","22-09-2026 22:00:00",16.7602,77.1428,PM10,NA,NA,NA
India,Karnataka,Dharwad,"Kalabhavan, Dharwad - KSPCB","22-09-2026 22:00:00",15.459706,75.008381,PM2.5,48,57,52
India,Karnataka,Dharwad,"Kalabhavan, Dharwad - KSPCB","22-09-2026 22:00:00",15.459706,75.008381,PM10,70,87,77
India,Karnataka,Dharwad,"Kalabhavan, Dharwad - KSPCB","22-09-2026 22:00:00",15.459706,75.008381,SO2,8,8,8
India,Karnataka,Hubballi,"Lingaraj Nagar, Hubballi - KSPCB","22-09-2026 22:00:00",15.3714823,75.1160168,NO2,7,13,9
India,Karnataka,Hubballi,"Lingaraj Nagar, Hubballi - KSPCB","22-09-2026 22:00:00",15.3714823,75.1160168,CO,8,17,13
India,Karnataka,Kalaburagi,"Mahatma Basaveswar Colony, Kalaburgi - KSPCB","22-09-2026 22:00:00",17.336318,76.847397,NH3,2,2,2
India,Karnataka,Kalaburagi,"Mahatma Basaveswar Colony, Kalaburgi - KSPCB","22-09-2026 22:00:00",17.336318,76.847397,CO,44,57,47
India,Karnataka,Yadgir,"Collector Office, Yadgir - KSPCB","22-09-2026 22:00:00",16.7602,77.1428,OZONE,1,17,6
India,Kerala,Eloor,"Udyogamandal, Eloor - Kerala PCB","22-09-2026 22:00:00",10.073232,76.302765,PM2.5,86,97,91
India,Kerala,Eloor,"Udyogamandal, Eloor - Kerala PCB","22-09-2026 22:00:00",10.073232,76.302765,PM10,63,70,66
India,Kerala,Eloor,"Udyogamandal, Eloor - Kerala PCB","22-09-2026 22:00:00",10.073232,76.302765,OZONE,28,30,29
India,Kerala,Thiruvananthapuram,"Plammoodu, Thiruvananthapuram - Kerala PCB","22-09-2026 22:00:00",8.5149093,76.9435879,SO2,7,18,14
India,Kerala,Thiruvananthapuram,"Kariavattom, Thiruvananthapuram - Kerala PCB","22-09-2026 22:00:00",8.5637,76.8865,NH3,0,0,0
India,Kerala,Thrissur,"Corporation Ground, Thrissur - Kerala PCB","22-09-2026 22:00:00",10.5324,76.2159,PM10,47,58,52
India,Kerala,Thrissur,"Corporation Ground, Thrissur - Kerala PCB","22-09-2026 22:00:00",10.5324,76.2159,NO2,8,9,9
India,Kerala,Thrissur,"Corporation Ground, Thrissur - Kerala PCB","22-09-2026 22:00:00",10.5324,76.2159,CO,11,14,13
India,Karnataka,Kolar,"Tamaka Ind. Area, Kolar - KSPCB","22-09-2026 22:00:00",13.1276288,78.1570122,PM2.5,NA,NA,NA
India,Karnataka,Kolar,"Tamaka Ind. Area, Kolar - KSPCB","22-09-2026 22:00:00",13.1276288,78.1570122,PM10,NA,NA,NA
India,Karnataka,Madikeri,"Stuart Hill, Madikeri - KSPCB","22-09-2026 22:00:00",12.415911,75.73505,PM10,17,30,22
India,Karnataka,Madikeri,"Stuart Hill, Madikeri - KSPCB","22-09-2026 22:00:00",12.415911,75.73505,NH3,1,2,1
India,Ladakh,Leh,"Skara Yokma, Leh - LPCC","22-09-2026 22:00:00",34.147096,77.55709,NO2,NA,NA,NA
India,Ladakh,Leh,"Skara Yokma, Leh - LPCC","22-09-2026 22:00:00",34.147096,77.55709,OZONE,88,328,268
India,"Madhya Pradesh",Bhopal,"Idgah Hills, Bhopal - MPPCB","22-09-2026 22:00:00",23.264759,77.381568,NO2,6,16,9
India,Karnataka,Chikkaballapur,"Chikkaballapur Rural, Chikkaballapur - KSPCB","22-09-2026 22:00:00",13.428828,77.731418,NO2,2,5,3
India,Karnataka,Chikkaballapur,"Chikkaballapur Rural, Chikkaballapur - KSPCB","22-09-2026 22:00:00",13.428828,77.731418,NH3,1,1,1
India,Karnataka,Chikkamagaluru,"Kalyana Nagara, Chikkamagaluru - KSPCB","22-09-2026 22:00:00",13.328028,75.797056,PM10,29,43,33
India,Kerala,Thiruvananthapuram,"Kariavattom, Thiruvananthapuram - Kerala PCB","22-09-2026 22:00:00",8.5637,76.8865,PM2.5,50,60,55
India,Karnataka,Mangalore,"Kadri, Mangalore - KSPCB","22-09-2026 22:00:00",12.88925,74.853,PM2.5,16,68,42
India,Maharashtra,Amravati,"Shri Shivaji Science College, Amravati - MPCB","22-09-2026 22:00:00",20.939198,77.765701,SO2,7,9,8
India,Maharashtra,Amravati,"Shivneri Colony, Amravati - MPCB","22-09-2026 22:00:00",20.9402359,77.7895248,NO2,4,17,9
India,Maharashtra,Aurangabad,"MIDC Chilkalthana, Aurangabad - MPCB","22-09-2026 22:00:00",19.87562,75.38731,NO2,1,19,12
India,Maharashtra,Aurangabad,"MIDC Chilkalthana, Aurangabad - MPCB","22-09-2026 22:00:00",19.87562,75.38731,CO,26,28,27
India,Maharashtra,Aurangabad,"Rachnakar Colony, Aurangabad - MPCB","22-09-2026 22:00:00",19.863756,75.321188,PM10,54,84,66
India,Maharashtra,Aurangabad,"Rachnakar Colony, Aurangabad - MPCB","22-09-2026 22:00:00",19.863756,75.321188,CO,23,36,30
India,Maharashtra,Aurangabad,"Rachnakar Colony, Aurangabad - MPCB","22-09-2026 22:00:00",19.863756,75.321188,OZONE,9,11,10
India,Maharashtra,Aurangabad,"More Chowk Waluj, Aurangabad - MPCB","22-09-2026 22:00:00",19.8389439,75.244448,NO2,8,12,10
India,Maharashtra,Aurangabad,"More Chowk Waluj, Aurangabad - MPCB","22-09-2026 22:00:00",19.8389439,75.244448,NH3,7,8,7
India,"Madhya Pradesh",Katni,"Gole Bazar, Katni - MPPCB","22-09-2026 22:00:00",23.50016,80.23284,CO,26,60,43
India,"Madhya Pradesh",Mandideep,"Sector-D Industrial Area, Mandideep - MPPCB","22-09-2026 22:00:00",23.10844,77.511428,PM10,73,161,115
India,"Madhya Pradesh",Mandideep,"Sector-D Industrial Area, Mandideep - MPPCB","22-09-2026 22:00:00",23.10844,77.511428,SO2,60,128,108
India,"Madhya Pradesh",Pithampur,"Sector-2 Industrial Area, Pithampur - MPPCB","22-09-2026 22:00:00",22.624758,75.675238,PM2.5,76,310,174
India,"Madhya Pradesh",Ratlam,"Shasthri Nagar, Ratlam - IPCA Lab","22-09-2026 22:00:00",23.331731,75.045981,CO,NA,NA,NA
India,"Madhya Pradesh",Satna,"Bandhavgar Colony, Satna - Birla Cement","22-09-2026 22:00:00",24.58434363,80.8549414,NH3,NA,NA,NA
India,"Madhya Pradesh",Satna,"Bandhavgar Colony, Satna - Birla Cement","22-09-2026 22:00:00",24.58434363,80.8549414,CO,14,26,20
India,Maharashtra,Badlapur,"Katrap, Badlapur - MPCB","22-09-2026 22:00:00",19.16485,73.23409,PM2.5,23,62,36
India,Maharashtra,Badlapur,"Katrap, Badlapur - MPCB","22-09-2026 22:00:00",19.16485,73.23409,NO2,9,13,11
India,Maharashtra,Beed,"Bir, Beed - MPCB","22-09-2026 22:00:00",18.988474,75.753873,PM10,NA,NA,NA
India,Maharashtra,Beed,"Bir, Beed - MPCB","22-09-2026 22:00:00",18.988474,75.753873,NO2,3,27,13
India,Maharashtra,Beed,"Bir, Beed - MPCB","22-09-2026 22:00:00",18.988474,75.753873,CO,25,34,30
India,Maharashtra,Bhiwandi,"Gokul Nagar, Bhiwandi - MPCB","22-09-2026 22:00:00",19.309073,73.057223,OZONE,30,43,38
India,Maharashtra,Boisar,"Khaira, Boisar - MPCB","22-09-2026 22:00:00",19.786089,72.757971,PM2.5,29,53,37
India,Maharashtra,Ahmednagar,"Tarakpur, Ahmednagar - MPCB","22-09-2026 22:00:00",19.10122,74.73339,PM2.5,20,101,47
India,Maharashtra,Akola,"Ramdaspeth, Akola - MPCB","22-09-2026 22:00:00",20.719516,77.000253,PM10,30,79,54
India,Maharashtra,Akola,"Ramdaspeth, Akola - MPCB","22-09-2026 22:00:00",20.719516,77.000253,OZONE,11,19,14
India,Maharashtra,Ambernath,"Chinchpada, Ambernath - MPCB","22-09-2026 22:00:00",19.215784,73.199781,PM10,47,500,124
India,Maharashtra,Amravati,"Shri Shivaji Science College, Amravati - MPCB","22-09-2026 22:00:00",20.939198,77.765701,PM2.5,31,53,42
India,"Madhya Pradesh",Gwalior,"Maharaj Bada, Gwalior - MPPCB","22-09-2026 22:00:00",26.200388,78.147714,SO2,0,41,16
India,"Madhya Pradesh",Gwalior,"Maharaj Bada, Gwalior - MPPCB","22-09-2026 22:00:00",26.200388,78.147714,OZONE,26,109,77
India,"Madhya Pradesh",Gwalior,"City Center, Gwalior - MPPCB","22-09-2026 22:00:00",26.203442,78.193251,NH3,2,2,2
India,"Madhya Pradesh",Indore,"Regional Park, Indore - IMC","22-09-2026 22:00:00",22.678,75.8559,NH3,NA,NA,NA
India,"Madhya Pradesh",Bhopal,"Paryavaran Parisar, Bhopal - MPPCB","22-09-2026 22:00:00",23.210494,77.425409,SO2,5,9,7
India,"Madhya Pradesh",Dewas,"Bhopal Chauraha, Dewas - MPPCB","22-09-2026 22:00:00",22.9682591,76.064118,PM2.5,38,96,57
India,"Madhya Pradesh",Jabalpur,"Suhagi, Jabalpur - JMC","22-09-2026 22:00:00",23.218135,79.95777,SO2,7,8,7
India,"Madhya Pradesh",Jabalpur,"Gupteshwar, Jabalpur - JMC","22-09-2026 22:00:00",23.142888,79.916147,SO2,18,24,19
India,"Madhya Pradesh",Dewas,"Bhopal Chauraha, Dewas - MPPCB","22-09-2026 22:00:00",22.9682591,76.064118,SO2,12,43,30
India,"Madhya Pradesh",Dewas,"Bhopal Chauraha, Dewas - MPPCB","22-09-2026 22:00:00",22.9682591,76.064118,CO,21,43,31
India,"Madhya Pradesh",Dewas,"Bhopal Chauraha, Dewas - MPPCB","22-09-2026 22:00:00",22.9682591,76.064118,OZONE,20,34,25
India,"Madhya Pradesh",Indore,"Airport Area, Indore - IMC","22-09-2026 22:00:00",22.7289,75.8076,CO,41,46,43
India,"Madhya Pradesh",Indore,"Residency Area, Indore - IMC","22-09-2026 22:00:00",22.7084,75.8815,NH3,0,1,0
India,Maharashtra,Jalgaon,"Prabhat Colony, Jalgaon - MPCB","22-09-2026 22:00:00",21.001264,75.565602,PM10,45,279,76
India,Maharashtra,Jalgaon,"Prabhat Colony, Jalgaon - MPCB","22-09-2026 22:00:00",21.001264,75.565602,NH3,2,3,3
India,Maharashtra,Jalna,"Old MIDC, Jalna - MPCB","22-09-2026 22:00:00",19.854616,75.905894,CO,17,22,19
India,Maharashtra,Jalna,"Old MIDC, Jalna - MPCB","22-09-2026 22:00:00",19.854616,75.905894,OZONE,37,69,54
India,Maharashtra,Kalyan,"Pimpleshwar Mandir, Kalyan - MPCB","22-09-2026 22:00:00",19.192056,72.9585188,NH3,0,1,1
India,Maharashtra,Kalyan,"Pimpleshwar Mandir, Kalyan - MPCB","22-09-2026 22:00:00",19.192056,72.9585188,CO,40,40,40
India,Maharashtra,Kalyan,"Khadakpada, Kalyan - MPCB","22-09-2026 22:00:00",19.25292,73.142019,NO2,37,37,37
India,Maharashtra,Kalyan,"Khadakpada, Kalyan - MPCB","22-09-2026 22:00:00",19.25292,73.142019,CO,NA,NA,NA
India,Maharashtra,Kolhapur,"Shivaji University, Kolhapur - MPCB","22-09-2026 22:00:00",16.6870449,74.2505872,NO2,NA,NA,NA
India,Maharashtra,Kolhapur,"Shivaji University, Kolhapur - MPCB","22-09-2026 22:00:00",16.6870449,74.2505872,NH3,3,4,3
India,Maharashtra,Latur,"Sawe Wadi, Latur - MPCB","22-09-2026 22:00:00",18.39963,76.57452,NH3,1,8,3
India,Maharashtra,Latur,"Sawe Wadi, Latur - MPCB","22-09-2026 22:00:00",18.39963,76.57452,CO,11,39,26
India,Maharashtra,Latur,"Sawe Wadi, Latur - MPCB","22-09-2026 22:00:00",18.39963,76.57452,OZONE,33,41,36
India,Maharashtra,Mumbai,"Sion, Mumbai - MPCB","22-09-2026 22:00:00",19.047,72.8746,PM10,NA,NA,NA
India,Maharashtra,Mumbai,"Chhatrapati Shivaji Intl. Airport (T2), Mumbai - MPCB","22-09-2026 22:00:00",19.10078,72.87462,PM2.5,17,45,29
India,Maharashtra,Mumbai,"Chhatrapati Shivaji Intl. Airport (T2), Mumbai - MPCB","22-09-2026 22:00:00",19.10078,72.87462,NH3,1,1,1
India,Maharashtra,Mumbai,"Chhatrapati Shivaji Intl. Airport (T2), Mumbai - MPCB","22-09-2026 22:00:00",19.10078,72.87462,SO2,7,8,8
India,Maharashtra,Mumbai,"Navy Nagar-Colaba, Mumbai - IITM","22-09-2026 22:00:00",18.897756,72.81332,PM2.5,31,74,47
India,Maharashtra,Mumbai,"Mulund West, Mumbai - MPCB","22-09-2026 22:00:00",19.175,72.9419,CO,10,10,10
India,Maharashtra,Mumbai,"Bandra Kurla Complex, Mumbai - MPCB","22-09-2026 22:00:00",19.065931,72.862131,NO2,11,59,32
India,Maharashtra,Mumbai,"Bandra Kurla Complex, Mumbai - MPCB","22-09-2026 22:00:00",19.065931,72.862131,NH3,3,5,4
India,Maharashtra,Mumbai,"Bandra Kurla Complex, Mumbai - MPCB","22-09-2026 22:00:00",19.065931,72.862131,SO2,2,3,3
India,Maharashtra,Mumbai,"Shivaji Nagar, Mumbai - BMC","22-09-2026 22:00:00",19.060498,72.923356,PM10,30,72,51
India,Maharashtra,Mumbai,"Sewri, Mumbai - BMC","22-09-2026 22:00:00",19.000084,72.85673,PM2.5,21,43,35
India,Maharashtra,Mumbai,"Sewri, Mumbai - BMC","22-09-2026 22:00:00",19.000084,72.85673,PM10,37,49,42
India,Maharashtra,Mumbai,"Kherwadi_Bandra East, Mumbai - MPCB","22-09-2026 22:00:00",19.0632143,72.8456324,NO2,3,8,6
India,Maharashtra,Mumbai,"Kherwadi_Bandra East, Mumbai - MPCB","22-09-2026 22:00:00",19.0632143,72.8456324,NH3,5,5,5
India,Maharashtra,Mumbai,"Borivali East, Mumbai - IITM","22-09-2026 22:00:00",19.23241,72.86895,NO2,3,16,7
India,Maharashtra,Mumbai,"Siddharth Nagar-Worli, Mumbai - IITM","22-09-2026 22:00:00",19.000083,72.813993,OZONE,20,32,24
India,Maharashtra,Mumbai,"Worli, Mumbai - MPCB","22-09-2026 22:00:00",18.9936162,72.8128113,SO2,0,15,6
India,Maharashtra,Mumbai,"Mazgaon, Mumbai - IITM","22-09-2026 22:00:00",18.96702,72.84214,PM2.5,14,63,33
India,Maharashtra,Mumbai,"Mazgaon, Mumbai - IITM","22-09-2026 22:00:00",18.96702,72.84214,PM10,31,80,49
India,Maharashtra,Mumbai,"Mazgaon, Mumbai - IITM","22-09-2026 22:00:00",18.96702,72.84214,CO,60,72,63
India,Maharashtra,Mumbai,"Ghatkopar, Mumbai - BMC","22-09-2026 22:00:00",19.083694,72.920967,PM2.5,24,110,59
India,Maharashtra,Mumbai,"Ghatkopar, Mumbai - BMC","22-09-2026 22:00:00",19.083694,72.920967,PM10,31,99,55
India,Maharashtra,Mumbai,"Ghatkopar, Mumbai - BMC","22-09-2026 22:00:00",19.083694,72.920967,NO2,5,20,10
India,Maharashtra,Mumbai,"Ghatkopar, Mumbai - BMC","22-09-2026 22:00:00",19.083694,72.920967,OZONE,3,8,5
India,Maharashtra,Boisar,"Khaira, Boisar - MPCB","22-09-2026 22:00:00",19.786089,72.757971,NO2,9,20,13
India,Maharashtra,Boisar,"Khaira, Boisar - MPCB","22-09-2026 22:00:00",19.786089,72.757971,OZONE,30,38,33
India,Maharashtra,Chandrapur,"MIDC Khutala, Chandrapur - MPCB","22-09-2026 22:00:00",19.9775302,79.2337086,PM10,48,196,120
India,Maharashtra,Chandrapur,"MIDC Khutala, Chandrapur - MPCB","22-09-2026 22:00:00",19.9775302,79.2337086,NO2,NA,NA,NA
India,Maharashtra,Chandrapur,"MIDC Khutala, Chandrapur - MPCB","22-09-2026 22:00:00",19.9775302,79.2337086,NH3,NA,NA,NA
India,Maharashtra,Dombivli,"Kalu Nagar, Dombivli - MPCB","22-09-2026 22:00:00",19.2268427,73.0788456,PM10,NA,NA,NA
India,Maharashtra,Dombivli,"Kalu Nagar, Dombivli - MPCB","22-09-2026 22:00:00",19.2268427,73.0788456,NO2,14,38,26
India,Maharashtra,Mumbai,"Kurla, Mumbai - MPCB","22-09-2026 22:00:00",19.0863,72.8888,PM10,7,111,53
India,Maharashtra,Mumbai,"Kurla, Mumbai - MPCB","22-09-2026 22:00:00",19.0863,72.8888,NH3,2,2,2
India,Maharashtra,Mumbai,"Kurla, Mumbai - MPCB","22-09-2026 22:00:00",19.0863,72.8888,CO,25,25,25
India,Maharashtra,Mumbai,"Kurla, Mumbai - MPCB","22-09-2026 22:00:00",19.0863,72.8888,OZONE,28,29,28
India,Maharashtra,Mumbai,"Byculla, Mumbai - BMC","22-09-2026 22:00:00",18.9767,72.838,PM2.5,14,64,42
India,Maharashtra,Mumbai,"Kherwadi_Bandra East, Mumbai - MPCB","22-09-2026 22:00:00",19.0632143,72.8456324,PM2.5,23,63,41
India,Maharashtra,Mumbai,"Chembur, Mumbai - MPCB","22-09-2026 22:00:00",19.0364585,72.8954371,NO2,9,27,16
India,Maharashtra,Mumbai,"Deonar, Mumbai - IITM","22-09-2026 22:00:00",19.04946,72.923,PM10,34,113,66
India,Maharashtra,Mumbai,"Deonar, Mumbai - IITM","22-09-2026 22:00:00",19.04946,72.923,NH3,6,7,6
India,Maharashtra,Mumbai,"Deonar, Mumbai - IITM","22-09-2026 22:00:00",19.04946,72.923,OZONE,10,33,21
India,Maharashtra,Mahad,"Kamble Tarf Birwadi, Mahad - MPCB","22-09-2026 22:00:00",18.1023399,73.4783687,CO,21,25,24
India,Maharashtra,Mira-Bhayandar,"Bhayandar West, Mira-Bhayandar - MPCB","22-09-2026 22:00:00",19.296481,72.840923,PM10,17,64,35
India,Maharashtra,Mira-Bhayandar,"Bhayandar West, Mira-Bhayandar - MPCB","22-09-2026 22:00:00",19.296481,72.840923,NO2,4,69,24
India,Maharashtra,Mumbai,"Khindipada-Bhandup West, Mumbai - IITM","22-09-2026 22:00:00",19.1653323,72.922099,CO,27,39,34
India,Maharashtra,Mumbai,"Kandivali West, Mumbai - BMC","22-09-2026 22:00:00",19.215859,72.831718,PM10,26,52,36
India,Maharashtra,Mumbai,"Kandivali West, Mumbai - BMC","22-09-2026 22:00:00",19.215859,72.831718,OZONE,29,33,31
India,Maharashtra,Mumbai,"Mindspace-Malad West, Mumbai - MPCB","22-09-2026 22:00:00",19.1878657,72.8304069,NO2,17,19,18
India,Maharashtra,Pune,"Katraj Dairy, Pune - MPCB","22-09-2026 22:00:00",18.45445,73.854155,NO2,11,17,15
India,Maharashtra,Pune,"Katraj Dairy, Pune - MPCB","22-09-2026 22:00:00",18.45445,73.854155,NH3,1,2,1
India,Maharashtra,Pune,"Katraj Dairy, Pune - MPCB","22-09-2026 22:00:00",18.45445,73.854155,OZONE,10,10,10
India,Maharashtra,Pune,"Revenue Colony-Shivajinagar, Pune - IITM","22-09-2026 22:00:00",18.530085,73.849598,NO2,19,63,32
India,Maharashtra,Pune,"Revenue Colony-Shivajinagar, Pune - IITM","22-09-2026 22:00:00",18.530085,73.849598,NH3,NA,NA,NA
India,Maharashtra,Pune,"Revenue Colony-Shivajinagar, Pune - IITM","22-09-2026 22:00:00",18.530085,73.849598,OZONE,20,54,38
India,Maharashtra,Pune,"Mhada Colony, Pune - IITM","22-09-2026 22:00:00",18.57304,73.927715,PM10,51,109,80
India,Maharashtra,Pune,"Mhada Colony, Pune - IITM","22-09-2026 22:00:00",18.57304,73.927715,NO2,24,46,34
India,Maharashtra,Pune,"Dhankawadi, Pune - IITM","22-09-2026 22:00:00",18.459883,73.852193,CO,26,69,48
India,Maharashtra,Satara,"Koyana Nagar, Satara - MPCB","22-09-2026 22:00:00",17.696651,74.003387,NO2,3,20,9
India,Maharashtra,Satara,"Koyana Nagar, Satara - MPCB","22-09-2026 22:00:00",17.696651,74.003387,NH3,1,2,1
India,Maharashtra,Nashik,"Gangapur Road, Nashik - MPCB","22-09-2026 22:00:00",20.0073285,73.7762427,NH3,3,3,3
India,Maharashtra,Nashik,"Gangapur Road, Nashik - MPCB","22-09-2026 22:00:00",20.0073285,73.7762427,CO,115,120,118
India,Maharashtra,Nashik,"Gangapur Road, Nashik - MPCB","22-09-2026 22:00:00",20.0073285,73.7762427,OZONE,27,36,31
India,Maharashtra,Nashik,"Pandav Nagari, Nashik - MPCB","22-09-2026 22:00:00",19.9591346,73.7788008,NH3,1,4,3
India,Maharashtra,Nashik,"Pandav Nagari, Nashik - MPCB","22-09-2026 22:00:00",19.9591346,73.7788008,OZONE,29,36,32
India,Maharashtra,Nashik,"Hirawadi, Nashik - MPCB","22-09-2026 22:00:00",20.021503,73.813844,PM2.5,19,64,39
India,Maharashtra,Nashik,"MIDC Ambad, Nashik - MPCB","22-09-2026 22:00:00",19.95022,73.73148,PM10,53,90,70
India,Maharashtra,Nashik,"MIDC Ambad, Nashik - MPCB","22-09-2026 22:00:00",19.95022,73.73148,NO2,7,20,12
India,Maharashtra,Nashik,"MIDC Ambad, Nashik - MPCB","22-09-2026 22:00:00",19.95022,73.73148,CO,14,19,16
India,Maharashtra,Nashik,"MIDC Ambad, Nashik - MPCB","22-09-2026 22:00:00",19.95022,73.73148,OZONE,16,24,20
India,Maharashtra,Parbhani,"Masoom Colony, Parbhani - MPCB","22-09-2026 22:00:00",19.265594,76.761463,SO2,1,6,3
India,Maharashtra,Parbhani,"Masoom Colony, Parbhani - MPCB","22-09-2026 22:00:00",19.265594,76.761463,CO,10,14,12
India,Maharashtra,Pimpri-Chinchwad,"Bhosari, Pune - IITM","22-09-2026 22:00:00",18.640051,73.848956,OZONE,14,37,28
India,Maharashtra,Pimpri-Chinchwad,"Gavalinagar, Pimpri Chinchwad - MPCB","22-09-2026 22:00:00",18.63673,73.82487,PM2.5,18,55,34
India,Maharashtra,Pimpri-Chinchwad,"Gavalinagar, Pimpri Chinchwad - MPCB","22-09-2026 22:00:00",18.63673,73.82487,PM10,27,56,40
India,Maharashtra,Pimpri-Chinchwad,"Bhumkar Nagar, Pune - IITM","22-09-2026 22:00:00",18.60577,73.749976,PM2.5,14,56,34
India,Maharashtra,Pimpri-Chinchwad,"Park Street Wakad, Pimpri Chinchwad - MPCB","22-09-2026 22:00:00",18.59051,73.77946,PM10,23,109,49
India,Maharashtra,Pimpri-Chinchwad,"Park Street Wakad, Pimpri Chinchwad - MPCB","22-09-2026 22:00:00",18.59051,73.77946,NO2,20,42,28
India,Maharashtra,"Navi Mumbai","Kopripada-Vashi, Navi Mumbai - MPCB","22-09-2026 22:00:00",19.090337,73.014232,PM10,45,161,100
India,Maharashtra,"Navi Mumbai","Kopripada-Vashi, Navi Mumbai - MPCB","22-09-2026 22:00:00",19.090337,73.014232,NO2,10,34,20
India,Maharashtra,"Navi Mumbai","Kopripada-Vashi, Navi Mumbai - MPCB","22-09-2026 22:00:00",19.090337,73.014232,NH3,0,4,2
India,Maharashtra,"Navi Mumbai","Kopripada-Vashi, Navi Mumbai - MPCB","22-09-2026 22:00:00",19.090337,73.014232,OZONE,9,34,21
India,Maharashtra,"Navi Mumbai","Tondare-Taloja, Navi Mumbai - MPCB","22-09-2026 22:00:00",19.063,73.1209,OZONE,20,20,20
India,Maharashtra,"Navi Mumbai","Sector-2E Kalamboli, Navi Mumbai - MPCB","22-09-2026 22:00:00",19.02579,73.10297,PM10,24,55,38
India,Maharashtra,"Navi Mumbai","Sector-2E Kalamboli, Navi Mumbai - MPCB","22-09-2026 22:00:00",19.02579,73.10297,SO2,4,7,6
India,Maharashtra,"Navi Mumbai","Sanpada, Navi Mumbai - MPCB","22-09-2026 22:00:00",19.0575752,73.0151367,SO2,NA,NA,NA
India,Maharashtra,Nagpur,"Opp GPO Civil Lines, Nagpur - MPCB","22-09-2026 22:00:00",21.152875,79.0517531,NH3,2,3,2
India,Maharashtra,Nagpur,"Opp GPO Civil Lines, Nagpur - MPCB","22-09-2026 22:00:00",21.152875,79.0517531,CO,27,67,39
India,Maharashtra,Nagpur,"Ambazari, Nagpur - MPCB","22-09-2026 22:00:00",21.121801,79.04952,NO2,7,40,16
India,Maharashtra,Nagpur,"Ambazari, Nagpur - MPCB","22-09-2026 22:00:00",21.121801,79.04952,SO2,10,19,13
India,Maharashtra,Nanded,"Sneh Nagar, Nanded - MPCB","22-09-2026 22:00:00",19.173852,77.296291,NO2,6,16,9
India,Maharashtra,Nanded,"Sneh Nagar, Nanded - MPCB","22-09-2026 22:00:00",19.173852,77.296291,OZONE,30,78,57
India,Maharashtra,Pimpri-Chinchwad,"Transport Nagar-Nigdi, Pune - IITM","22-09-2026 22:00:00",18.664282,73.763966,NH3,NA,NA,NA
India,Maharashtra,Pune,"Panchawati_Pashan, Pune - IITM","22-09-2026 22:00:00",18.536457,73.805454,CO,20,48,35
India,Maharashtra,Pune,"Savitribai Phule Pune University, Pune - MPCB","22-09-2026 22:00:00",18.547056,73.826908,PM10,37,74,47
India,Maharashtra,Pune,"Savitribai Phule Pune University, Pune - MPCB","22-09-2026 22:00:00",18.547056,73.826908,CO,33,45,38
India,Maharashtra,Pimpri-Chinchwad,"Thergaon, Pimpri Chinchwad - MPCB","22-09-2026 22:00:00",18.616318,73.765797,CO,21,56,33
India,Maharashtra,Pimpri-Chinchwad,"Savta Mali Nagar, Pimpri-Chinchwad - IITM","22-09-2026 22:00:00",18.614767,73.799516,PM10,33,76,50
India,Maharashtra,Pimpri-Chinchwad,"Savta Mali Nagar, Pimpri-Chinchwad - IITM","22-09-2026 22:00:00",18.614767,73.799516,SO2,NA,NA,NA
India,Maharashtra,Pimpri-Chinchwad,"Transport Nagar-Nigdi, Pune - IITM","22-09-2026 22:00:00",18.664282,73.763966,PM2.5,28,95,54
India,Maharashtra,Solapur,"Ratandeep Housing Society, Solapur - MPCB","22-09-2026 22:00:00",17.65439,75.90649,OZONE,24,47,34
India,Maharashtra,Solapur,"Dnyaneshwar Nagar, Solapur - MPCB","22-09-2026 22:00:00",17.6336264,75.9132495,PM2.5,9,42,25
India,Maharashtra,Solapur,"Dnyaneshwar Nagar, Solapur - MPCB","22-09-2026 22:00:00",17.6336264,75.9132495,SO2,1,8,4
India,Maharashtra,Mumbai,"Malad West, Mumbai - IITM","22-09-2026 22:00:00",19.19709,72.82204,NH3,1,8,4
India,Maharashtra,Nagpur,"Ram Nagar, Nagpur - MPCB","22-09-2026 22:00:00",21.143383,79.048912,PM10,50,86,64
India,Maharashtra,Nagpur,"Mahal, Nagpur - MPCB","22-09-2026 22:00:00",21.14472,79.107595,PM10,NA,NA,NA
India,Odisha,Bileipada,"Tata Township, Bileipada - OSPCB","22-09-2026 22:00:00",22.06156703,85.47409613,NH3,NA,NA,NA
India,Odisha,Brajrajnagar,"GM Office, Brajrajnagar - OSPCB","22-09-2026 22:00:00",21.8004996,83.8396977,SO2,16,17,17
India,Odisha,Byasanagar,"Ferro Chrome Colony, Byasanagar - OSPCB","22-09-2026 22:00:00",20.94185,86.1151,PM10,12,50,25
India,Odisha,Cuttack,"CDA Area, Cuttack - OSPCB","22-09-2026 22:00:00",20.48891,85.84768,PM2.5,NA,NA,NA
India,Odisha,Cuttack,"CDA Area, Cuttack - OSPCB","22-09-2026 22:00:00",20.48891,85.84768,PM10,10,28,17
India,Odisha,Cuttack,"CDA Area, Cuttack - OSPCB","22-09-2026 22:00:00",20.48891,85.84768,NH3,3,8,6
India,Odisha,Cuttack,"CDA Area, Cuttack - OSPCB","22-09-2026 22:00:00",20.48891,85.84768,OZONE,20,34,28
India,Odisha,Keonjhar,"Jagamohanpur, Keonjhar - OSPCB","22-09-2026 22:00:00",21.6439,85.599355,PM2.5,19,56,34
India,Odisha,Nayagarh,"Dabuna, Nayagarh - OSPCB","22-09-2026 22:00:00",21.847279,85.416905,NO2,6,7,7
India,Odisha,Nayagarh,"Dabuna, Nayagarh - OSPCB","22-09-2026 22:00:00",21.847279,85.416905,NH3,5,8,6
India,Odisha,Nayagarh,"Dabuna, Nayagarh - OSPCB","22-09-2026 22:00:00",21.847279,85.416905,CO,6,7,7
India,Odisha,Paradeep,"Nua Sandhakuda, Paradeep - OSPCB","22-09-2026 22:00:00",20.258828,86.665185,PM10,13,49,25
India,Odisha,Rairangpur,"Divisional Forest Office, Rairangpur - OSPCB","22-09-2026 22:00:00",22.265816,86.174829,NO2,6,7,6
India,Odisha,Rairangpur,"Divisional Forest Office, Rairangpur - OSPCB","22-09-2026 22:00:00",22.265816,86.174829,SO2,NA,NA,NA
India,Odisha,Rourkela,"Fertilizer Township, Rourkela - OSPCB","22-09-2026 22:00:00",22.18972222,84.86277778,PM2.5,25,53,35
India,Punjab,Bathinda,"Hardev Nagar, Bathinda - PPCB","22-09-2026 22:00:00",30.233011,74.907758,PM2.5,NA,NA,NA
India,Punjab,Khanna,"Kalal Majra, Khanna - PPCB","22-09-2026 22:00:00",30.736056,76.209694,CO,34,102,64
India,Punjab,Ludhiana,"Punjab Agricultural University, Ludhiana - PPCB","22-09-2026 22:00:00",30.9028,75.8086,NO2,13,62,45
India,Punjab,Ludhiana,"Punjab Agricultural University, Ludhiana - PPCB","22-09-2026 22:00:00",30.9028,75.8086,CO,8,12,11
India,Punjab,Ludhiana,"Punjab Agricultural University, Ludhiana - PPCB","22-09-2026 22:00:00",30.9028,75.8086,OZONE,43,49,44
India,Punjab,"Mandi Gobindgarh","RIMT University, Mandi Gobindgarh - PPCB","22-09-2026 22:00:00",30.649961,76.331442,PM10,109,164,132
India,Punjab,"Mandi Gobindgarh","RIMT University, Mandi Gobindgarh - PPCB","22-09-2026 22:00:00",30.649961,76.331442,NO2,24,25,24
India,Punjab,"Mandi Gobindgarh","RIMT University, Mandi Gobindgarh - PPCB","22-09-2026 22:00:00",30.649961,76.331442,NH3,5,5,5
India,Punjab,Patiala,"Model Town, Patiala - PPCB","22-09-2026 22:00:00",30.349388,76.366642,PM2.5,36,93,54
India,Punjab,Patiala,"Model Town, Patiala - PPCB","22-09-2026 22:00:00",30.349388,76.366642,NH3,3,10,6
India,Punjab,Patiala,"Model Town, Patiala - PPCB","22-09-2026 22:00:00",30.349388,76.366642,CO,14,24,19
India,Punjab,Rupnagar,"Ratanpura, Rupnagar - Ambuja Cements","22-09-2026 22:00:00",31.0325454,76.5623046,NO2,9,45,26
India,Punjab,Rupnagar,"Ratanpura, Rupnagar - Ambuja Cements","22-09-2026 22:00:00",31.0325454,76.5623046,CO,56,61,58
India,Punjab,Rupnagar,"Ratanpura, Rupnagar - Ambuja Cements","22-09-2026 22:00:00",31.0325454,76.5623046,OZONE,NA,NA,NA
India,Odisha,Rourkela,"Fertilizer Township, Rourkela - OSPCB","22-09-2026 22:00:00",22.18972222,84.86277778,OZONE,NA,NA,NA
India,Odisha,Rourkela,"Raghunathpali, Rourkela - OSPCB","22-09-2026 22:00:00",22.220833,84.809444,PM2.5,17,48,29
India,Odisha,Talcher,"Talcher Coalfields,Talcher - OSPCB","22-09-2026 22:00:00",20.9360711,85.1707021,PM10,0,77,31
India,Odisha,Tensa,"Barsua Iron Ore Mines, Tensa - OSPCB","22-09-2026 22:00:00",21.869985,85.167016,PM10,NA,NA,NA
India,Odisha,Tensa,"Barsua Iron Ore Mines, Tensa - OSPCB","22-09-2026 22:00:00",21.869985,85.167016,SO2,21,52,29
India,Puducherry,Puducherry,"Jawahar Nagar, Puducherry - PPCC","22-09-2026 22:00:00",11.9309,79.8027,PM2.5,2,40,16
India,Odisha,Barbil,"Forest Office, Barbil - OSPCB","22-09-2026 22:00:00",22.1166054,85.3945546,PM2.5,3,37,15
India,Odisha,Bhubaneswar,"Lingraj Mandir, Bhubaneswar - OSPCB","22-09-2026 22:00:00",20.24079,85.836784,PM10,NA,NA,NA
India,Odisha,Bhubaneswar,"Lingraj Mandir, Bhubaneswar - OSPCB","22-09-2026 22:00:00",20.24079,85.836784,CO,2,19,13
India,Odisha,Bhubaneswar,"Patia, Bhubaneswar - OSPCB","22-09-2026 22:00:00",20.34652,85.8163,NO2,3,22,10
India,Odisha,Bhubaneswar,"Patia, Bhubaneswar - OSPCB","22-09-2026 22:00:00",20.34652,85.8163,SO2,2,8,6
India,Meghalaya,Shillong,"Lumpyngngad, Shillong - Meghalaya PCB","22-09-2026 22:00:00",25.5586,91.8985,PM10,NA,NA,NA
India,Meghalaya,Shillong,"Lumpyngngad, Shillong - Meghalaya PCB","22-09-2026 22:00:00",25.5586,91.8985,NO2,0,1,0
India,Meghalaya,Shillong,"Lumpyngngad, Shillong - Meghalaya PCB","22-09-2026 22:00:00",25.5586,91.8985,CO,11,20,15
India,Mizoram,Aizawl,"Sikulpuikawn, Aizawl - Mizoram PCB","22-09-2026 22:00:00",23.7176342,92.7192841,PM2.5,NA,NA,NA
India,Mizoram,Aizawl,"Sikulpuikawn, Aizawl - Mizoram PCB","22-09-2026 22:00:00",23.7176342,92.7192841,NH3,0,0,0
India,Maharashtra,Thane,"Upvan Fort, Thane - MPCB","22-09-2026 22:00:00",19.222279,72.957979,OZONE,17,34,25
India,Maharashtra,Ulhasnagar,"Sidhi Vinayak Nagar, Ulhasnagar - MPCB","22-09-2026 22:00:00",19.235581,73.159121,OZONE,5,57,25
India,Maharashtra,Ulhasnagar,"Vithalwadi, Ulhasnagar - MPCB","22-09-2026 22:00:00",19.2307571,73.155192,NO2,7,10,9
India,Odisha,Angul,"Hakimapada, Angul - OSPCB","22-09-2026 22:00:00",20.832874,85.104082,PM10,13,114,46
India,Odisha,Balasore,"Kalidaspur, Balasore - OSPCB","22-09-2026 22:00:00",21.51161,86.89088,NH3,3,3,3
India,Odisha,Balasore,"Kalidaspur, Balasore - OSPCB","22-09-2026 22:00:00",21.51161,86.89088,SO2,9,9,9
India,Odisha,Balasore,"Kalidaspur, Balasore - OSPCB","22-09-2026 22:00:00",21.51161,86.89088,OZONE,17,30,22
India,Maharashtra,Virar,"Bolinj, Virar - MPCB","22-09-2026 22:00:00",19.445821,72.7988231,OZONE,20,21,20
India,Rajasthan,Jaipur,"Mansarovar Sector-12, Jaipur - RSPCB","22-09-2026 22:00:00",26.843698,75.766894,CO,16,87,43
India,Rajasthan,Jaipur,"Police Commissionerate, Jaipur - RSPCB","22-09-2026 22:00:00",26.9164092,75.7994901,PM2.5,51,117,85
India,Rajasthan,Jaipur,"Police Commissionerate, Jaipur - RSPCB","22-09-2026 22:00:00",26.9164092,75.7994901,PM10,75,125,104
India,Rajasthan,Jaipur,"Police Commissionerate, Jaipur - RSPCB","22-09-2026 22:00:00",26.9164092,75.7994901,NH3,6,29,11
India,Rajasthan,Jaipur,"Police Commissionerate, Jaipur - RSPCB","22-09-2026 22:00:00",26.9164092,75.7994901,CO,24,102,59
India,Rajasthan,Jaipur,"Sector-2 Murlipura, Jaipur - RSPCB","22-09-2026 22:00:00",26.960669,75.771817,NO2,18,106,44
India,Rajasthan,Jaipur,"RIICO Sitapura, Jaipur - RSPCB","22-09-2026 22:00:00",26.786682,75.827928,PM10,81,384,128
India,Rajasthan,Bhiwadi,"Vasundhara Nagar_UIT, Bhiwadi - RSPCB","22-09-2026 22:00:00",28.207266,76.829265,PM2.5,16,132,62
India,Rajasthan,Bhiwadi,"Vasundhara Nagar_UIT, Bhiwadi - RSPCB","22-09-2026 22:00:00",28.207266,76.829265,NO2,NA,NA,NA
India,Rajasthan,Bhiwadi,"RIICO Ind. Area III, Bhiwadi - RSPCB","22-09-2026 22:00:00",28.194909,76.862296,NO2,15,37,23
India,Rajasthan,Bhiwadi,"RIICO Ind. Area III, Bhiwadi - RSPCB","22-09-2026 22:00:00",28.194909,76.862296,NH3,4,10,6
India,Rajasthan,Bhiwadi,"RIICO Ind. Area III, Bhiwadi - RSPCB","22-09-2026 22:00:00",28.194909,76.862296,CO,38,50,44
India,Rajasthan,Bikaner,"MM Ground, Bikaner - RSPCB","22-09-2026 22:00:00",28.018792,73.292658,NO2,27,114,49
India,Rajasthan,Bundi,"New Colony, Bundi - RSPCB","22-09-2026 22:00:00",25.435774,75.644272,PM10,56,149,80
India,Rajasthan,Alwar,"Vigyan Nagar, Alwar - RSPCB","22-09-2026 22:00:00",27.598796,76.63861,PM2.5,79,301,123
India,Rajasthan,Alwar,"Moti Doongri, Alwar - RSPCB","22-09-2026 22:00:00",27.554793,76.611536,CO,70,102,88
India,Rajasthan,Bharatpur,"Krishna Nagar, Bharatpur - RSPCB","22-09-2026 22:00:00",27.215415,77.50873,SO2,7,9,8
India,Rajasthan,Bharatpur,"Krishna Nagar, Bharatpur - RSPCB","22-09-2026 22:00:00",27.215415,77.50873,CO,34,51,42
India,Rajasthan,Bharatpur,"Krishna Nagar, Bharatpur - RSPCB","22-09-2026 22:00:00",27.215415,77.50873,OZONE,49,114,83
India,Rajasthan,Bhilwara,"Pratap Nagar, Bhilwara - RSPCB","22-09-2026 22:00:00",25.339605,74.618883,PM2.5,43,207,80
India,Rajasthan,Chittorgarh,"Shastri Nagar, Chittorgarh - RSPCB","22-09-2026 22:00:00",24.892047,74.623527,OZONE,13,144,85
India,Rajasthan,Churu,"Subash Chowk, Churu - RSPCB","22-09-2026 22:00:00",28.296139,74.961696,PM10,77,220,121
India,Rajasthan,Churu,"Subash Chowk, Churu - RSPCB","22-09-2026 22:00:00",28.296139,74.961696,CO,37,48,42
India,Rajasthan,Dausa,"Khatikan Mohalla, Dausa - RSPCB","22-09-2026 22:00:00",26.895552,76.334753,NH3,6,13,8
India,Rajasthan,Bundi,"New Colony, Bundi - RSPCB","22-09-2026 22:00:00",25.435774,75.644272,CO,15,67,36
India,Rajasthan,Chittorgarh,"Shastri Nagar, Chittorgarh - RSPCB","22-09-2026 22:00:00",24.892047,74.623527,PM2.5,63,163,89
India,Rajasthan,Chittorgarh,"Shastri Nagar, Chittorgarh - RSPCB","22-09-2026 22:00:00",24.892047,74.623527,NO2,10,63,31
India,Rajasthan,Jaipur,"Shastri Nagar, Jaipur - RSPCB","22-09-2026 22:00:00",26.9502929,75.730943,SO2,6,52,25
India,Rajasthan,Jaipur,"Shastri Nagar, Jaipur - RSPCB","22-09-2026 22:00:00",26.9502929,75.730943,OZONE,18,83,51
India,Rajasthan,Jaipur,"Adarsh Nagar, Jaipur - RSPCB","22-09-2026 22:00:00",26.902909,75.836858,NO2,12,56,36
India,Rajasthan,Jaipur,"Adarsh Nagar, Jaipur - RSPCB","22-09-2026 22:00:00",26.902909,75.836858,OZONE,20,58,40
India,Rajasthan,Hanumangarh,"Housing Board, Hanumangarh - RSPCB","22-09-2026 22:00:00",29.61075,74.283608,PM2.5,46,178,89
India,Rajasthan,Dholpur,"Raja Ganj, Dholpur - RSPCB","22-09-2026 22:00:00",26.699557,77.898881,NH3,NA,NA,NA
India,Rajasthan,Jodhpur,"Digari Kalan, Jodhpur - RSPCB","22-09-2026 22:00:00",26.29581,73.082283,SO2,5,7,6
India,Rajasthan,Jodhpur,"Digari Kalan, Jodhpur - RSPCB","22-09-2026 22:00:00",26.29581,73.082283,OZONE,6,128,70
India,Rajasthan,Karauli,"Satyawati Vihar, Karauli - RSPCB","22-09-2026 22:00:00",26.506177,77.025989,PM2.5,17,290,110
India,Rajasthan,Karauli,"Satyawati Vihar, Karauli - RSPCB","22-09-2026 22:00:00",26.506177,77.025989,NO2,16,36,24
India,Rajasthan,Karauli,"Satyawati Vihar, Karauli - RSPCB","22-09-2026 22:00:00",26.506177,77.025989,OZONE,15,125,73
India,Rajasthan,Kota,"Nayapura, Kota - RSPCB","22-09-2026 22:00:00",25.196024,75.855668,SO2,1,6,3
India,Rajasthan,Kota,"Shrinath Puram, Kota - RSPCB","22-09-2026 22:00:00",25.14389,75.821256,PM10,20,145,82
India,Rajasthan,Kota,"Shrinath Puram, Kota - RSPCB","22-09-2026 22:00:00",25.14389,75.821256,NO2,3,20,9
India,Rajasthan,Kota,"Shrinath Puram, Kota - RSPCB","22-09-2026 22:00:00",25.14389,75.821256,NH3,0,6,4
India,Rajasthan,Kota,"Shrinath Puram, Kota - RSPCB","22-09-2026 22:00:00",25.14389,75.821256,OZONE,9,16,12
India,Rajasthan,Kota,"Dhanmandi, Kota - RSPCB","22-09-2026 22:00:00",25.16409,75.858137,PM2.5,37,137,66
India,Rajasthan,Kota,"Dhanmandi, Kota - RSPCB","22-09-2026 22:00:00",25.16409,75.858137,NH3,1,3,2
India,Rajasthan,Nagaur,"Karni Colony, Nagaur - RSPCB","22-09-2026 22:00:00",27.213494,73.734444,PM2.5,18,117,55
India,Rajasthan,Nagaur,"Karni Colony, Nagaur - RSPCB","22-09-2026 22:00:00",27.213494,73.734444,NH3,5,13,8
India,Rajasthan,Nagaur,"Karni Colony, Nagaur - RSPCB","22-09-2026 22:00:00",27.213494,73.734444,SO2,2,8,4
India,Rajasthan,Pratapgarh,"Pragati Nagar, Pratapgarh - RSPCB","22-09-2026 22:00:00",24.041198,74.780702,PM10,51,139,73
India,Rajasthan,Rajsamand,"Dhoinda, Rajsamand - RSPCB","22-09-2026 22:00:00",25.03636,73.883502,PM10,60,137,87
India,Rajasthan,"Sri Ganganagar","Old City, Sri Ganganagar - RSPCB","22-09-2026 22:00:00",29.931624,73.864511,CO,42,78,57
India,Rajasthan,"Sri Ganganagar","Old City, Sri Ganganagar - RSPCB","22-09-2026 22:00:00",29.931624,73.864511,OZONE,20,58,39
India,Rajasthan,Tonk,"Shastri Nagar, Tonk - RSPCB","22-09-2026 22:00:00",26.159933,75.780517,OZONE,59,110,91
India,Rajasthan,Udaipur,"Ashok Nagar, Udaipur - RSPCB","22-09-2026 22:00:00",24.5886166,73.6321397,NH3,1,11,4
India,Sikkim,Gangtok,"Zero Point GICI, Gangtok - SSPCB","22-09-2026 22:00:00",27.33853,88.614099,PM2.5,6,28,15
India,Sikkim,Gangtok,"Zero Point GICI, Gangtok - SSPCB","22-09-2026 22:00:00",27.33853,88.614099,PM10,5,31,13
India,Sikkim,Gangtok,"Zero Point GICI, Gangtok - SSPCB","22-09-2026 22:00:00",27.33853,88.614099,NH3,1,1,1
India,Rajasthan,Jaipur,"RIICO Sitapura, Jaipur - RSPCB","22-09-2026 22:00:00",26.786682,75.827928,NH3,0,4,3
India,Rajasthan,Jhalawar,"Rajlaxmi Nagar, Jhalawar - RSPCB","22-09-2026 22:00:00",24.588397,76.172782,NH3,5,11,7
India,Rajasthan,Jhunjhunu,"Indra Nagar, Jhunjhunu - RSPCB","22-09-2026 22:00:00",28.108988,75.386577,PM2.5,38,153,72
India,Rajasthan,Jhunjhunu,"Indra Nagar, Jhunjhunu - RSPCB","22-09-2026 22:00:00",28.108988,75.386577,NO2,4,65,21
India,Rajasthan,Jodhpur,"Collectorate, Jodhpur - RSPCB","22-09-2026 22:00:00",26.268249,73.0193853,NH3,3,23,10
India,Rajasthan,Jodhpur,"Jhalamand, Jodhpur - RSPCB","22-09-2026 22:00:00",26.215415,73.070156,NH3,5,32,17
India,Rajasthan,Jodhpur,"Jhalamand, Jodhpur - RSPCB","22-09-2026 22:00:00",26.215415,73.070156,SO2,1,5,3
India,Rajasthan,Jodhpur,"Samrat Ashok Udhyan, Jodhpur - RSPCB","22-09-2026 22:00:00",26.253384,72.976571,NH3,8,10,9
India,Rajasthan,Jodhpur,"Samrat Ashok Udhyan, Jodhpur - RSPCB","22-09-2026 22:00:00",26.253384,72.976571,SO2,1,5,3
India,Rajasthan,Sirohi,"Vedhaynath Colony, Sirohi - RSPCB","22-09-2026 22:00:00",24.885261,72.857549,PM10,38,124,59
India,Rajasthan,Sirohi,"Vedhaynath Colony, Sirohi - RSPCB","22-09-2026 22:00:00",24.885261,72.857549,OZONE,55,113,88
India,"Tamil Nadu",Chennai,"Velachery Res. Area, Chennai - CPCB","22-09-2026 22:00:00",13.0052189,80.2398125,PM2.5,NA,NA,NA
India,"Tamil Nadu",Chennai,"Velachery Res. Area, Chennai - CPCB","22-09-2026 22:00:00",13.0052189,80.2398125,NO2,NA,NA,NA
India,Telangana,Hyderabad,"Kompally Municipal Office, Hyderabad - TSPCB","22-09-2026 22:00:00",17.544899,78.486949,PM10,60,83,70
India,Rajasthan,Rajsamand,"Dhoinda, Rajsamand - RSPCB","22-09-2026 22:00:00",25.03636,73.883502,OZONE,21,88,58
India,"Tamil Nadu",Chennai,"Manali, Chennai - CPCB","22-09-2026 22:00:00",13.164544,80.26285,NO2,10,12,10
India,Telangana,Hyderabad,"Bollaram Industrial Area, Hyderabad - TSPCB","22-09-2026 22:00:00",17.518,78.383,NH3,5,9,6
India,Telangana,Hyderabad,"Central University, Hyderabad - TSPCB","22-09-2026 22:00:00",17.460103,78.334361,PM2.5,10,52,31
India,Telangana,Hyderabad,"Central University, Hyderabad - TSPCB","22-09-2026 22:00:00",17.460103,78.334361,NH3,0,1,1
India,Telangana,Hyderabad,"IITH Kandi, Hyderabad - TSPCB","22-09-2026 22:00:00",17.585705,78.126199,PM2.5,34,44,37
India,Telangana,Hyderabad,"IITH Kandi, Hyderabad - TSPCB","22-09-2026 22:00:00",17.585705,78.126199,PM10,52,70,58
India,Telangana,Hyderabad,"IITH Kandi, Hyderabad - TSPCB","22-09-2026 22:00:00",17.585705,78.126199,NO2,10,17,15
India,Telangana,Hyderabad,"IITH Kandi, Hyderabad - TSPCB","22-09-2026 22:00:00",17.585705,78.126199,NH3,2,5,4
India,Telangana,Hyderabad,"Nacharam_TSIIC IALA, Hyderabad - TSPCB","22-09-2026 22:00:00",17.429398,78.569354,OZONE,23,33,27
India,Telangana,Hyderabad,"ICRISAT Patancheru, Hyderabad - TSPCB","22-09-2026 22:00:00",17.5184,78.278777,PM2.5,44,107,65
India,Telangana,Hyderabad,"ICRISAT Patancheru, Hyderabad - TSPCB","22-09-2026 22:00:00",17.5184,78.278777,SO2,5,9,7
India,Telangana,Hyderabad,"IDA Pashamylaram, Hyderabad - TSPCB","22-09-2026 22:00:00",17.5316895,78.218939,PM10,54,105,76
India,Telangana,Hyderabad,"Sanathnagar, Hyderabad - TSPCB","22-09-2026 22:00:00",17.4559458,78.4332152,PM10,NA,NA,NA
India,"Uttar Pradesh",Baraut,"Nagar Palika Parishad, Baraut - UPPCB","22-09-2026 22:00:00",29.09956,77.26235,PM10,69,113,87
India,"Uttar Pradesh",Baraut,"Nagar Palika Parishad, Baraut - UPPCB","22-09-2026 22:00:00",29.09956,77.26235,SO2,1,18,7
India,"Uttar Pradesh",Bareilly,"Rajendra Nagar, Bareilly - UPPCB","22-09-2026 22:00:00",28.38910936,79.42963708,OZONE,NA,NA,NA
India,"Uttar Pradesh",Bareilly,"Civil Lines, Bareilly - UPPCB","22-09-2026 22:00:00",28.359581,79.414455,NO2,8,9,8
India,"Uttar Pradesh",Bulandshahr,"Yamunapuram, Bulandshahr - UPPCB","22-09-2026 22:00:00",28.406963,77.849831,PM10,111,251,142
India,"Uttar Pradesh",Agra,"Manoharpur, Agra - UPPCB","22-09-2026 22:00:00",27.23711,78.01936,NH3,2,2,2
India,"Uttar Pradesh",Agra,"Sanjay Palace, Agra - UPPCB","22-09-2026 22:00:00",27.19865833,78.00598056,PM2.5,77,280,127
India,"Uttar Pradesh",Agra,"Sector-3B Avas Vikas Colony, Agra - UPPCB","22-09-2026 22:00:00",27.19412,77.96237,PM2.5,7,119,85
India,"Uttar Pradesh",Agra,"Sector-3B Avas Vikas Colony, Agra - UPPCB","22-09-2026 22:00:00",27.19412,77.96237,NO2,35,35,35
India,"Uttar Pradesh",Agra,"Sector-3B Avas Vikas Colony, Agra - UPPCB","22-09-2026 22:00:00",27.19412,77.96237,SO2,26,26,26
India,"Uttar Pradesh",Agra,"Shastripuram, Agra - UPPCB","22-09-2026 22:00:00",27.19862,77.92066,NO2,12,43,27
India,Telangana,Hyderabad,"Zoo Park, Hyderabad - TSPCB","22-09-2026 22:00:00",17.349694,78.451437,NO2,3,3,3
India,Telangana,Hyderabad,"Zoo Park, Hyderabad - TSPCB","22-09-2026 22:00:00",17.349694,78.451437,CO,1,27,15
India,Telangana,Hyderabad,"ECIL Kapra, Hyderabad - TSPCB","22-09-2026 22:00:00",17.470431,78.566959,PM2.5,33,79,44
India,Telangana,Hyderabad,"ECIL Kapra, Hyderabad - TSPCB","22-09-2026 22:00:00",17.470431,78.566959,OZONE,36,43,39
India,"Uttar Pradesh",Agra,"Shahjahan Garden, Agra - UPPCB","22-09-2026 22:00:00",27.169338,78.03582,NO2,25,29,27
India,"Uttar Pradesh",Agra,"Shahjahan Garden, Agra - UPPCB","22-09-2026 22:00:00",27.169338,78.03582,SO2,73,85,78
India,"Uttar Pradesh",Baghpat,"Sardar Patel Inter College, Baghpat - UPPCB","22-09-2026 22:00:00",28.964949,77.278761,SO2,12,25,18
India,Telangana,Hyderabad,"Kompally Municipal Office, Hyderabad - TSPCB","22-09-2026 22:00:00",17.544899,78.486949,NO2,13,15,14
India,Telangana,Hyderabad,"Ramachandrapuram, Hyderabad - TSPCB","22-09-2026 22:00:00",17.528544,78.286195,PM2.5,27,44,34
India,"Uttar Pradesh",Bulandshahr,"Yamunapuram, Bulandshahr - UPPCB","22-09-2026 22:00:00",28.406963,77.849831,NH3,5,10,8
India,"Uttar Pradesh","Fatehpur Sikri","Dadupura, Fatehpur Sikri - UPPCB","22-09-2026 22:00:00",27.097694,77.671335,NO2,7,8,8
India,Tripura,Agartala,"Bardowali, Agartala - Tripura SPCB","22-09-2026 22:00:00",23.8175497,91.2726974,PM10,NA,NA,NA
India,Tripura,Agartala,"Bardowali, Agartala - Tripura SPCB","22-09-2026 22:00:00",23.8175497,91.2726974,NO2,13,13,13
India,Tripura,Agartala,"Bardowali, Agartala - Tripura SPCB","22-09-2026 22:00:00",23.8175497,91.2726974,NH3,NA,NA,NA
India,Telangana,Hyderabad,"Ramachandrapuram, Hyderabad - TSPCB","22-09-2026 22:00:00",17.528544,78.286195,CO,21,34,27
India,"Uttar Pradesh",Lucknow,"Kukrail Picnic Spot-1, Lucknow - UPPCB","22-09-2026 22:00:00",26.90723,80.98579,PM2.5,25,82,47
India,"Uttar Pradesh",Lucknow,"Kukrail Picnic Spot-1, Lucknow - UPPCB","22-09-2026 22:00:00",26.90723,80.98579,PM10,29,104,53
India,"Uttar Pradesh",Lucknow,"Kukrail Picnic Spot-1, Lucknow - UPPCB","22-09-2026 22:00:00",26.90723,80.98579,NO2,31,32,32
India,"Uttar Pradesh",Mathura,"Pali Dungra, Mathura - UPPCB","22-09-2026 22:00:00",27.410954,77.550619,PM2.5,170,232,197
India,"Uttar Pradesh",Mathura,"Pali Dungra, Mathura - UPPCB","22-09-2026 22:00:00",27.410954,77.550619,OZONE,7,46,29
India,"Uttar Pradesh",Meerut,"Ganga Nagar, Meerut - UPPCB","22-09-2026 22:00:00",28.999264,77.7590354,PM2.5,45,172,101
India,"Uttar Pradesh",Meerut,"Ganga Nagar, Meerut - UPPCB","22-09-2026 22:00:00",28.999264,77.7590354,OZONE,56,119,91
India,"Uttar Pradesh",Meerut,"Jai Bhim Nagar, Meerut - UPPCB","22-09-2026 22:00:00",28.9535882,77.7622941,PM10,81,172,118
India,"Uttar Pradesh",Modinagar,"SRM University, Modinagar - UPPCB","22-09-2026 22:00:00",28.798171,77.540243,PM2.5,86,208,142
India,"Uttar Pradesh",Modinagar,"SRM University, Modinagar - UPPCB","22-09-2026 22:00:00",28.798171,77.540243,NO2,17,42,30
India,"Uttar Pradesh",Moradabad,"Eco Herbal Park, Moradabad - UPPCB","22-09-2026 22:00:00",28.840739,78.697531,NH3,11,14,13
India,"Uttar Pradesh",Moradabad,"Kashiram Nagar, Moradabad - UPPCB","22-09-2026 22:00:00",28.849399,78.742362,PM2.5,65,180,95
India,"Uttar Pradesh",Moradabad,"Kashiram Nagar, Moradabad - UPPCB","22-09-2026 22:00:00",28.849399,78.742362,NH3,4,4,4
India,"Uttar Pradesh",Moradabad,"Kashiram Nagar, Moradabad - UPPCB","22-09-2026 22:00:00",28.849399,78.742362,CO,34,53,43
India,"Uttar Pradesh",Moradabad,"Transport Nagar, Moradabad - UPPCB","22-09-2026 22:00:00",28.802625,78.753728,NO2,24,25,24
India,"Uttar Pradesh",Moradabad,"Transport Nagar, Moradabad - UPPCB","22-09-2026 22:00:00",28.802625,78.753728,NH3,5,6,5
India,"Uttar Pradesh",Gorakhpur,"Madan Mohan Malaviya University of Technology, Gorakhpur - UPPCB","22-09-2026 22:00:00",26.730136,83.433859,NO2,11,12,11
India,"Uttar Pradesh",Gorakhpur,"Madan Mohan Malaviya University of Technology, Gorakhpur - UPPCB","22-09-2026 22:00:00",26.730136,83.433859,OZONE,0,1,0
India,"Uttar Pradesh","Greater Noida","Knowledge Park - V, Greater Noida - UPPCB","22-09-2026 22:00:00",28.557054,77.453663,OZONE,12,78,49
India,"Uttar Pradesh","Greater Noida","Knowledge Park - III, Greater Noida - UPPCB","22-09-2026 22:00:00",28.47272,77.482,PM10,102,252,144
India,"Uttar Pradesh","Greater Noida","Knowledge Park - III, Greater Noida - UPPCB","22-09-2026 22:00:00",28.47272,77.482,SO2,2,17,8
India,"Uttar Pradesh","Greater Noida","Knowledge Park - III, Greater Noida - UPPCB","22-09-2026 22:00:00",28.47272,77.482,OZONE,4,74,22
India,"Uttar Pradesh",Hapur,"Anand Vihar, Hapur - UPPCB","22-09-2026 22:00:00",28.725645,77.749675,PM2.5,80,271,177
India,"Uttar Pradesh",Hapur,"Anand Vihar, Hapur - UPPCB","22-09-2026 22:00:00",28.725645,77.749675,SO2,12,41,17
India,"Uttar Pradesh",Jhansi,"Shivaji Nagar, Jhansi - UPPCB","22-09-2026 22:00:00",25.4547,78.6039,PM10,73,110,90
India,"Uttar Pradesh",Jhansi,"Shivaji Nagar, Jhansi - UPPCB","22-09-2026 22:00:00",25.4547,78.6039,NO2,6,6,6
India,"Uttar Pradesh",Kanpur,"NSI Kalyanpur, Kanpur - UPPCB","22-09-2026 22:00:00",26.509954,80.249612,SO2,25,27,26
India,"Uttar Pradesh",Kanpur,"NSI Kalyanpur, Kanpur - UPPCB","22-09-2026 22:00:00",26.509954,80.249612,CO,33,35,34
India,"Uttar Pradesh",Kanpur,"NSI Kalyanpur, Kanpur - UPPCB","22-09-2026 22:00:00",26.509954,80.249612,OZONE,20,21,21
India,"Uttar Pradesh",Khora,"Prashant Garden, Khora - UPPCB","22-09-2026 22:00:00",28.61119,77.34206,NO2,22,58,37
India,"Uttar Pradesh",Khora,"Prashant Garden, Khora - UPPCB","22-09-2026 22:00:00",28.61119,77.34206,CO,41,72,49
India,"Uttar Pradesh",Khurja,"Kalindi Kunj, Khurja - UPPCB","22-09-2026 22:00:00",28.2348927,77.8683002,PM10,101,149,120
India,"Uttar Pradesh",Khurja,"Kalindi Kunj, Khurja - UPPCB","22-09-2026 22:00:00",28.2348927,77.8683002,SO2,10,11,10
India,"Uttar Pradesh",Lucknow,"B R Ambedkar University, Lucknow - UPPCB","22-09-2026 22:00:00",26.766433,80.927299,SO2,30,40,33
India,"Uttar Pradesh",Lucknow,"Kendriya Vidyalaya, Lucknow - CPCB","22-09-2026 22:00:00",26.906111,80.948222,NO2,27,41,31
India,"Uttar Pradesh",Lucknow,"Kendriya Vidyalaya, Lucknow - CPCB","22-09-2026 22:00:00",26.906111,80.948222,NH3,10,22,16
India,"Uttar Pradesh",Lucknow,"Kendriya Vidyalaya, Lucknow - CPCB","22-09-2026 22:00:00",26.906111,80.948222,CO,26,86,52
India,"Uttar Pradesh",Lucknow,"Lalbagh, Lucknow - CPCB","22-09-2026 22:00:00",26.8458805,80.9365541,PM10,67,108,84
India,"Uttar Pradesh",Lucknow,"Lalbagh, Lucknow - CPCB","22-09-2026 22:00:00",26.8458805,80.9365541,NO2,22,36,25
India,"Uttar Pradesh",Lucknow,"Lalbagh, Lucknow - CPCB","22-09-2026 22:00:00",26.8458805,80.9365541,OZONE,9,62,32
India,"Uttar Pradesh",Lucknow,"Gomti Nagar, Lucknow - UPPCB","22-09-2026 22:00:00",26.86812,81.005119,PM10,25,94,51
India,"Uttar Pradesh",Firozabad,"Nagla Bhau, Firozabad - UPPCB","22-09-2026 22:00:00",27.168897,78.37696,SO2,10,51,26
India,"Uttar Pradesh",Firozabad,"Nagla Bhau, Firozabad - UPPCB","22-09-2026 22:00:00",27.168897,78.37696,CO,9,43,24
India,"Uttar Pradesh",Ghaziabad,"Indirapuram, Ghaziabad - UPPCB","22-09-2026 22:00:00",28.646233,77.358075,PM2.5,89,303,185
India,"Uttar Pradesh",Ghaziabad,"Indirapuram, Ghaziabad - UPPCB","22-09-2026 22:00:00",28.646233,77.358075,NO2,11,40,20
India,"Uttar Pradesh",Ghaziabad,"Indirapuram, Ghaziabad - UPPCB","22-09-2026 22:00:00",28.646233,77.358075,SO2,4,15,8
India,"Uttar Pradesh",Ghaziabad,"Govindpuram, Ghaziabad - UPPCB","22-09-2026 22:00:00",28.694528,77.494705,NO2,NA,NA,NA
India,"Uttar Pradesh",Ghaziabad,"Govindpuram, Ghaziabad - UPPCB","22-09-2026 22:00:00",28.694528,77.494705,OZONE,6,115,78
India,"Uttar Pradesh",Ghaziabad,"Loni, Ghaziabad - UPPCB","22-09-2026 22:00:00",28.757294,77.278792,NO2,19,63,42
India,"Uttar Pradesh",Ghaziabad,"Loni, Ghaziabad - UPPCB","22-09-2026 22:00:00",28.757294,77.278792,OZONE,7,14,10
India,"Uttar Pradesh",Ghaziabad,"Sanjay Nagar, Ghaziabad - UPPCB","22-09-2026 22:00:00",28.685382,77.453839,PM2.5,63,187,116
India,"Uttar Pradesh",Ghaziabad,"Sanjay Nagar, Ghaziabad - UPPCB","22-09-2026 22:00:00",28.685382,77.453839,NO2,11,64,30
India,"Uttar Pradesh",Ghaziabad,"Sanjay Nagar, Ghaziabad - UPPCB","22-09-2026 22:00:00",28.685382,77.453839,NH3,5,12,9
India,"Uttar Pradesh",Moradabad,"Employment Office, Moradabad - UPPCB","22-09-2026 22:00:00",28.88528,78.7388,PM10,48,113,86
India,"Uttar Pradesh",Moradabad,"Employment Office, Moradabad - UPPCB","22-09-2026 22:00:00",28.88528,78.7388,NH3,3,3,3
India,"Uttar Pradesh",Moradabad,"Employment Office, Moradabad - UPPCB","22-09-2026 22:00:00",28.88528,78.7388,SO2,32,43,36
India,"Uttar Pradesh",Moradabad,"Buddhi Vihar, Moradabad - UPPCB","22-09-2026 22:00:00",28.83526,78.7446,PM10,79,176,122
India,"Uttar Pradesh",Moradabad,"Jigar Colony, Moradabad - UPPCB","22-09-2026 22:00:00",28.856664,78.772638,NH3,6,6,6
India,"Uttar Pradesh",Moradabad,"Transport Nagar, Moradabad - UPPCB","22-09-2026 22:00:00",28.802625,78.753728,SO2,21,21,21
India,"Uttar Pradesh",Moradabad,"Transport Nagar, Moradabad - UPPCB","22-09-2026 22:00:00",28.802625,78.753728,CO,37,57,52
India,"Uttar Pradesh",Moradabad,"Transport Nagar, Moradabad - UPPCB","22-09-2026 22:00:00",28.802625,78.753728,OZONE,2,6,4
India,"Uttar Pradesh","Fatehpur Sikri","Dadupura, Fatehpur Sikri - UPPCB","22-09-2026 22:00:00",27.097694,77.671335,SO2,10,11,11
India,"Uttar Pradesh","Fatehpur Sikri","Dadupura, Fatehpur Sikri - UPPCB","22-09-2026 22:00:00",27.097694,77.671335,NH3,2,2,2
India,"Uttar Pradesh",Noida,"Sector - 62, Noida - IITM","22-09-2026 22:00:00",28.6245479,77.3577104,PM10,126,213,151
India,"Uttar Pradesh",Noida,"Sector - 125, Noida - UPPCB","22-09-2026 22:00:00",28.5447608,77.3231257,CO,5,32,20
India,"Uttar Pradesh",Noida,"Sector-1, Noida - UPPCB","22-09-2026 22:00:00",28.5898,77.3101,NO2,18,98,49
India,"Uttar Pradesh",Prayagraj,"Nagar Nigam, Prayagraj - UPPCB","22-09-2026 22:00:00",25.44919916,81.82735986,PM10,52,128,75
India,"Uttar Pradesh",Prayagraj,"Nagar Nigam, Prayagraj - UPPCB","22-09-2026 22:00:00",25.44919916,81.82735986,NO2,5,6,5
India,"Uttar Pradesh",Prayagraj,"Nagar Nigam, Prayagraj - UPPCB","22-09-2026 22:00:00",25.44919916,81.82735986,SO2,9,102,35
India,"Uttar Pradesh",Prayagraj,"Motilal Nehru NIT, Prayagraj - UPPCB","22-09-2026 22:00:00",25.494,81.863,NO2,12,12,12
India,"Uttar Pradesh",Prayagraj,"Motilal Nehru NIT, Prayagraj - UPPCB","22-09-2026 22:00:00",25.494,81.863,SO2,22,26,23
India,"Uttar Pradesh",Prayagraj,"Jhunsi, Prayagraj - UPPCB","22-09-2026 22:00:00",25.425602,81.917152,NO2,6,6,6
India,"Uttar Pradesh",Raebareli," Indira Nagar, Raebareli - NTPC Unchahar","22-09-2026 22:00:00",26.207781,81.245571,PM2.5,NA,NA,NA
India,"Uttar Pradesh",Raebareli," Indira Nagar, Raebareli - NTPC Unchahar","22-09-2026 22:00:00",26.207781,81.245571,NH3,NA,NA,NA
India,"West Bengal",Asansol,"Evelyn Lodge, Asansol - WBPCB","22-09-2026 22:00:00",23.697936,86.944395,OZONE,4,10,7
India,"West Bengal",Asansol,"Mahabir Colliery, Asansol - WBPCB","22-09-2026 22:00:00",23.618183,87.105718,OZONE,9,11,10
India,"West Bengal",Asansol,"Trivenidevi Bhalotia College, Asansol - WBPCB","22-09-2026 22:00:00",23.616515,87.119133,NH3,1,4,4
India,"West Bengal",Barrackpore,"SVSPA Campus, Barrackpore - WBPCB","22-09-2026 22:00:00",22.7605581,88.3617589,PM2.5,20,41,27
India,"West Bengal",Durgapur,"PCBL Residential Complex, Durgapur - WBPCB","22-09-2026 22:00:00",23.508764,87.35444,SO2,2,13,7
India,"West Bengal",Durgapur,"PCBL Residential Complex, Durgapur - WBPCB","22-09-2026 22:00:00",23.508764,87.35444,CO,41,50,47
India,"West Bengal",Durgapur,"Womens College_City Center, Durgapur - WBPCB","22-09-2026 22:00:00",23.549395,87.300496,CO,33,46,39
India,"West Bengal",Haldia,"Priyambada Housing Estate, Haldia - WBPCB","22-09-2026 22:00:00",22.06047,88.109737,PM2.5,13,15,14
India,"West Bengal",Howrah,"Ghusuri, Howrah - WBPCB","22-09-2026 22:00:00",22.611968,88.347422,PM2.5,16,32,24
India,"West Bengal",Howrah,"Ghusuri, Howrah - WBPCB","22-09-2026 22:00:00",22.611968,88.347422,NO2,21,37,26
India,"West Bengal",Howrah,"Dasnagar, Howrah - WBPCB","22-09-2026 22:00:00",22.6025571,88.3105664,PM10,29,72,48
India,"West Bengal",Howrah,"Padmapukur, Howrah - WBPCB","22-09-2026 22:00:00",22.5687319,88.2797276,NH3,3,11,7
India,"West Bengal",Kolkata,"Victoria, Kolkata - WBPCB","22-09-2026 22:00:00",22.5448082,88.3403691,PM2.5,8,68,30
India,"West Bengal",Kolkata,"Victoria, Kolkata - WBPCB","22-09-2026 22:00:00",22.5448082,88.3403691,SO2,0,9,4
India,"West Bengal",Kolkata,"Rabindra Sarobar, Kolkata - WBPCB","22-09-2026 22:00:00",22.51106,88.35142,PM10,20,29,22
India,"West Bengal",Kolkata,"Rabindra Sarobar, Kolkata - WBPCB","22-09-2026 22:00:00",22.51106,88.35142,NH3,6,7,6
India,"West Bengal",Kolkata,"Bidhannagar, Kolkata - WBPCB","22-09-2026 22:00:00",22.58157048,88.41002457,PM2.5,3,23,9
India,"West Bengal",Kolkata,"Bidhannagar, Kolkata - WBPCB","22-09-2026 22:00:00",22.58157048,88.41002457,NO2,7,14,13
India,"West Bengal",Siliguri,"Ward-32 Bapupara, Siliguri - WBPCB","22-09-2026 22:00:00",26.6879226,88.4152495,NO2,14,18,16
India,"Uttar Pradesh",Raebareli,"Anand Nagar, Raebareli - UPPCB","22-09-2026 22:00:00",26.219512,81.237648,CO,81,83,82
India,"Uttar Pradesh",Varanasi,"Maldahiya, Varanasi - UPPCB","22-09-2026 22:00:00",25.32393,82.99687,NO2,1,6,3
India,"Uttar Pradesh",Varanasi,"Maldahiya, Varanasi - UPPCB","22-09-2026 22:00:00",25.32393,82.99687,OZONE,5,6,5
India,"Uttar Pradesh",Varanasi,"Bhelupur, Varanasi - UPPCB","22-09-2026 22:00:00",25.301778,82.996789,SO2,33,34,34
India,"Uttar Pradesh",Varanasi,"IESD Banaras Hindu University, Varanasi - UPPCB","22-09-2026 22:00:00",25.262326,82.995408,NO2,2,2,2
India,"Uttar Pradesh",Varanasi,"IESD Banaras Hindu University, Varanasi - UPPCB","22-09-2026 22:00:00",25.262326,82.995408,SO2,27,51,35
India,"Uttar Pradesh",Vrindavan," Chhatikara, Vrindavan - UPPCB","22-09-2026 22:00:00",27.57194,77.62346,OZONE,26,146,96
India,Uttarakhand,Rishikesh,"Shivaji Nagar, Rishikesh - UKPCB","22-09-2026 22:00:00",30.075911,78.2859547,NH3,2,2,2
India,Uttarakhand,Rishikesh,"Shivaji Nagar, Rishikesh - UKPCB","22-09-2026 22:00:00",30.075911,78.2859547,SO2,1,1,1
India,"West Bengal",Asansol,"Asansol Court Area, Asansol - WBPCB","22-09-2026 22:00:00",23.685297,86.945968,PM2.5,24,46,34
India,"West Bengal",Asansol,"Evelyn Lodge, Asansol - WBPCB","22-09-2026 22:00:00",23.697936,86.944395,NH3,4,5,5
India,"West Bengal",Howrah,"Botanical Garden, Howrah - WBPCB","22-09-2026 22:00:00",22.554954,88.292568,OZONE,31,41,37
India,"West Bengal",Kolkata,"Rabindra Bharati University, Kolkata - WBPCB","22-09-2026 22:00:00",22.627847,88.380669,PM2.5,16,43,27
India,"West Bengal",Kolkata,"Rabindra Bharati University, Kolkata - WBPCB","22-09-2026 22:00:00",22.627847,88.380669,PM10,30,60,43
India,"West Bengal",Kolkata,"Jadavpur, Kolkata - WBPCB","22-09-2026 22:00:00",22.49929,88.36917,PM10,23,45,33
India,"West Bengal",Kolkata,"Jadavpur, Kolkata - WBPCB","22-09-2026 22:00:00",22.49929,88.36917,NH3,12,13,12
India,"West Bengal",Kolkata,"Jadavpur, Kolkata - WBPCB","22-09-2026 22:00:00",22.49929,88.36917,SO2,5,6,6
India,"Uttar Pradesh",Raebareli,"Anand Nagar, Raebareli - UPPCB","22-09-2026 22:00:00",26.219512,81.237648,PM2.5,25,42,35
India,"Uttar Pradesh",Raebareli,"Anand Nagar, Raebareli - UPPCB","22-09-2026 22:00:00",26.219512,81.237648,NO2,9,42,20
India,"Uttar Pradesh",Raebareli,"Anand Nagar, Raebareli - UPPCB","22-09-2026 22:00:00",26.219512,81.237648,NH3,NA,NA,NA
India,"Andhra Pradesh",Vijayawada,"Rajiv Nagar, Vijayawada - APPCB","22-09-2026 22:00:00",16.554731,80.64911,CO,31,41,36
India,"Andhra Pradesh",Vijayawada,"Rajiv Gandhi Park, Vijayawada - APPCB","22-09-2026 22:00:00",16.509717,80.612222,PM10,NA,NA,NA
India,"Andhra Pradesh",Vijayawada,"Rajiv Gandhi Park, Vijayawada - APPCB","22-09-2026 22:00:00",16.509717,80.612222,NO2,NA,NA,NA
India,"Andhra Pradesh",Vijayawada,"Rajiv Gandhi Park, Vijayawada - APPCB","22-09-2026 22:00:00",16.509717,80.612222,NH3,NA,NA,NA
India,"Arunachal Pradesh",Naharlagun,"Naharlagun, Naharlagun - APSPCB","22-09-2026 22:00:00",27.103358,93.679645,NO2,8,9,9
India,"Arunachal Pradesh",Naharlagun,"Naharlagun, Naharlagun - APSPCB","22-09-2026 22:00:00",27.103358,93.679645,NH3,1,1,1
India,"Arunachal Pradesh",Naharlagun,"Naharlagun, Naharlagun - APSPCB","22-09-2026 22:00:00",27.103358,93.679645,SO2,12,12,12
India,"Arunachal Pradesh",Naharlagun,"Naharlagun, Naharlagun - APSPCB","22-09-2026 22:00:00",27.103358,93.679645,OZONE,7,7,7
India,Assam,Byrnihat,"Central Academy for SFS, Byrnihat - PCBA","22-09-2026 22:00:00",26.071318,91.87488,CO,54,72,63
India,Assam,Guwahati,"LGBI Airport, Guwahati - PCBA","22-09-2026 22:00:00",26.10887,91.589544,NH3,3,29,5
India,Assam,Guwahati,"Pan Bazaar, Guwahati - PCBA","22-09-2026 22:00:00",26.1875,91.744194,PM2.5,NA,NA,NA
India,"Andhra Pradesh",Kadapa,"Yerramukkapalli, Kadapa - APPCB","22-09-2026 22:00:00",14.465052,78.824187,OZONE,36,58,42
India,"Andhra Pradesh",Kakinada,"Rama Rao Peta, Kakinada - APPCB","22-09-2026 22:00:00",16.962488,82.229513,NH3,2,6,4
India,"Andhra Pradesh",Kurnool,"Sita Rama Nagar, Kurnool - APPCB","22-09-2026 22:00:00",15.83411,78.028546,PM10,23,48,34
India,"Andhra Pradesh",Kurnool,"Sita Rama Nagar, Kurnool - APPCB","22-09-2026 22:00:00",15.83411,78.028546,NO2,25,43,29
India,"Andhra Pradesh",Machilipatnam,"Srinivas Nagar Colony, Machilipatnam - APPCB","22-09-2026 22:00:00",16.186555,81.13219,PM10,62,73,66
India,"Andhra Pradesh",Machilipatnam,"Srinivas Nagar Colony, Machilipatnam - APPCB","22-09-2026 22:00:00",16.186555,81.13219,NO2,31,38,33
India,"Andhra Pradesh",Amaravati,"Secretariat, Amaravati - APPCB","22-09-2026 22:00:00",16.5150833,80.5181667,PM10,54,182,107
India,"Andhra Pradesh",Amaravati,"Secretariat, Amaravati - APPCB","22-09-2026 22:00:00",16.5150833,80.5181667,NO2,15,59,27
India,"Andhra Pradesh",Amaravati,"Secretariat, Amaravati - APPCB","22-09-2026 22:00:00",16.5150833,80.5181667,NH3,4,6,5
India,"Andhra Pradesh",Anantapur,"Gulzarpet, Anantapur - APPCB","22-09-2026 22:00:00",14.675886,77.593027,NH3,3,5,3
India,"Andhra Pradesh",Chittoor,"Gangineni Cheruvu, Chittoor - APPCB","22-09-2026 22:00:00",13.20488,79.097889,PM2.5,59,84,68
India,"Andhra Pradesh",Chittoor,"Gangineni Cheruvu, Chittoor - APPCB","22-09-2026 22:00:00",13.20488,79.097889,PM10,59,84,68
India,Bihar,Araria,"Kharahiya Basti, Araria - BSPCB","22-09-2026 22:00:00",26.146529,87.454184,PM10,2,143,75
India,Bihar,Arrah,"New DM Office, Arrah - BSPCB","22-09-2026 22:00:00",25.5626095,84.663264,SO2,4,6,5
India,Bihar,Begusarai,"Lohiyanagar, Begusarai - BSPCB","22-09-2026 22:00:00",25.42742023,86.13886079,PM2.5,5,290,46
India,Assam,Guwahati,"IITG, Guwahati - PCBA","22-09-2026 22:00:00",26.2028636,91.70046436,SO2,32,35,34
India,Assam,Guwahati,"IITG, Guwahati - PCBA","22-09-2026 22:00:00",26.2028636,91.70046436,CO,77,83,79
India,Assam,Guwahati,"IITG, Guwahati - PCBA","22-09-2026 22:00:00",26.2028636,91.70046436,OZONE,1,30,8
India,Assam,Nalbari,"Bata Chowk, Nalbari - PCBA","22-09-2026 22:00:00",26.446912,91.439057,PM2.5,26,119,73
India,Assam,Nalbari,"Bata Chowk, Nalbari - PCBA","22-09-2026 22:00:00",26.446912,91.439057,OZONE,16,19,19
India,Assam,Sivasagar,"Girls College, Sivasagar - PCBA","22-09-2026 22:00:00",26.987634,94.636574,PM2.5,19,51,29
India,Assam,Sivasagar,"Girls College, Sivasagar - PCBA","22-09-2026 22:00:00",26.987634,94.636574,PM10,32,50,39
India,Assam,Sivasagar,"Girls College, Sivasagar - PCBA","22-09-2026 22:00:00",26.987634,94.636574,CO,9,21,15
India,"Andhra Pradesh",Chittoor,"Gangineni Cheruvu, Chittoor - APPCB","22-09-2026 22:00:00",13.20488,79.097889,NO2,26,39,35
India,"Andhra Pradesh",Guntur,"Rajendra Nagar North, Guntur - APPCB","22-09-2026 22:00:00",16.316553,80.413302,PM2.5,43,124,60
India,"Andhra Pradesh",Guntur,"Rajendra Nagar North, Guntur - APPCB","22-09-2026 22:00:00",16.316553,80.413302,CO,14,34,24
India,Bihar,Begusarai,"Lohiyanagar, Begusarai - BSPCB","22-09-2026 22:00:00",25.42742023,86.13886079,SO2,11,19,14
India,Bihar,Begusarai,"Lohiyanagar, Begusarai - BSPCB","22-09-2026 22:00:00",25.42742023,86.13886079,CO,49,71,61
India,"Andhra Pradesh",Vijayawada,"Rajiv Nagar, Vijayawada - APPCB","22-09-2026 22:00:00",16.554731,80.64911,PM2.5,43,62,52
India,"Andhra Pradesh",Nellore,"Ambedkar Nagar, Nellore - APPCB ","22-09-2026 22:00:00",14.438164,79.966814,OZONE,25,30,28
India,Bihar,Bhagalpur,"Mayaganj, Bhagalpur - BSPCB","22-09-2026 22:00:00",25.265194,87.012947,SO2,NA,NA,NA
India,Bihar,Bhagalpur,"Mayaganj, Bhagalpur - BSPCB","22-09-2026 22:00:00",25.265194,87.012947,CO,29,152,98
India,Bihar,Bhagalpur,"Mayaganj, Bhagalpur - BSPCB","22-09-2026 22:00:00",25.265194,87.012947,OZONE,11,44,18
India,Bihar,"Bihar Sharif","D M Colony, Bihar Sharif - BSPCB","22-09-2026 22:00:00",25.204762,85.51496,PM2.5,NA,NA,NA
India,Bihar,"Bihar Sharif","D M Colony, Bihar Sharif - BSPCB","22-09-2026 22:00:00",25.204762,85.51496,NO2,9,10,9
India,Bihar,"Bihar Sharif","D M Colony, Bihar Sharif - BSPCB","22-09-2026 22:00:00",25.204762,85.51496,NH3,3,4,3
India,Bihar,Gaya,"Kareemganj, Gaya - BSPCB","22-09-2026 22:00:00",24.792403,84.992416,NO2,0,11,3
India,Bihar,Gaya,"Kareemganj, Gaya - BSPCB","22-09-2026 22:00:00",24.792403,84.992416,SO2,36,44,40
India,Bihar,Gaya,"Kareemganj, Gaya - BSPCB","22-09-2026 22:00:00",24.792403,84.992416,OZONE,12,51,31
India,Bihar,Gaya,"SFTI Kusdihra, Gaya - BSPCB","22-09-2026 22:00:00",24.762518,84.982348,PM2.5,24,44,34
India,Bihar,Gaya,"SFTI Kusdihra, Gaya - BSPCB","22-09-2026 22:00:00",24.762518,84.982348,NO2,20,35,27
India,Bihar,Katihar,"Mirchaibari, Katihar - BSPCB","22-09-2026 22:00:00",25.560083,87.553265,PM2.5,20,52,37
India,Bihar,Patna,"Rajbansi Nagar, Patna - BSPCB","22-09-2026 22:00:00",25.599486,85.113666,PM2.5,23,46,33
India,Bihar,Patna,"Rajbansi Nagar, Patna - BSPCB","22-09-2026 22:00:00",25.599486,85.113666,PM10,31,54,45
India,Bihar,Patna,"Rajbansi Nagar, Patna - BSPCB","22-09-2026 22:00:00",25.599486,85.113666,NH3,2,3,3
India,Bihar,Patna,"Rajbansi Nagar, Patna - BSPCB","22-09-2026 22:00:00",25.599486,85.113666,CO,33,52,40
India,Bihar,Purnia,"Mariam Nagar, Purnia - BSPCB","22-09-2026 22:00:00",25.366336,87.117468,PM2.5,NA,NA,NA
India,Bihar,Purnia,"Mariam Nagar, Purnia - BSPCB","22-09-2026 22:00:00",25.366336,87.117468,SO2,14,17,16
India,Bihar,Purnia,"Mariam Nagar, Purnia - BSPCB","22-09-2026 22:00:00",25.366336,87.117468,OZONE,21,57,31
India,Bihar,Rajgir,"Dangi Tola, Rajgir - BSPCB","22-09-2026 22:00:00",25.0328,85.41948,NH3,3,3,3
India,Bihar,Samastipur,"DM Office_Kasipur, Samastipur - BSPCB","22-09-2026 22:00:00",25.859655,85.77944,PM2.5,25,347,91
India,Bihar,Samastipur,"DM Office_Kasipur, Samastipur - BSPCB","22-09-2026 22:00:00",25.859655,85.77944,NO2,8,9,8
India,Bihar,Samastipur,"DM Office_Kasipur, Samastipur - BSPCB","22-09-2026 22:00:00",25.859655,85.77944,OZONE,6,6,6
India,Bihar,Manguraha,"Forest Rest House, Manguraha - BSPCB","22-09-2026 22:00:00",27.308328,84.531742,NH3,0,1,1
India,Bihar,Manguraha,"Forest Rest House, Manguraha - BSPCB","22-09-2026 22:00:00",27.308328,84.531742,SO2,1,47,23
India,Bihar,Manguraha,"Forest Rest House, Manguraha - BSPCB","22-09-2026 22:00:00",27.308328,84.531742,OZONE,13,38,31
India,Bihar,Motihari,"Gandak Colony, Motihari - BSPCB","22-09-2026 22:00:00",26.63086,84.90051,PM10,NA,NA,NA
India,Bihar,Motihari,"Gandak Colony, Motihari - BSPCB","22-09-2026 22:00:00",26.63086,84.90051,NH3,1,1,1
India,Bihar,Munger,"Town Hall, Munger - BSPCB","22-09-2026 22:00:00",25.376776,86.471523,CO,34,38,36
India,Bihar,Patna,"Samanpura, Patna - BSPCB","22-09-2026 22:00:00",25.596727,85.085624,NO2,11,24,23
India,Bihar,Patna,"Samanpura, Patna - BSPCB","22-09-2026 22:00:00",25.596727,85.085624,OZONE,46,74,70
India,Bihar,Patna,"Muradpur, Patna - BSPCB","22-09-2026 22:00:00",25.619651,85.147382,PM2.5,23,52,37
India,Bihar,Sasaram,"Dada Peer, Sasaram - BSPCB","22-09-2026 22:00:00",24.952822,84.002396,NO2,NA,NA,NA
India,Bihar,Siwan,"Chitragupta Nagar, Siwan - BSPCB","22-09-2026 22:00:00",26.2271665,84.3570427,SO2,4,8,7
India,Bihar,Bettiah,"Kamalnath Nagar, Bettiah - BSPCB","22-09-2026 22:00:00",26.80365,84.51954,NH3,2,6,3
India,Bihar,Bettiah,"Kamalnath Nagar, Bettiah - BSPCB","22-09-2026 22:00:00",26.80365,84.51954,CO,26,41,32
India,Bihar,Patna,"IGSC Planetarium Complex, Patna - BSPCB","22-09-2026 22:00:00",25.610369,85.132568,PM2.5,29,201,85
India,Bihar,Patna,"IGSC Planetarium Complex, Patna - BSPCB","22-09-2026 22:00:00",25.610369,85.132568,NH3,NA,NA,NA
India,Bihar,Bhagalpur,"DM Office_Kachari Chowk, Bhagalpur - BSPCB","22-09-2026 22:00:00",25.251013,86.989001,OZONE,18,20,19
India,Bihar,Muzaffarpur,"MIT-Daudpur Kothi, Muzaffarpur - BSPCB","22-09-2026 22:00:00",26.1403345,85.3650192,NH3,1,2,1
India,Chhattisgarh,Bhilai,"Hathkhoj, Bhilai - CECB","22-09-2026 22:00:00",21.224231,81.40835,PM2.5,18,56,38
India,Chhattisgarh,Bhilai,"Hathkhoj, Bhilai - CECB","22-09-2026 22:00:00",21.224231,81.40835,PM10,28,54,39
India,Chhattisgarh,Bhilai,"Hathkhoj, Bhilai - CECB","22-09-2026 22:00:00",21.224231,81.40835,NH3,5,9,7
India,Chhattisgarh,Bhilai,"32Bungalows, Bhilai - CECB","22-09-2026 22:00:00",21.194815,81.31477,OZONE,14,32,23
India,Chhattisgarh,Bilaspur,"Mangala, Bilaspur - NTPC","22-09-2026 22:00:00",22.08815,82.13737,PM2.5,5,271,55
India,Chhattisgarh,Bilaspur,"Mangala, Bilaspur - NTPC","22-09-2026 22:00:00",22.08815,82.13737,CO,13,77,33
India,Chhattisgarh,Korba,"Urja Nagar, Korba - CECB","22-09-2026 22:00:00",22.348441,82.549611,NH3,1,1,1
India,Chhattisgarh,Korba,"Urja Nagar, Korba - CECB","22-09-2026 22:00:00",22.348441,82.549611,CO,14,14,14
India,Chhattisgarh,Korba,"Rampur, Korba - CECB","22-09-2026 22:00:00",22.368195,82.746431,CO,9,17,14
India,Chhattisgarh,Kunjemura,"OP Jindal School, Kunjemura - CECB","22-09-2026 22:00:00",22.12665,83.483212,PM10,20,126,51
India,Chhattisgarh,Raipur,"Siltara Phase-II, Raipur - CECB","22-09-2026 22:00:00",21.371751,81.664929,NH3,2,2,2
India,Chhattisgarh,Tumidih,"OP Jindal Industrial Park, Tumidih - CECB","22-09-2026 22:00:00",22.06631475,83.33820077,SO2,5,5,5
India,Delhi,Delhi,"Wazirpur, Delhi - DPCC","22-09-2026 22:00:00",28.699793,77.165453,CO,45,73,58
India,Delhi,Delhi,"Narela, Delhi - DPCC","22-09-2026 22:00:00",28.822836,77.101981,NO2,14,45,28
India,Delhi,Delhi,"Narela, Delhi - DPCC","22-09-2026 22:00:00",28.822836,77.101981,SO2,11,21,13
India,Chandigarh,Chandigarh,"Sector-25, Chandigarh - CPCC","22-09-2026 22:00:00",30.751462,76.762879,CO,14,33,20
India,Chandigarh,Chandigarh,"Sector 22, Chandigarh - CPCC","22-09-2026 22:00:00",30.735567,76.775714,SO2,3,7,5
India,Chhattisgarh,Raipur,"Krishak Nagar, Raipur - CECB","22-09-2026 22:00:00",21.237755,81.705301,NO2,8,28,14
India,Chhattisgarh,Raipur,"Krishak Nagar, Raipur - CECB","22-09-2026 22:00:00",21.237755,81.705301,NH3,2,2,2
India,Chhattisgarh,Chhal,"Nawapara SECL Colony, Chhal - CECB","22-09-2026 22:00:00",22.118125,83.140608,PM10,15,215,45
India,Chhattisgarh,Raipur,"Bhatagaon New ISBT, Raipur - CECB","22-09-2026 22:00:00",21.219665,81.630094,CO,23,59,37
India,Chandigarh,Chandigarh,"Sector-25, Chandigarh - CPCC","22-09-2026 22:00:00",30.751462,76.762879,PM2.5,27,56,38
India,Delhi,Delhi,"Okhla Phase-2, Delhi - DPCC","22-09-2026 22:00:00",28.530785,77.271255,CO,56,89,69
India,Delhi,Delhi,"Okhla Phase-2, Delhi - DPCC","22-09-2026 22:00:00",28.530785,77.271255,OZONE,10,84,45
India,Delhi,Delhi,"Rohini, Delhi - DPCC","22-09-2026 22:00:00",28.732528,77.11992,PM10,123,232,162
India,Delhi,Delhi,"Rohini, Delhi - DPCC","22-09-2026 22:00:00",28.732528,77.11992,SO2,11,16,13
India,Delhi,Delhi,"Rohini, Delhi - DPCC","22-09-2026 22:00:00",28.732528,77.11992,CO,37,60,46
India,Delhi,Delhi,"Rohini, Delhi - DPCC","22-09-2026 22:00:00",28.732528,77.11992,OZONE,21,40,32
India,Delhi,Delhi,"Vivek Vihar, Delhi - DPCC","22-09-2026 22:00:00",28.672342,77.31526,PM2.5,70,357,175
India,Delhi,Delhi,"Vivek Vihar, Delhi - DPCC","22-09-2026 22:00:00",28.672342,77.31526,PM10,127,289,168
India,Delhi,Delhi,"Vivek Vihar, Delhi - DPCC","22-09-2026 22:00:00",28.672342,77.31526,NH3,6,10,7
India,Delhi,Delhi,"Jahangirpuri, Delhi - DPCC","22-09-2026 22:00:00",28.73282,77.170633,PM2.5,40,316,195
India,Delhi,Delhi,"Jahangirpuri, Delhi - DPCC","22-09-2026 22:00:00",28.73282,77.170633,CO,80,105,94
India,Delhi,Delhi,"IHBAS, Dilshad Garden, Delhi - CPCB","22-09-2026 22:00:00",28.6811736,77.3025234,CO,22,26,24
India,Delhi,Delhi,"DTU, Delhi - CPCB","22-09-2026 22:00:00",28.7500499,77.1112615,NO2,13,31,24
India,Delhi,Delhi,"Dwarka-Sector 8, Delhi - DPCC ","22-09-2026 22:00:00",28.5710274,77.0719006,OZONE,20,52,35
India,Delhi,Delhi,"Dr. Karni Singh Shooting Range, Delhi - DPCC","22-09-2026 22:00:00",28.498571,77.26484,CO,38,98,63
India,Delhi,Delhi,"Mandir Marg, Delhi - DPCC","22-09-2026 22:00:00",28.636429,77.201067,NH3,NA,NA,NA
India,Delhi,Delhi,"Mandir Marg, Delhi - DPCC","22-09-2026 22:00:00",28.636429,77.201067,OZONE,15,76,44
India,Delhi,Delhi,"Pusa, Delhi - DPCC","22-09-2026 22:00:00",28.639652,77.146275,PM2.5,88,243,152
India,Delhi,Delhi,"Pusa, Delhi - DPCC","22-09-2026 22:00:00",28.639652,77.146275,NH3,2,7,4
India,Delhi,Delhi,"Major Dhyan Chand National Stadium, Delhi - DPCC","22-09-2026 22:00:00",28.611281,77.237738,NH3,4,7,7
India,Delhi,Delhi,"Major Dhyan Chand National Stadium, Delhi - DPCC","22-09-2026 22:00:00",28.611281,77.237738,OZONE,3,54,29
India,Delhi,Delhi,"Sonia Vihar, Delhi - DPCC","22-09-2026 22:00:00",28.710508,77.249485,NH3,13,18,15
India,Delhi,Delhi,"Sonia Vihar, Delhi - DPCC","22-09-2026 22:00:00",28.710508,77.249485,SO2,16,25,20
India,Delhi,Delhi,"Bawana, Delhi - DPCC","22-09-2026 22:00:00",28.7762,77.051074,PM10,102,200,144
India,Delhi,Delhi,"Bawana, Delhi - DPCC","22-09-2026 22:00:00",28.7762,77.051074,NH3,7,8,7
India,Delhi,Delhi,"NSUT Jaffarpur, Delhi - DPCC","22-09-2026 22:00:00",28.594004,76.909423,CO,34,42,39
India,Delhi,Delhi,"NSUT Jaffarpur, Delhi - DPCC","22-09-2026 22:00:00",28.594004,76.909423,OZONE,10,20,14
India,Delhi,Delhi,"Ashok Vihar, Delhi - DPCC","22-09-2026 22:00:00",28.695381,77.181665,OZONE,3,12,8
India,Delhi,Delhi,"Anand Vihar, Delhi - DPCC","22-09-2026 22:00:00",28.647622,77.315809,PM10,NA,NA,NA
India,Delhi,Delhi,"Sri Aurobindo Marg, Delhi - DPCC","22-09-2026 22:00:00",28.531346,77.190156,PM10,101,182,137
India,Delhi,Delhi,"Sri Aurobindo Marg, Delhi - DPCC","22-09-2026 22:00:00",28.531346,77.190156,OZONE,3,69,33
India,Delhi,Delhi,"Nehru Nagar, Delhi - DPCC","22-09-2026 22:00:00",28.56789,77.250515,OZONE,10,69,37
India,Delhi,Delhi,"Sirifort, Delhi - CPCB","22-09-2026 22:00:00",28.5504249,77.2159377,PM10,134,297,182
India,Delhi,Delhi,"Chandni Chowk, Delhi - IITM","22-09-2026 22:00:00",28.656756,77.227234,PM2.5,145,322,249
India,Delhi,Delhi,"Najafgarh, Delhi - DPCC","22-09-2026 22:00:00",28.570173,76.933762,CO,22,34,26
India,Delhi,Delhi,"Mundka, Delhi - DPCC","22-09-2026 22:00:00",28.684678,77.076574,NO2,85,112,99
India,Delhi,Delhi,"Okhla Phase-2, Delhi - DPCC","22-09-2026 22:00:00",28.530785,77.271255,PM2.5,95,302,163
India,Delhi,Delhi,"Sirifort, Delhi - CPCB","22-09-2026 22:00:00",28.5504249,77.2159377,PM2.5,90,233,184
India,Delhi,Delhi,"IIT Delhi, Delhi - IITM","22-09-2026 22:00:00",28.54246,77.191651,CO,28,28,28
India,Delhi,Delhi,"IIT Delhi, Delhi - IITM","22-09-2026 22:00:00",28.54246,77.191651,OZONE,74,74,74
India,Delhi,Delhi,"IGI Airport (T3), Delhi - IITM","22-09-2026 22:00:00",28.5627763,77.1180053,NH3,NA,NA,NA
India,Delhi,Delhi,"IGNOU_Maidan Garhi, Delhi - DPCC","22-09-2026 22:00:00",28.493624,77.201159,PM2.5,19,50,36
India,Delhi,Delhi,"IGNOU_Maidan Garhi, Delhi - DPCC","22-09-2026 22:00:00",28.493624,77.201159,CO,69,83,74
India,Delhi,Delhi,"Commonwealth Sports Complex, Delhi - DPCC","22-09-2026 22:00:00",28.615828,77.271992,PM10,116,145,131
India,Delhi,Delhi,"Commonwealth Sports Complex, Delhi - DPCC","22-09-2026 22:00:00",28.615828,77.271992,NH3,0,3,2
India,Delhi,Delhi,"Commonwealth Sports Complex, Delhi - DPCC","22-09-2026 22:00:00",28.615828,77.271992,SO2,11,17,13
India,Delhi,Delhi,"Talkatora Garden, Delhi - DPCC","22-09-2026 22:00:00",28.62181,77.1944633,NO2,12,32,20
India,Delhi,Delhi,"Talkatora Garden, Delhi - DPCC","22-09-2026 22:00:00",28.62181,77.1944633,CO,70,85,74
India,Delhi,Delhi,"Burari Crossing, Delhi - IITM","22-09-2026 22:00:00",28.7256504,77.2011573,PM2.5,74,307,159
India,Delhi,Delhi,"Burari Crossing, Delhi - IITM","22-09-2026 22:00:00",28.7256504,77.2011573,NH3,NA,NA,NA
India,Delhi,Delhi,"IMD Lodhi Road, Delhi - IITM","22-09-2026 22:00:00",28.5918245,77.2273074,NO2,6,51,27
India,Delhi,Delhi,"IMD Lodhi Road, Delhi - IITM","22-09-2026 22:00:00",28.5918245,77.2273074,NH3,NA,NA,NA
India,Delhi,Delhi,"JNU, Delhi - DPCC","22-09-2026 22:00:00",28.540721,77.168544,PM10,95,149,126
India,Delhi,Delhi,"JNU, Delhi - DPCC","22-09-2026 22:00:00",28.540721,77.168544,CO,68,98,82
India,Delhi,Delhi,"ITO, Delhi - CPCB","22-09-2026 22:00:00",28.628624,77.24106,PM2.5,43,146,93
India,Delhi,Delhi,"ITO, Delhi - CPCB","22-09-2026 22:00:00",28.628624,77.24106,PM10,92,156,127
India,Delhi,Delhi,"ITO, Delhi - CPCB","22-09-2026 22:00:00",28.628624,77.24106,CO,43,85,53
India,Delhi,Delhi,"R K Puram, Delhi - DPCC","22-09-2026 22:00:00",28.563262,77.186937,NO2,20,97,55
India,Gujarat,Ahmedabad,"Maninagar, Ahmedabad - GPCB","22-09-2026 22:00:00",23.002657,72.591912,OZONE,64,154,107
India,Gujarat,Ahmedabad,"SAC ISRO Bopal, Ahmedabad - IITM","22-09-2026 22:00:00",23.041137,72.456691,PM10,41,235,100
India,Gujarat,Ankleshwar,"GIDC, Ankleshwar - GPCB","22-09-2026 22:00:00",21.613267,73.010555,PM10,73,145,103
India,Gujarat,Ankleshwar,"GIDC, Ankleshwar - GPCB","22-09-2026 22:00:00",21.613267,73.010555,NO2,21,28,24
India,Gujarat,Bhavnagar,"Vidhyanagar, Bhavnagar - Nexteng Enviro","22-09-2026 22:00:00",21.755417,72.139056,OZONE,3,16,8
India,Gujarat,Ahmedabad,"Rakhial, Ahmedabad - IITM","22-09-2026 22:00:00",23.016834,72.625775,PM2.5,94,310,188
India,Gujarat,Ahmedabad,"Rakhial, Ahmedabad - IITM","22-09-2026 22:00:00",23.016834,72.625775,PM10,101,169,130
India,Gujarat,Ahmedabad,"Rakhial, Ahmedabad - IITM","22-09-2026 22:00:00",23.016834,72.625775,OZONE,0,8,4
India,Gujarat,Ahmedabad,"SAC ISRO Satellite, Ahmedabad - IITM","22-09-2026 22:00:00",23.023389,72.515201,CO,6,46,27
India,Gujarat,Ahmedabad,"Gyaspur, Ahmedabad - IITM","22-09-2026 22:00:00",22.977134,72.553024,PM2.5,62,96,77
India,Gujarat,Ahmedabad,"Gyaspur, Ahmedabad - IITM","22-09-2026 22:00:00",22.977134,72.553024,PM10,83,183,125
India,Gujarat,Gandhinagar,"GIFT City, Gandhinagar - IITM","22-09-2026 22:00:00",23.163798,72.677768,SO2,1,9,4
India,Gujarat,Gandhinagar,"GIFT City, Gandhinagar - IITM","22-09-2026 22:00:00",23.163798,72.677768,OZONE,7,22,13
India,Gujarat,Gandhinagar,"IIPHG Lekawada, Gandhinagar - IITM","22-09-2026 22:00:00",23.243639,72.68994,PM10,47,82,67
India,Delhi,Delhi,"North Campus, DU, Delhi - IITM","22-09-2026 22:00:00",28.6573814,77.1585447,PM2.5,63,358,191
India,Delhi,Delhi,"North Campus, DU, Delhi - IITM","22-09-2026 22:00:00",28.6573814,77.1585447,CO,49,101,67
India,Delhi,Delhi,"Alipur, Delhi - DPCC","22-09-2026 22:00:00",28.815329,77.15301,PM2.5,77,323,185
India,Gujarat,Ahmedabad,"Chandkheda, Ahmedabad - IITM","22-09-2026 22:00:00",23.107969,72.574648,SO2,4,13,9
India,Gujarat,Ahmedabad,"Raikhad, Ahmedabad - IITM","22-09-2026 22:00:00",23.020509,72.579261,NO2,14,31,20
India,Gujarat,Gandhinagar,"IIPHG Lekawada, Gandhinagar - IITM","22-09-2026 22:00:00",23.243639,72.68994,SO2,2,3,2
India,Delhi,Delhi,"Chandni Chowk, Delhi - IITM","22-09-2026 22:00:00",28.656756,77.227234,NH3,3,7,5
India,Haryana,Fatehabad,"Huda Sector, Fatehabad - HSPCB","22-09-2026 22:00:00",29.503664,75.467934,PM2.5,52,76,63
India,Haryana,Fatehabad,"Huda Sector, Fatehabad - HSPCB","22-09-2026 22:00:00",29.503664,75.467934,CO,45,57,51
India,Haryana,Fatehabad,"Huda Sector, Fatehabad - HSPCB","22-09-2026 22:00:00",29.503664,75.467934,OZONE,33,58,36
India,Haryana,Gurugram,"NISE Gwal Pahari, Gurugram - IITM","22-09-2026 22:00:00",28.422681,77.148944,CO,38,44,41
India,Haryana,Gurugram,"Sector-51, Gurugram - HSPCB","22-09-2026 22:00:00",28.4227,77.0667,PM2.5,24,312,94
India,Haryana,Gurugram,"Vikas Sadan, Gurugram - HSPCB","22-09-2026 22:00:00",28.4501238,77.0263051,PM10,10,490,342
India,Haryana,Gurugram,"Teri Gram, Gurugram - HSPCB","22-09-2026 22:00:00",28.4275,77.1465,PM2.5,116,308,219
India,Haryana,Hisar,"Urban Estate-II, Hisar - HSPCB","22-09-2026 22:00:00",29.14056,75.744941,PM2.5,72,96,85
India,Haryana,Hisar,"Urban Estate-II, Hisar - HSPCB","22-09-2026 22:00:00",29.14056,75.744941,NO2,21,27,25
India,Haryana,Hisar,"Urban Estate-II, Hisar - HSPCB","22-09-2026 22:00:00",29.14056,75.744941,OZONE,55,57,56
India,Haryana,Jind,"Police Lines, Jind - HSPCB","22-09-2026 22:00:00",29.307814,76.337619,NO2,11,14,13
India,Haryana,Jind,"Police Lines, Jind - HSPCB","22-09-2026 22:00:00",29.307814,76.337619,SO2,27,30,28
India,Haryana,Kaithal,"Rishi Nagar, Kaithal - HSPCB","22-09-2026 22:00:00",29.8006,76.4155,PM10,102,121,112
India,Haryana,Kaithal,"Rishi Nagar, Kaithal - HSPCB","22-09-2026 22:00:00",29.8006,76.4155,SO2,30,33,31
India,Gujarat,Mehsana,"Sadanand Nagar, Mehsana - Nexteng Enviro","22-09-2026 22:00:00",23.59315,72.372792,PM2.5,29,73,50
India,Gujarat,Mehsana,"Sadanand Nagar, Mehsana - Nexteng Enviro","22-09-2026 22:00:00",23.59315,72.372792,NO2,5,8,7
India,Gujarat,Mehsana,"Sadanand Nagar, Mehsana - Nexteng Enviro","22-09-2026 22:00:00",23.59315,72.372792,NH3,0,1,0
India,Gujarat,Nandesari,"GIDC, Nandesari - Nandesari Ind. Association","22-09-2026 22:00:00",22.410802,73.097923,NO2,6,322,67
India,Gujarat,Nandesari,"GIDC, Nandesari - Nandesari Ind. Association","22-09-2026 22:00:00",22.410802,73.097923,CO,23,101,62
India,Gujarat,Rajkot,"Mavdi, Rajkot - Nexteng Enviro ","22-09-2026 22:00:00",22.248853,70.776774,SO2,17,21,18
India,Haryana,Ballabgarh,"Nathu Colony, Ballabgarh - HSPCB","22-09-2026 22:00:00",28.3419248,77.319699,CO,17,28,23
India,Haryana,Bhiwani,"H.B. Colony, Bhiwani - HSPCB","22-09-2026 22:00:00",28.806223,76.141105,NO2,NA,NA,NA
India,Haryana,Bhiwani,"H.B. Colony, Bhiwani - HSPCB","22-09-2026 22:00:00",28.806223,76.141105,NH3,NA,NA,NA
India,Haryana,"Charkhi Dadri","Mini Secretariat, Charkhi Dadri - HSPCB","22-09-2026 22:00:00",28.593883,76.270653,PM10,18,117,85
India,Haryana,"Charkhi Dadri","Mini Secretariat, Charkhi Dadri - HSPCB","22-09-2026 22:00:00",28.593883,76.270653,SO2,6,9,8
India,Gujarat,Vapi,"Phase-1 GIDC, Vapi - GPCB","22-09-2026 22:00:00",20.362421,72.918013,NH3,4,4,4
India,Gujarat,Vatva,"Phase-4 GIDC, Vatva - GPCB","22-09-2026 22:00:00",22.969611,72.6435,NH3,5,5,5
India,Haryana,Ambala,"Patti Mehar, Ambala - HSPCB","22-09-2026 22:00:00",30.379589,76.778328,OZONE,23,88,60
India,Haryana,Bahadurgarh,"Arya Nagar, Bahadurgarh - HSPCB","22-09-2026 22:00:00",28.6701,76.9254,SO2,6,8,7
India,Haryana,Dharuhera,"Municipal Corporation Office, Dharuhera -  HSPCB","22-09-2026 22:00:00",28.2068,76.7997,PM2.5,73,234,131
India,Haryana,Dharuhera,"Municipal Corporation Office, Dharuhera -  HSPCB","22-09-2026 22:00:00",28.2068,76.7997,CO,12,53,26
India,Haryana,Dharuhera,"Municipal Corporation Office, Dharuhera -  HSPCB","22-09-2026 22:00:00",28.2068,76.7997,OZONE,19,51,28
India,Haryana,Faridabad,"Sector 11, Faridabad - HSPCB","22-09-2026 22:00:00",28.376058,77.315741,CO,54,76,62
India,Gujarat,Surat,"Science Center, Surat - SMC","22-09-2026 22:00:00",21.170046,72.795405,OZONE,NA,NA,NA
India,Gujarat,Surat,"Katargam, Surat - Nexteng Enviro","22-09-2026 22:00:00",21.217779,72.834787,CO,32,37,34
India,Haryana,Kurukshetra,"Sector-7, Kurukshetra - HSPCB","22-09-2026 22:00:00",29.966942,76.875879,NO2,6,8,7
India,Haryana,Kurukshetra,"Sector-7, Kurukshetra - HSPCB","22-09-2026 22:00:00",29.966942,76.875879,SO2,4,11,8
India,Haryana,Kurukshetra,"Sector-7, Kurukshetra - HSPCB","22-09-2026 22:00:00",29.966942,76.875879,OZONE,25,35,32
India,Haryana,Rohtak,"MD University, Rohtak - HSPCB","22-09-2026 22:00:00",28.52123,76.37138,SO2,9,13,11
India,Haryana,Sirsa,"F-Block, Sirsa - HSPCB","22-09-2026 22:00:00",29.5364,75.0158,CO,79,102,92
India,Haryana,Sonipat,"Murthal, Sonipat - HSPCB","22-09-2026 22:00:00",29.0272,77.0621,SO2,63,67,65
India,Haryana,"Yamuna Nagar","Gobind Pura, Yamuna Nagar - HSPCB","22-09-2026 22:00:00",30.1480566,77.2893471,PM10,105,146,124
India,Haryana,"Yamuna Nagar","Gobind Pura, Yamuna Nagar - HSPCB","22-09-2026 22:00:00",30.1480566,77.2893471,NH3,1,6,4
India,Haryana,"Yamuna Nagar","Gobind Pura, Yamuna Nagar - HSPCB","22-09-2026 22:00:00",30.1480566,77.2893471,SO2,10,15,12
India,"Jammu and Kashmir",Srinagar,"Rajbagh, Srinagar - JKPCC","22-09-2026 22:00:00",34.066206,74.81982,PM2.5,NA,NA,NA
India,"Jammu and Kashmir",Srinagar,"Rajbagh, Srinagar - JKPCC","22-09-2026 22:00:00",34.066206,74.81982,PM10,NA,NA,NA
India,"Jammu and Kashmir",Srinagar,"Rajbagh, Srinagar - JKPCC","22-09-2026 22:00:00",34.066206,74.81982,NO2,NA,NA,NA
India,"Jammu and Kashmir",Srinagar,"Rajbagh, Srinagar - JKPCC","22-09-2026 22:00:00",34.066206,74.81982,NH3,NA,NA,NA
India,"Jammu and Kashmir",Srinagar,"Khunmoh, Srinagar - JKPCC","22-09-2026 22:00:00",34.06313,74.96017,OZONE,NA,NA,NA
India,Jharkhand,Dhanbad,"Sardar Patel Nagar, Dhanbad - JSPCB","22-09-2026 22:00:00",23.80569,86.44268,OZONE,24,54,35
India,Karnataka,Belgaum,"Ramteerth Nagar, Belgaum - KSPCB","22-09-2026 22:00:00",15.888653,74.541751,NH3,NA,NA,NA
India,Karnataka,Belgaum,"Ramteerth Nagar, Belgaum - KSPCB","22-09-2026 22:00:00",15.888653,74.541751,SO2,NA,NA,NA
India,Karnataka,Belgaum,"Ramteerth Nagar, Belgaum - KSPCB","22-09-2026 22:00:00",15.888653,74.541751,CO,NA,NA,NA
India,Haryana,Mandikhera,"General Hospital, Mandikhera(Nuh) - HSPCB","22-09-2026 22:00:00",27.9002,76.9938,CO,61,62,62
India,Haryana,Manesar,"Sector-2 IMT, Manesar - HSPCB","22-09-2026 22:00:00",28.360699,76.93609,PM10,60,176,121
India,Haryana,Manesar,"Sector-2 IMT, Manesar - HSPCB","22-09-2026 22:00:00",28.360699,76.93609,NH3,7,15,11
India,Haryana,Narnaul,"Shastri Nagar, Narnaul - HSPCB","22-09-2026 22:00:00",28.060249,76.113115,OZONE,16,63,35
India,Haryana,Palwal,"Shyam Nagar, Palwal - HSPCB","22-09-2026 22:00:00",28.1485564,77.3320667,NH3,6,6,6
India,Haryana,Palwal,"Shyam Nagar, Palwal - HSPCB","22-09-2026 22:00:00",28.1485564,77.3320667,CO,48,109,77
India,Haryana,Panchgaon,"Amity University, Panchgaon - IITM","22-09-2026 22:00:00",28.3153,76.9143,NO2,37,180,75
India,Haryana,Panchgaon,"Amity University, Panchgaon - IITM","22-09-2026 22:00:00",28.3153,76.9143,SO2,2,32,14
India,Haryana,Panchgaon,"Amity University, Panchgaon - IITM","22-09-2026 22:00:00",28.3153,76.9143,CO,NA,NA,NA
India,Haryana,Panchgaon,"Amity University, Panchgaon - IITM","22-09-2026 22:00:00",28.3153,76.9143,OZONE,16,35,25
India,Karnataka,Bengaluru,"BTM Layout, Bengaluru - CPCB","22-09-2026 22:00:00",12.9135218,77.5950804,CO,NA,NA,NA
India,Karnataka,Bengaluru,"Silk Board, Bengaluru - KSPCB","22-09-2026 22:00:00",12.917348,77.622813,PM2.5,15,58,36
India,Karnataka,Bengaluru,"Silk Board, Bengaluru - KSPCB","22-09-2026 22:00:00",12.917348,77.622813,NO2,7,11,8
India,Karnataka,Bengaluru,"Silk Board, Bengaluru - KSPCB","22-09-2026 22:00:00",12.917348,77.622813,CO,45,57,52
India,Karnataka,Bengaluru,"Hebbal, Bengaluru - KSPCB","22-09-2026 22:00:00",13.029152,77.585901,NH3,2,2,2
India,Karnataka,Bengaluru,"Hombegowda Nagar, Bengaluru - KSPCB","22-09-2026 22:00:00",12.938539,77.5901,OZONE,8,17,13
India,Karnataka,Bengaluru,"Peenya, Bengaluru - CPCB","22-09-2026 22:00:00",13.0270199,77.494094,NO2,21,24,23
India,Karnataka,Bengaluru,"Bapuji Nagar, Bengaluru - KSPCB","22-09-2026 22:00:00",12.951913,77.539784,NH3,2,3,3
India,Karnataka,Bengaluru,"Bapuji Nagar, Bengaluru - KSPCB","22-09-2026 22:00:00",12.951913,77.539784,OZONE,22,32,27
India,Karnataka,Bengaluru,"BTM Layout, Bengaluru - CPCB","22-09-2026 22:00:00",12.9135218,77.5950804,PM2.5,25,31,27
India,Karnataka,Chikkaballapur,"Chikkaballapur Rural, Chikkaballapur - KSPCB","22-09-2026 22:00:00",13.428828,77.731418,PM2.5,8,37,22
India,Karnataka,Chikkaballapur,"Chikkaballapur Rural, Chikkaballapur - KSPCB","22-09-2026 22:00:00",13.428828,77.731418,PM10,7,75,40
India,Karnataka,Bengaluru,"Jayanagar 5th Block, Bengaluru - KSPCB","22-09-2026 22:00:00",12.920984,77.584908,NH3,0,1,0
India,Karnataka,Bengaluru,"Jayanagar 5th Block, Bengaluru - KSPCB","22-09-2026 22:00:00",12.920984,77.584908,SO2,3,11,8
India,Haryana,Panipat,"Sector-18, Panipat - HSPCB","22-09-2026 22:00:00",29.432304,76.972765,OZONE,41,42,42
India,Karnataka,Mysuru,"Hebbal 1st Stage, Mysuru - KSPCB","22-09-2026 22:00:00",12.21041,76.37376,CO,14,34,24
India,Karnataka,Ramanagara,"Vijay Nagar, Ramanagara - KSPCB","22-09-2026 22:00:00",12.733409,77.298051,PM10,9,71,41
India,Karnataka,Ramanagara,"Vijay Nagar, Ramanagara - KSPCB","22-09-2026 22:00:00",12.733409,77.298051,CO,19,34,28
India,Karnataka,Shivamogga,"Vinoba Nagara, Shivamogga - KSPCB","22-09-2026 22:00:00",13.94,75.555917,PM2.5,20,30,26
India,Karnataka,Shivamogga,"Vinoba Nagara, Shivamogga - KSPCB","22-09-2026 22:00:00",13.94,75.555917,PM10,33,42,38
India,Karnataka,Yadgir,"Collector Office, Yadgir - KSPCB","22-09-2026 22:00:00",16.7602,77.1428,PM2.5,NA,NA,NA
India,Karnataka,Yadgir,"Collector Office, Yadgir - KSPCB","22-09-2026 22:00:00",16.7602,77.1428,NH3,NA,NA,NA
India,Karnataka,Yadgir,"Collector Office, Yadgir - KSPCB","22-09-2026 22:00:00",16.7602,77.1428,CO,21,23,22
India,Kerala,Eloor,"Udyogamandal, Eloor - Kerala PCB","22-09-2026 22:00:00",10.073232,76.302765,SO2,2,2,2
India,Kerala,Kannur,"Thavakkara, Kannur - Kerala PCB","22-09-2026 22:00:00",11.875,75.3732,PM2.5,NA,NA,NA
India,Kerala,Kannur,"Thavakkara, Kannur - Kerala PCB","22-09-2026 22:00:00",11.875,75.3732,OZONE,26,28,27
India,Kerala,Thiruvananthapuram,"Plammoodu, Thiruvananthapuram - Kerala PCB","22-09-2026 22:00:00",8.5149093,76.9435879,NO2,2,5,4
India,Kerala,Thiruvananthapuram,"Plammoodu, Thiruvananthapuram - Kerala PCB","22-09-2026 22:00:00",8.5149093,76.9435879,CO,5,22,12
India,Kerala,Thiruvananthapuram,"Kariavattom, Thiruvananthapuram - Kerala PCB","22-09-2026 22:00:00",8.5637,76.8865,CO,15,23,21
India,Kerala,Thrissur,"Corporation Ground, Thrissur - Kerala PCB","22-09-2026 22:00:00",10.5324,76.2159,NH3,0,0,0
India,Karnataka,Chikkamagaluru,"Kalyana Nagara, Chikkamagaluru - KSPCB","22-09-2026 22:00:00",13.328028,75.797056,PM2.5,25,34,27
India,Karnataka,Chikkamagaluru,"Kalyana Nagara, Chikkamagaluru - KSPCB","22-09-2026 22:00:00",13.328028,75.797056,NH3,2,2,2
India,Karnataka,Chikkamagaluru,"Kalyana Nagara, Chikkamagaluru - KSPCB","22-09-2026 22:00:00",13.328028,75.797056,OZONE,32,32,32
India,Karnataka,Hubballi,"Lingaraj Nagar, Hubballi - KSPCB","22-09-2026 22:00:00",15.3714823,75.1160168,NH3,1,3,2
India,Karnataka,Kolar,"Tamaka Ind. Area, Kolar - KSPCB","22-09-2026 22:00:00",13.1276288,78.1570122,NH3,NA,NA,NA
India,Karnataka,Kolar,"Tamaka Ind. Area, Kolar - KSPCB","22-09-2026 22:00:00",13.1276288,78.1570122,CO,NA,NA,NA
India,Ladakh,Leh,"Skara Yokma, Leh - LPCC","22-09-2026 22:00:00",34.147096,77.55709,PM2.5,0,55,16
India,"Madhya Pradesh",Pithampur,"Sector-2 Industrial Area, Pithampur - MPPCB","22-09-2026 22:00:00",22.624758,75.675238,NO2,13,42,22
India,"Madhya Pradesh",Ratlam,"Shasthri Nagar, Ratlam - IPCA Lab","22-09-2026 22:00:00",23.331731,75.045981,PM2.5,19,98,53
India,"Madhya Pradesh",Ratlam,"Shasthri Nagar, Ratlam - IPCA Lab","22-09-2026 22:00:00",23.331731,75.045981,NH3,NA,NA,NA
India,"Madhya Pradesh",Sagar,"Civil Lines, Sagar - MPPCB","22-09-2026 22:00:00",23.838586,78.759431,PM2.5,24,84,47
India,"Madhya Pradesh",Sagar,"Civil Lines, Sagar - MPPCB","22-09-2026 22:00:00",23.838586,78.759431,NO2,7,19,13
India,"Madhya Pradesh",Sagar,"Civil Lines, Sagar - MPPCB","22-09-2026 22:00:00",23.838586,78.759431,SO2,5,7,6
India,"Madhya Pradesh",Satna,"Bandhavgar Colony, Satna - Birla Cement","22-09-2026 22:00:00",24.58434363,80.8549414,PM2.5,49,52,50
India,"Madhya Pradesh",Satna,"Bandhavgar Colony, Satna - Birla Cement","22-09-2026 22:00:00",24.58434363,80.8549414,NO2,12,13,13
India,"Madhya Pradesh",Satna,"Bandhavgar Colony, Satna - Birla Cement","22-09-2026 22:00:00",24.58434363,80.8549414,SO2,18,19,19
India,"Madhya Pradesh",Ujjain,"Mahashweta Nagar, Ujjain - MPPCB","22-09-2026 22:00:00",23.1633321,75.800225,PM2.5,33,108,65
India,"Madhya Pradesh",Ujjain,"Mahashweta Nagar, Ujjain - MPPCB","22-09-2026 22:00:00",23.1633321,75.800225,NO2,9,34,20
India,"Madhya Pradesh",Gwalior,"Maharaj Bada, Gwalior - MPPCB","22-09-2026 22:00:00",26.200388,78.147714,CO,22,118,68
India,"Madhya Pradesh",Gwalior,"City Center, Gwalior - MPPCB","22-09-2026 22:00:00",26.203442,78.193251,PM2.5,62,100,84
India,"Madhya Pradesh",Gwalior,"Deen Dayal Nagar, Gwalior - MPPCB","22-09-2026 22:00:00",26.259242,78.216432,SO2,9,13,10
India,"Madhya Pradesh",Gwalior,"Deen Dayal Nagar, Gwalior - MPPCB","22-09-2026 22:00:00",26.259242,78.216432,OZONE,21,47,31
India,"Madhya Pradesh",Indore,"Regional Park, Indore - IMC","22-09-2026 22:00:00",22.678,75.8559,PM10,6,68,32
India,"Madhya Pradesh",Indore,"Regional Park, Indore - IMC","22-09-2026 22:00:00",22.678,75.8559,SO2,47,76,54
India,"Madhya Pradesh",Indore,"Chhoti Gwaltoli, Indore - MPPCB","22-09-2026 22:00:00",22.431,75.5213,NH3,6,9,7
India,"Madhya Pradesh",Indore,"Chhoti Gwaltoli, Indore - MPPCB","22-09-2026 22:00:00",22.431,75.5213,CO,36,52,45
India,"Madhya Pradesh",Indore,"Airport Area, Indore - IMC","22-09-2026 22:00:00",22.7289,75.8076,NH3,0,0,0
India,"Madhya Pradesh",Indore,"Airport Area, Indore - IMC","22-09-2026 22:00:00",22.7289,75.8076,SO2,NA,NA,NA
India,"Madhya Pradesh",Jabalpur,"Govindh Bhavan Colony, Jabalpur - JMC","22-09-2026 22:00:00",23.163174,79.973061,CO,45,51,49
India,"Madhya Pradesh",Jabalpur,"Gupteshwar, Jabalpur - JMC","22-09-2026 22:00:00",23.142888,79.916147,PM2.5,22,40,32
India,"Madhya Pradesh",Jabalpur,"Gupteshwar, Jabalpur - JMC","22-09-2026 22:00:00",23.142888,79.916147,OZONE,28,28,28
India,"Madhya Pradesh",Katni,"Gole Bazar, Katni - MPPCB","22-09-2026 22:00:00",23.50016,80.23284,OZONE,33,76,47
India,"Madhya Pradesh",Mandideep,"Sector-D Industrial Area, Mandideep - MPPCB","22-09-2026 22:00:00",23.10844,77.511428,PM2.5,55,160,89
India,Ladakh,Leh,"Skara Yokma, Leh - LPCC","22-09-2026 22:00:00",34.147096,77.55709,NH3,NA,NA,NA
India,Ladakh,Leh,"Skara Yokma, Leh - LPCC","22-09-2026 22:00:00",34.147096,77.55709,CO,193,197,195
India,"Madhya Pradesh",Bhopal,"Idgah Hills, Bhopal - MPPCB","22-09-2026 22:00:00",23.264759,77.381568,CO,15,27,21
India,"Madhya Pradesh",Indore,"Airport Area, Indore - IMC","22-09-2026 22:00:00",22.7289,75.8076,OZONE,7,9,8
India,"Madhya Pradesh",Indore,"Residency Area, Indore - IMC","22-09-2026 22:00:00",22.7084,75.8815,PM10,5,73,30
India,"Madhya Pradesh",Indore,"Residency Area, Indore - IMC","22-09-2026 22:00:00",22.7084,75.8815,NO2,NA,NA,NA
India,"Madhya Pradesh",Indore,"Maguda Nagar, Indore - IMC","22-09-2026 22:00:00",22.7524,75.8872,CO,25,39,31
India,"Madhya Pradesh",Jabalpur,"Marhatal, Jabalpur - MPPCB","22-09-2026 22:00:00",23.168606,79.932247,PM2.5,15,31,23
India,"Madhya Pradesh",Bhopal,"Paryavaran Parisar, Bhopal - MPPCB","22-09-2026 22:00:00",23.210494,77.425409,PM10,44,121,78
India,"Madhya Pradesh",Bhopal,"Paryavaran Parisar, Bhopal - MPPCB","22-09-2026 22:00:00",23.210494,77.425409,NH3,1,2,2
India,"Madhya Pradesh",Gwalior,"Maharaj Bada, Gwalior - MPPCB","22-09-2026 22:00:00",26.200388,78.147714,PM10,71,175,110
India,"Madhya Pradesh",Bhopal,"T T Nagar, Bhopal - MPPCB","22-09-2026 22:00:00",23.233584,77.400574,NH3,6,6,6
India,Maharashtra,Ahmednagar,"Tarakpur, Ahmednagar - MPCB","22-09-2026 22:00:00",19.10122,74.73339,PM10,17,97,44
India,Maharashtra,Akola,"Ramdaspeth, Akola - MPCB","22-09-2026 22:00:00",20.719516,77.000253,NO2,5,31,12
India,Maharashtra,Ambernath,"Chinchpada, Ambernath - MPCB","22-09-2026 22:00:00",19.215784,73.199781,NO2,12,64,30
India,Maharashtra,Ambernath,"Chinchpada, Ambernath - MPCB","22-09-2026 22:00:00",19.215784,73.199781,NH3,2,3,3
India,Maharashtra,Ambernath,"Chinchpada, Ambernath - MPCB","22-09-2026 22:00:00",19.215784,73.199781,CO,8,16,11
India,Maharashtra,Amravati,"Shri Shivaji Science College, Amravati - MPCB","22-09-2026 22:00:00",20.939198,77.765701,NO2,3,37,11
India,Maharashtra,Amravati,"Shivneri Colony, Amravati - MPCB","22-09-2026 22:00:00",20.9402359,77.7895248,PM10,36,65,49
India,Maharashtra,Amravati,"Shivneri Colony, Amravati - MPCB","22-09-2026 22:00:00",20.9402359,77.7895248,NH3,2,2,2
India,Maharashtra,Amravati,"Shivneri Colony, Amravati - MPCB","22-09-2026 22:00:00",20.9402359,77.7895248,OZONE,7,33,24
India,Maharashtra,Aurangabad,"MIDC Chilkalthana, Aurangabad - MPCB","22-09-2026 22:00:00",19.87562,75.38731,PM2.5,NA,NA,NA
India,Maharashtra,Aurangabad,"Rachnakar Colony, Aurangabad - MPCB","22-09-2026 22:00:00",19.863756,75.321188,PM2.5,57,78,68
India,Maharashtra,Aurangabad,"More Chowk Waluj, Aurangabad - MPCB","22-09-2026 22:00:00",19.8389439,75.244448,OZONE,19,43,31
India,Maharashtra,Badlapur,"Katrap, Badlapur - MPCB","22-09-2026 22:00:00",19.16485,73.23409,SO2,6,9,8
India,Maharashtra,Mumbai,"Sion, Mumbai - MPCB","22-09-2026 22:00:00",19.047,72.8746,NH3,NA,NA,NA
India,Maharashtra,Mumbai,"Sion, Mumbai - MPCB","22-09-2026 22:00:00",19.047,72.8746,CO,17,18,18
India,Maharashtra,Mumbai,"Chhatrapati Shivaji Intl. Airport (T2), Mumbai - MPCB","22-09-2026 22:00:00",19.10078,72.87462,PM10,18,55,34
India,Maharashtra,Mumbai,"Navy Nagar-Colaba, Mumbai - IITM","22-09-2026 22:00:00",18.897756,72.81332,NH3,2,4,3
India,Maharashtra,Mumbai,"Navy Nagar-Colaba, Mumbai - IITM","22-09-2026 22:00:00",18.897756,72.81332,OZONE,23,33,29
India,Maharashtra,Mumbai,"Bandra Kurla Complex, Mumbai - MPCB","22-09-2026 22:00:00",19.065931,72.862131,PM10,28,80,49
India,Maharashtra,Chandrapur,"MIDC Khutala, Chandrapur - MPCB","22-09-2026 22:00:00",19.9775302,79.2337086,OZONE,13,41,25
India,Maharashtra,Hingoli,"Ashta Vinayak Nagar, Hingoli - MPCB","22-09-2026 22:00:00",19.710842,77.151824,PM2.5,49,70,58
India,Maharashtra,Hingoli,"Ashta Vinayak Nagar, Hingoli - MPCB","22-09-2026 22:00:00",19.710842,77.151824,NH3,2,6,3
India,Maharashtra,Kalyan,"Pimpleshwar Mandir, Kalyan - MPCB","22-09-2026 22:00:00",19.192056,72.9585188,PM10,40,204,58
India,Maharashtra,Kalyan,"Pimpleshwar Mandir, Kalyan - MPCB","22-09-2026 22:00:00",19.192056,72.9585188,SO2,6,16,12
India,Maharashtra,Mumbai,"Shivaji Nagar, Mumbai - BMC","22-09-2026 22:00:00",19.060498,72.923356,CO,7,30,18
India,Maharashtra,Mumbai,"Sewri, Mumbai - BMC","22-09-2026 22:00:00",19.000084,72.85673,OZONE,16,27,22
India,Maharashtra,Mumbai,"Khindipada-Bhandup West, Mumbai - IITM","22-09-2026 22:00:00",19.1653323,72.922099,PM10,22,111,49
India,Maharashtra,Mumbai,"Khindipada-Bhandup West, Mumbai - IITM","22-09-2026 22:00:00",19.1653323,72.922099,OZONE,12,54,40
India,Maharashtra,Mumbai,"Chakala-Andheri East, Mumbai - IITM","22-09-2026 22:00:00",19.11074,72.86084,PM2.5,3,15,7
India,Maharashtra,Kolhapur,"Shivaji University, Kolhapur - MPCB","22-09-2026 22:00:00",16.6870449,74.2505872,PM2.5,9,34,20
India,Maharashtra,Kolhapur,"Shivaji University, Kolhapur - MPCB","22-09-2026 22:00:00",16.6870449,74.2505872,SO2,0,0,0
India,Maharashtra,Kolhapur,"Shivaji University, Kolhapur - MPCB","22-09-2026 22:00:00",16.6870449,74.2505872,OZONE,12,19,16
India,Maharashtra,Malegaon,"Mahesh Nagar, Malegaon - MPCB","22-09-2026 22:00:00",20.555712,74.529236,NH3,1,1,1
India,Maharashtra,Malegaon,"Mahesh Nagar, Malegaon - MPCB","22-09-2026 22:00:00",20.555712,74.529236,SO2,1,5,4
India,Maharashtra,Malegaon,"Mahesh Nagar, Malegaon - MPCB","22-09-2026 22:00:00",20.555712,74.529236,OZONE,14,31,22
India,Maharashtra,Beed,"Bir, Beed - MPCB","22-09-2026 22:00:00",18.988474,75.753873,NH3,3,4,3
India,Maharashtra,Beed,"Bir, Beed - MPCB","22-09-2026 22:00:00",18.988474,75.753873,SO2,3,10,6
India,Maharashtra,Belapur,"CBD Belapur, Belapur - MPCB","22-09-2026 22:00:00",19.0243902,73.0406721,CO,33,38,35
India,Maharashtra,Bhiwandi,"Gokul Nagar, Bhiwandi - MPCB","22-09-2026 22:00:00",19.309073,73.057223,PM2.5,1,42,22
India,Maharashtra,Mumbai,"Bandra Kurla Complex, Mumbai - IITM","22-09-2026 22:00:00",19.053536,72.84643,NH3,NA,NA,NA
India,Maharashtra,Mumbai,"Bandra Kurla Complex, Mumbai - IITM","22-09-2026 22:00:00",19.053536,72.84643,SO2,NA,NA,NA
India,Maharashtra,Mumbai,"Bandra Kurla Complex, Mumbai - IITM","22-09-2026 22:00:00",19.053536,72.84643,CO,23,49,36
India,Maharashtra,Mumbai,"Byculla, Mumbai - BMC","22-09-2026 22:00:00",18.9767,72.838,OZONE,17,24,21
India,Maharashtra,Boisar,"Khaira, Boisar - MPCB","22-09-2026 22:00:00",19.786089,72.757971,NH3,5,6,5
India,Maharashtra,Chandrapur,"Chauhan Colony, Chandrapur - MPCB","22-09-2026 22:00:00",19.9629,79.298714,CO,31,36,34
India,Maharashtra,Chandrapur,"Chauhan Colony, Chandrapur - MPCB","22-09-2026 22:00:00",19.9629,79.298714,OZONE,10,19,15
India,Maharashtra,"Navi Mumbai","Nerul, Navi Mumbai - MPCB","22-09-2026 22:00:00",19.008751,73.01662,SO2,NA,NA,NA
India,Maharashtra,"Navi Mumbai","Tondare-Taloja, Navi Mumbai - MPCB","22-09-2026 22:00:00",19.063,73.1209,PM2.5,37,81,51
India,Maharashtra,"Navi Mumbai","Tondare-Taloja, Navi Mumbai - MPCB","22-09-2026 22:00:00",19.063,73.1209,SO2,0,4,2
India,Maharashtra,"Navi Mumbai","Tondare-Taloja, Navi Mumbai - MPCB","22-09-2026 22:00:00",19.063,73.1209,CO,23,34,31
India,Maharashtra,"Navi Mumbai","Sector-2E Kalamboli, Navi Mumbai - MPCB","22-09-2026 22:00:00",19.02579,73.10297,OZONE,11,30,18
India,Maharashtra,"Navi Mumbai","Sanpada, Navi Mumbai - MPCB","22-09-2026 22:00:00",19.0575752,73.0151367,CO,26,38,34
India,Maharashtra,"Navi Mumbai","Mahape, Navi Mumbai - MPCB","22-09-2026 22:00:00",19.1135051,73.008978,NH3,1,1,1
India,Maharashtra,"Navi Mumbai","Mahape, Navi Mumbai - MPCB","22-09-2026 22:00:00",19.1135051,73.008978,SO2,12,13,13
India,Maharashtra,"Navi Mumbai","Mahape, Navi Mumbai - MPCB","22-09-2026 22:00:00",19.1135051,73.008978,CO,NA,NA,NA
India,Maharashtra,Parbhani,"Masoom Colony, Parbhani - MPCB","22-09-2026 22:00:00",19.265594,76.761463,PM10,82,114,96
India,Maharashtra,Mumbai,"Borivali East, Mumbai - IITM","22-09-2026 22:00:00",19.23241,72.86895,PM10,38,68,53
India,Maharashtra,Mumbai,"Worli, Mumbai - MPCB","22-09-2026 22:00:00",18.9936162,72.8128113,PM10,29,104,51
India,Maharashtra,Mumbai,"Worli, Mumbai - MPCB","22-09-2026 22:00:00",18.9936162,72.8128113,OZONE,8,13,11
India,Maharashtra,Mumbai,"Mazgaon, Mumbai - IITM","22-09-2026 22:00:00",18.96702,72.84214,NH3,0,6,5
India,Maharashtra,Mumbai,"Mazgaon, Mumbai - IITM","22-09-2026 22:00:00",18.96702,72.84214,OZONE,17,25,20
India,Maharashtra,Mumbai,"Ghatkopar, Mumbai - BMC","22-09-2026 22:00:00",19.083694,72.920967,SO2,1,5,3
India,Maharashtra,Mumbai,"Borivali East, Mumbai - MPCB","22-09-2026 22:00:00",19.2243333,72.8658113,NO2,10,10,10
India,Maharashtra,Mumbai,"Borivali East, Mumbai - MPCB","22-09-2026 22:00:00",19.2243333,72.8658113,SO2,17,21,19
India,Maharashtra,Mumbai,"Borivali East, Mumbai - MPCB","22-09-2026 22:00:00",19.2243333,72.8658113,OZONE,NA,NA,NA
India,Maharashtra,Mumbai,"Deonar, Mumbai - IITM","22-09-2026 22:00:00",19.04946,72.923,SO2,1,3,3
India,Maharashtra,Nashik,"Pandav Nagari, Nashik - MPCB","22-09-2026 22:00:00",19.9591346,73.7788008,NO2,4,10,6
India,Maharashtra,Nashik,"Pandav Nagari, Nashik - MPCB","22-09-2026 22:00:00",19.9591346,73.7788008,CO,17,21,19
India,Maharashtra,Nashik,"MIDC Ambad, Nashik - MPCB","22-09-2026 22:00:00",19.95022,73.73148,PM2.5,26,62,46
India,Maharashtra,Nagpur,"Ambazari, Nagpur - MPCB","22-09-2026 22:00:00",21.121801,79.04952,NH3,1,2,2
India,Maharashtra,Nagpur,"Ambazari, Nagpur - MPCB","22-09-2026 22:00:00",21.121801,79.04952,OZONE,10,26,18
India,Maharashtra,Nanded,"Sneh Nagar, Nanded - MPCB","22-09-2026 22:00:00",19.173852,77.296291,SO2,2,2,2
India,Maharashtra,Mumbai,"Chembur, Mumbai - MPCB","22-09-2026 22:00:00",19.0364585,72.8954371,PM2.5,20,48,32
India,Maharashtra,Mumbai,"Chembur, Mumbai - MPCB","22-09-2026 22:00:00",19.0364585,72.8954371,SO2,2,4,2
India,Maharashtra,Mumbai,"Powai, Mumbai - MPCB","22-09-2026 22:00:00",19.1375,72.915056,NH3,NA,NA,NA
India,Maharashtra,Mumbai,"Powai, Mumbai - MPCB","22-09-2026 22:00:00",19.1375,72.915056,SO2,8,18,10
India,Maharashtra,Mumbai,"Malad West, Mumbai - IITM","22-09-2026 22:00:00",19.19709,72.82204,CO,24,39,29
India,Maharashtra,Nagpur,"Mahal, Nagpur - MPCB","22-09-2026 22:00:00",21.14472,79.107595,CO,28,65,49
India,Maharashtra,Pune,"Panchawati_Pashan, Pune - IITM","22-09-2026 22:00:00",18.536457,73.805454,PM10,34,83,54
India,Maharashtra,Pune,"Panchawati_Pashan, Pune - IITM","22-09-2026 22:00:00",18.536457,73.805454,NO2,4,14,8
India,Maharashtra,Pune,"Savitribai Phule Pune University, Pune - MPCB","22-09-2026 22:00:00",18.547056,73.826908,PM2.5,18,37,28
India,Maharashtra,Pune,"Savitribai Phule Pune University, Pune - MPCB","22-09-2026 22:00:00",18.547056,73.826908,SO2,3,5,4
India,Maharashtra,Pune,"Hadapsar, Pune - IITM","22-09-2026 22:00:00",18.501793,73.927532,PM2.5,29,117,59
India,Maharashtra,Pune,"Hadapsar, Pune - IITM","22-09-2026 22:00:00",18.501793,73.927532,PM10,38,124,73
India,Maharashtra,Pune,"Hadapsar, Pune - IITM","22-09-2026 22:00:00",18.501793,73.927532,CO,44,102,67
India,Maharashtra,Pune,"Katraj Dairy, Pune - MPCB","22-09-2026 22:00:00",18.45445,73.854155,PM10,20,72,35
India,Maharashtra,Pune,"Revenue Colony-Shivajinagar, Pune - IITM","22-09-2026 22:00:00",18.530085,73.849598,PM2.5,21,116,49
India,Maharashtra,Pune,"Mhada Colony, Pune - IITM","22-09-2026 22:00:00",18.57304,73.927715,CO,36,80,56
India,Maharashtra,Pune,"Dhankawadi, Pune - IITM","22-09-2026 22:00:00",18.459883,73.852193,PM2.5,22,72,42
India,Maharashtra,Pune,"Dhankawadi, Pune - IITM","22-09-2026 22:00:00",18.459883,73.852193,SO2,NA,NA,NA
India,Maharashtra,Pune,"Dhankawadi, Pune - IITM","22-09-2026 22:00:00",18.459883,73.852193,OZONE,7,22,14
India,Maharashtra,Sangli,"Vijay Nagar, Sangli - MPCB","22-09-2026 22:00:00",16.5038,74.3623,PM10,NA,NA,NA
India,Maharashtra,Sangli,"Vijay Nagar, Sangli - MPCB","22-09-2026 22:00:00",16.5038,74.3623,NO2,2,26,9
India,Maharashtra,Sangli,"Vijay Nagar, Sangli - MPCB","22-09-2026 22:00:00",16.5038,74.3623,NH3,1,8,3
India,Maharashtra,Satara,"Koyana Nagar, Satara - MPCB","22-09-2026 22:00:00",17.696651,74.003387,PM2.5,15,73,41
India,Maharashtra,Solapur,"Ratandeep Housing Society, Solapur - MPCB","22-09-2026 22:00:00",17.65439,75.90649,CO,30,45,38
India,Maharashtra,Thane,"Kasarvadavali, Thane - MPCB","22-09-2026 22:00:00",19.26777,72.97182,PM10,29,101,64
India,Maharashtra,Thane,"Kasarvadavali, Thane - MPCB","22-09-2026 22:00:00",19.26777,72.97182,SO2,6,7,6
India,Maharashtra,Thane,"Upvan Fort, Thane - MPCB","22-09-2026 22:00:00",19.222279,72.957979,PM10,20,82,42
India,Maharashtra,Thane,"Upvan Fort, Thane - MPCB","22-09-2026 22:00:00",19.222279,72.957979,SO2,0,8,2
India,Maharashtra,Ulhasnagar,"Sidhi Vinayak Nagar, Ulhasnagar - MPCB","22-09-2026 22:00:00",19.235581,73.159121,PM2.5,56,99,80
India,Maharashtra,Ulhasnagar,"Sidhi Vinayak Nagar, Ulhasnagar - MPCB","22-09-2026 22:00:00",19.235581,73.159121,CO,5,41,15
India,Maharashtra,Ulhasnagar,"Vithalwadi, Ulhasnagar - MPCB","22-09-2026 22:00:00",19.2307571,73.155192,CO,9,21,13
India,Maharashtra,Pimpri-Chinchwad,"Bhosari, Pune - IITM","22-09-2026 22:00:00",18.640051,73.848956,NH3,NA,NA,NA
India,Maharashtra,Pimpri-Chinchwad,"Gavalinagar, Pimpri Chinchwad - MPCB","22-09-2026 22:00:00",18.63673,73.82487,OZONE,23,40,33
India,Maharashtra,Pimpri-Chinchwad,"Park Street Wakad, Pimpri Chinchwad - MPCB","22-09-2026 22:00:00",18.59051,73.77946,OZONE,16,52,35
India,Maharashtra,Pimpri-Chinchwad,"Thergaon, Pimpri Chinchwad - MPCB","22-09-2026 22:00:00",18.616318,73.765797,PM10,45,67,54
India,Maharashtra,Pimpri-Chinchwad,"Thergaon, Pimpri Chinchwad - MPCB","22-09-2026 22:00:00",18.616318,73.765797,SO2,0,3,1
India,Maharashtra,Pimpri-Chinchwad,"Savta Mali Nagar, Pimpri-Chinchwad - IITM","22-09-2026 22:00:00",18.614767,73.799516,NO2,20,45,28
India,Odisha,Barbil,"Forest Office, Barbil - OSPCB","22-09-2026 22:00:00",22.1166054,85.3945546,PM10,13,91,42
India,Odisha,Baripada,"Meher Colony, Baripada - OSPCB","22-09-2026 22:00:00",21.941841,86.728318,CO,14,31,25
India,Odisha,Bhubaneswar,"Lingraj Mandir, Bhubaneswar - OSPCB","22-09-2026 22:00:00",20.24079,85.836784,PM2.5,NA,NA,NA
India,Odisha,Bhubaneswar,"Lingraj Mandir, Bhubaneswar - OSPCB","22-09-2026 22:00:00",20.24079,85.836784,NO2,7,29,12
India,Meghalaya,Byrnihat,"15th Mile-Nongthymmai, Byrnihat -Meghalaya PCB","22-09-2026 22:00:00",26.079047,91.875185,SO2,3,14,6
India,Meghalaya,Byrnihat,"15th Mile-Nongthymmai, Byrnihat -Meghalaya PCB","22-09-2026 22:00:00",26.079047,91.875185,OZONE,NA,NA,NA
India,Meghalaya,Shillong,"Lumpyngngad, Shillong - Meghalaya PCB","22-09-2026 22:00:00",25.5586,91.8985,PM2.5,NA,NA,NA
India,Odisha,Angul,"Hakimapada, Angul - OSPCB","22-09-2026 22:00:00",20.832874,85.104082,NH3,2,3,2
India,Odisha,Balasore,"Kalidaspur, Balasore - OSPCB","22-09-2026 22:00:00",21.51161,86.89088,NO2,2,12,6
India,Maharashtra,Solapur,"Ratandeep Housing Society, Solapur - MPCB","22-09-2026 22:00:00",17.65439,75.90649,PM10,28,77,52
India,Meghalaya,Shillong,"Lumpyngngad, Shillong - Meghalaya PCB","22-09-2026 22:00:00",25.5586,91.8985,SO2,12,14,13
India,Maharashtra,Virar,"Bolinj, Virar - MPCB","22-09-2026 22:00:00",19.445821,72.7988231,NH3,8,11,9
India,Odisha,Keonjhar,"Jagamohanpur, Keonjhar - OSPCB","22-09-2026 22:00:00",21.6439,85.599355,NO2,14,17,16
India,Odisha,Nayagarh,"Dabuna, Nayagarh - OSPCB","22-09-2026 22:00:00",21.847279,85.416905,OZONE,14,17,16
India,Odisha,Paradeep,"Nua Sandhakuda, Paradeep - OSPCB","22-09-2026 22:00:00",20.258828,86.665185,PM2.5,12,26,17
India,Odisha,Paradeep,"Nua Sandhakuda, Paradeep - OSPCB","22-09-2026 22:00:00",20.258828,86.665185,CO,79,82,81
India,Odisha,Paradeep,"Nua Sandhakuda, Paradeep - OSPCB","22-09-2026 22:00:00",20.258828,86.665185,OZONE,35,42,39
India,Odisha,Rairangpur,"Divisional Forest Office, Rairangpur - OSPCB","22-09-2026 22:00:00",22.265816,86.174829,CO,23,37,30
India,Odisha,Rourkela,"Fertilizer Township, Rourkela - OSPCB","22-09-2026 22:00:00",22.18972222,84.86277778,PM10,40,55,44
India,Odisha,Rourkela,"Fertilizer Township, Rourkela - OSPCB","22-09-2026 22:00:00",22.18972222,84.86277778,NH3,NA,NA,NA
India,Odisha,Rourkela,"Fertilizer Township, Rourkela - OSPCB","22-09-2026 22:00:00",22.18972222,84.86277778,SO2,10,12,11
India,Odisha,Rourkela,"Fertilizer Township, Rourkela - OSPCB","22-09-2026 22:00:00",22.18972222,84.86277778,CO,23,44,31
India,Odisha,Rourkela,"Raghunathpali, Rourkela - OSPCB","22-09-2026 22:00:00",22.220833,84.809444,PM10,34,58,43
India,Odisha,Rourkela,"Raghunathpali, Rourkela - OSPCB","22-09-2026 22:00:00",22.220833,84.809444,SO2,3,4,4
India,Odisha,Rourkela,"Sector-2, Rourkela - OSPCB","22-09-2026 22:00:00",22.245,84.88111111,PM10,23,57,33
India,Odisha,Rourkela,"Sector-2, Rourkela - OSPCB","22-09-2026 22:00:00",22.245,84.88111111,NO2,14,14,14
India,Odisha,Rourkela,"Sector-2, Rourkela - OSPCB","22-09-2026 22:00:00",22.245,84.88111111,SO2,NA,NA,NA
India,Odisha,Rourkela,"Sector-2, Rourkela - OSPCB","22-09-2026 22:00:00",22.245,84.88111111,CO,10,10,10
India,Odisha,Talcher,"Talcher Coalfields,Talcher - OSPCB","22-09-2026 22:00:00",20.9360711,85.1707021,PM2.5,NA,NA,NA
India,Odisha,Tensa,"Barsua Iron Ore Mines, Tensa - OSPCB","22-09-2026 22:00:00",21.869985,85.167016,PM2.5,8,11,10
India,Odisha,Tensa,"Barsua Iron Ore Mines, Tensa - OSPCB","22-09-2026 22:00:00",21.869985,85.167016,NO2,NA,NA,NA
India,Puducherry,Puducherry,"Jawahar Nagar, Puducherry - PPCC","22-09-2026 22:00:00",11.9309,79.8027,PM10,5,51,22
India,Punjab,Bathinda,"Hardev Nagar, Bathinda - PPCB","22-09-2026 22:00:00",30.233011,74.907758,OZONE,NA,NA,NA
India,Punjab,Jalandhar,"Civil Line, Jalandhar - PPCB","22-09-2026 22:00:00",31.321907,75.578914,SO2,16,18,17
India,Punjab,Khanna,"Kalal Majra, Khanna - PPCB","22-09-2026 22:00:00",30.736056,76.209694,PM10,49,85,66
India,Punjab,Khanna,"Kalal Majra, Khanna - PPCB","22-09-2026 22:00:00",30.736056,76.209694,OZONE,19,36,29
India,Punjab,Patiala,"Model Town, Patiala - PPCB","22-09-2026 22:00:00",30.349388,76.366642,SO2,18,33,27
India,Punjab,Patiala,"Model Town, Patiala - PPCB","22-09-2026 22:00:00",30.349388,76.366642,OZONE,20,29,26
India,Punjab,Rupnagar,"Ratanpura, Rupnagar - Ambuja Cements","22-09-2026 22:00:00",31.0325454,76.5623046,NH3,NA,NA,NA
India,Rajasthan,Ajmer,"Civil Lines,  Ajmer - RSPCB","22-09-2026 22:00:00",26.470859,74.646594,NO2,33,39,36
India,Rajasthan,Ajmer,"Civil Lines,  Ajmer - RSPCB","22-09-2026 22:00:00",26.470859,74.646594,SO2,0,16,7
India,Rajasthan,Alwar,"Vigyan Nagar, Alwar - RSPCB","22-09-2026 22:00:00",27.598796,76.63861,NH3,12,23,16
India,Rajasthan,Alwar,"Vigyan Nagar, Alwar - RSPCB","22-09-2026 22:00:00",27.598796,76.63861,SO2,6,7,7
India,Rajasthan,Alwar,"Vigyan Nagar, Alwar - RSPCB","22-09-2026 22:00:00",27.598796,76.63861,OZONE,19,126,81
India,Rajasthan,Alwar,"Moti Doongri, Alwar - RSPCB","22-09-2026 22:00:00",27.554793,76.611536,OZONE,13,59,32
India,Rajasthan,Banswara,"Rati Talai, Banswara - RSPCB","22-09-2026 22:00:00",23.55519,74.44001,PM10,47,109,68
India,Rajasthan,Banswara,"Rati Talai, Banswara - RSPCB","22-09-2026 22:00:00",23.55519,74.44001,NH3,3,8,5
India,Rajasthan,Banswara,"Rati Talai, Banswara - RSPCB","22-09-2026 22:00:00",23.55519,74.44001,OZONE,7,51,32
India,Rajasthan,Barmer,"Railway Colony, Barmer - RSPCB","22-09-2026 22:00:00",25.747299,71.393989,NO2,4,29,13
India,Rajasthan,Barmer,"Railway Colony, Barmer - RSPCB","22-09-2026 22:00:00",25.747299,71.393989,NH3,3,21,7
India,Rajasthan,Barmer,"Railway Colony, Barmer - RSPCB","22-09-2026 22:00:00",25.747299,71.393989,SO2,3,34,7
India,Rajasthan,Bharatpur,"Krishna Nagar, Bharatpur - RSPCB","22-09-2026 22:00:00",27.215415,77.50873,PM10,94,146,114
India,Rajasthan,Bharatpur,"Krishna Nagar, Bharatpur - RSPCB","22-09-2026 22:00:00",27.215415,77.50873,NO2,9,32,17
India,Rajasthan,Bharatpur,"Krishna Nagar, Bharatpur - RSPCB","22-09-2026 22:00:00",27.215415,77.50873,NH3,NA,NA,NA
India,Rajasthan,Bhilwara,"Pratap Nagar, Bhilwara - RSPCB","22-09-2026 22:00:00",25.339605,74.618883,NH3,2,11,7
India,Rajasthan,Bhiwadi,"Vasundhara Nagar_UIT, Bhiwadi - RSPCB","22-09-2026 22:00:00",28.207266,76.829265,NH3,3,10,8
India,Rajasthan,Bhiwadi,"RIICO Ind. Area III, Bhiwadi - RSPCB","22-09-2026 22:00:00",28.194909,76.862296,PM10,119,259,187
India,Rajasthan,Bhiwadi,"RIICO Ind. Area III, Bhiwadi - RSPCB","22-09-2026 22:00:00",28.194909,76.862296,SO2,6,35,12
India,Rajasthan,Bikaner,"MM Ground, Bikaner - RSPCB","22-09-2026 22:00:00",28.018792,73.292658,SO2,4,8,5
India,Rajasthan,Bikaner,"MM Ground, Bikaner - RSPCB","22-09-2026 22:00:00",28.018792,73.292658,CO,71,149,110
India,Rajasthan,Bikaner,"MM Ground, Bikaner - RSPCB","22-09-2026 22:00:00",28.018792,73.292658,OZONE,5,88,49
India,Odisha,Bileipada,"Tata Township, Bileipada - OSPCB","22-09-2026 22:00:00",22.06156703,85.47409613,CO,23,26,24
India,Odisha,Bileipada,"Tata Township, Bileipada - OSPCB","22-09-2026 22:00:00",22.06156703,85.47409613,OZONE,17,20,18
India,Odisha,Brajrajnagar,"GM Office, Brajrajnagar - OSPCB","22-09-2026 22:00:00",21.8004996,83.8396977,PM2.5,3,21,12
India,Odisha,Brajrajnagar,"GM Office, Brajrajnagar - OSPCB","22-09-2026 22:00:00",21.8004996,83.8396977,NH3,4,4,4
India,Odisha,Brajrajnagar,"GM Office, Brajrajnagar - OSPCB","22-09-2026 22:00:00",21.8004996,83.8396977,OZONE,41,45,42
India,Odisha,Byasanagar,"Ferro Chrome Colony, Byasanagar - OSPCB","22-09-2026 22:00:00",20.94185,86.1151,NO2,4,7,5
India,Odisha,Byasanagar,"Ferro Chrome Colony, Byasanagar - OSPCB","22-09-2026 22:00:00",20.94185,86.1151,SO2,4,6,5
India,Odisha,Byasanagar,"Ferro Chrome Colony, Byasanagar - OSPCB","22-09-2026 22:00:00",20.94185,86.1151,OZONE,25,29,27
India,Odisha,Cuttack,"CDA Area, Cuttack - OSPCB","22-09-2026 22:00:00",20.48891,85.84768,NO2,9,30,18
India,Rajasthan,Dausa,"Khatikan Mohalla, Dausa - RSPCB","22-09-2026 22:00:00",26.895552,76.334753,OZONE,4,55,35
India,Rajasthan,Dholpur,"Raja Ganj, Dholpur - RSPCB","22-09-2026 22:00:00",26.699557,77.898881,PM10,62,137,96
India,Punjab,Amritsar,"Golden Temple, Amritsar - PPCB","22-09-2026 22:00:00",31.62,74.876512,PM10,87,108,98
India,Punjab,Bathinda,"Hardev Nagar, Bathinda - PPCB","22-09-2026 22:00:00",30.233011,74.907758,PM10,NA,NA,NA
India,Odisha,Bileipada,"Tata Township, Bileipada - OSPCB","22-09-2026 22:00:00",22.06156703,85.47409613,PM10,NA,NA,NA
India,Odisha,Bileipada,"Tata Township, Bileipada - OSPCB","22-09-2026 22:00:00",22.06156703,85.47409613,NO2,NA,NA,NA
India,Rajasthan,Chittorgarh,"Shastri Nagar, Chittorgarh - RSPCB","22-09-2026 22:00:00",24.892047,74.623527,PM10,60,235,102
India,Rajasthan,Churu,"Subash Chowk, Churu - RSPCB","22-09-2026 22:00:00",28.296139,74.961696,PM2.5,30,140,61
India,Rajasthan,Jodhpur,"Digari Kalan, Jodhpur - RSPCB","22-09-2026 22:00:00",26.29581,73.082283,PM2.5,35,133,67
India,Rajasthan,Jodhpur,"Digari Kalan, Jodhpur - RSPCB","22-09-2026 22:00:00",26.29581,73.082283,NO2,10,85,36
India,Rajasthan,Karauli,"Satyawati Vihar, Karauli - RSPCB","22-09-2026 22:00:00",26.506177,77.025989,PM10,28,281,122
India,Rajasthan,Kota,"Nayapura, Kota - RSPCB","22-09-2026 22:00:00",25.196024,75.855668,CO,20,105,47
India,Rajasthan,Kota,"Nayapura, Kota - RSPCB","22-09-2026 22:00:00",25.196024,75.855668,OZONE,6,77,42
India,Rajasthan,Kota,"Shrinath Puram, Kota - RSPCB","22-09-2026 22:00:00",25.14389,75.821256,SO2,4,9,6
India,Rajasthan,Kota,"Dhanmandi, Kota - RSPCB","22-09-2026 22:00:00",25.16409,75.858137,CO,15,81,39
India,Rajasthan,Nagaur,"Karni Colony, Nagaur - RSPCB","22-09-2026 22:00:00",27.213494,73.734444,NO2,5,51,20
India,Rajasthan,Nagaur,"Karni Colony, Nagaur - RSPCB","22-09-2026 22:00:00",27.213494,73.734444,CO,16,45,28
India,Rajasthan,Pali,"Indira Colony Vistar, Pali - RSPCB","22-09-2026 22:00:00",25.771061,73.340227,NH3,4,10,7
India,Rajasthan,Pali,"Indira Colony Vistar, Pali - RSPCB","22-09-2026 22:00:00",25.771061,73.340227,CO,17,87,53
India,Rajasthan,Pali,"Indira Colony Vistar, Pali - RSPCB","22-09-2026 22:00:00",25.771061,73.340227,OZONE,41,76,63
India,Rajasthan,Pratapgarh,"Pragati Nagar, Pratapgarh - RSPCB","22-09-2026 22:00:00",24.041198,74.780702,PM2.5,45,127,84
India,Rajasthan,Pratapgarh,"Pragati Nagar, Pratapgarh - RSPCB","22-09-2026 22:00:00",24.041198,74.780702,CO,21,67,35
India,Rajasthan,Rajsamand,"Dhoinda, Rajsamand - RSPCB","22-09-2026 22:00:00",25.03636,73.883502,CO,24,56,36
India,Rajasthan,"Sawai Madhopur","Sahu Nagar, Sawai Madhopur - RSPCB","22-09-2026 22:00:00",26.031443,76.359327,NO2,10,33,18
India,Rajasthan,"Sawai Madhopur","Sahu Nagar, Sawai Madhopur - RSPCB","22-09-2026 22:00:00",26.031443,76.359327,SO2,1,10,4
India,Rajasthan,"Sawai Madhopur","Sahu Nagar, Sawai Madhopur - RSPCB","22-09-2026 22:00:00",26.031443,76.359327,OZONE,25,83,52
India,Rajasthan,Sikar,"Radhakishan Pura, Sikar - RSPCB","22-09-2026 22:00:00",27.608912,75.153302,SO2,3,5,3
India,Rajasthan,Dholpur,"Raja Ganj, Dholpur - RSPCB","22-09-2026 22:00:00",26.699557,77.898881,OZONE,24,51,35
India,Rajasthan,Dungarpur,"Bhoiwada, Dungarpur - RSPCB","22-09-2026 22:00:00",23.837789,73.714926,PM2.5,62,163,84
India,Rajasthan,Dungarpur,"Bhoiwada, Dungarpur - RSPCB","22-09-2026 22:00:00",23.837789,73.714926,PM10,65,125,86
India,Rajasthan,Dungarpur,"Bhoiwada, Dungarpur - RSPCB","22-09-2026 22:00:00",23.837789,73.714926,NH3,0,8,3
India,Rajasthan,Jaipur,"Shastri Nagar, Jaipur - RSPCB","22-09-2026 22:00:00",26.9502929,75.730943,PM2.5,53,154,84
India,Rajasthan,Jaisalmer,"Sadar Bazar, Jaisalmer - RSPCB","22-09-2026 22:00:00",26.912329,70.909168,NH3,11,19,14
India,Rajasthan,Jhalawar,"Rajlaxmi Nagar, Jhalawar - RSPCB","22-09-2026 22:00:00",24.588397,76.172782,PM10,40,109,66
India,Rajasthan,Jhalawar,"Rajlaxmi Nagar, Jhalawar - RSPCB","22-09-2026 22:00:00",24.588397,76.172782,SO2,6,44,14
India,Rajasthan,Jhunjhunu,"Indra Nagar, Jhunjhunu - RSPCB","22-09-2026 22:00:00",28.108988,75.386577,NH3,3,8,6
India,Rajasthan,Jodhpur,"Collectorate, Jodhpur - RSPCB","22-09-2026 22:00:00",26.268249,73.0193853,NO2,22,41,30
India,Rajasthan,Jodhpur,"Samrat Ashok Udhyan, Jodhpur - RSPCB","22-09-2026 22:00:00",26.253384,72.976571,PM10,61,256,117
India,Rajasthan,Jodhpur,"Samrat Ashok Udhyan, Jodhpur - RSPCB","22-09-2026 22:00:00",26.253384,72.976571,OZONE,2,103,59
India,Rajasthan,Jodhpur,"Mandor, Jodhpur - RSPCB","22-09-2026 22:00:00",26.358805,73.047444,PM2.5,20,82,49
India,Rajasthan,Jaipur,"Mansarovar Sector-12, Jaipur - RSPCB","22-09-2026 22:00:00",26.843698,75.766894,NH3,1,11,5
India,Rajasthan,Jaipur,"Police Commissionerate, Jaipur - RSPCB","22-09-2026 22:00:00",26.9164092,75.7994901,OZONE,29,55,43
India,Rajasthan,Jaipur,"Adarsh Nagar, Jaipur - RSPCB","22-09-2026 22:00:00",26.902909,75.836858,PM2.5,47,94,74
India,Rajasthan,Jaipur,"Adarsh Nagar, Jaipur - RSPCB","22-09-2026 22:00:00",26.902909,75.836858,PM10,90,116,103
India,Rajasthan,Jaipur,"Adarsh Nagar, Jaipur - RSPCB","22-09-2026 22:00:00",26.902909,75.836858,SO2,3,33,21
India,Rajasthan,Sikar,"Radhakishan Pura, Sikar - RSPCB","22-09-2026 22:00:00",27.608912,75.153302,OZONE,7,61,37
India,Rajasthan,Jaipur,"Sector-2 Murlipura, Jaipur - RSPCB","22-09-2026 22:00:00",26.960669,75.771817,SO2,NA,NA,NA
India,Rajasthan,Tonk,"Shastri Nagar, Tonk - RSPCB","22-09-2026 22:00:00",26.159933,75.780517,PM2.5,40,110,59
India,Rajasthan,Tonk,"Shastri Nagar, Tonk - RSPCB","22-09-2026 22:00:00",26.159933,75.780517,SO2,NA,NA,NA
India,Rajasthan,Udaipur,"Ashok Nagar, Udaipur - RSPCB","22-09-2026 22:00:00",24.5886166,73.6321397,OZONE,6,33,20
India,Sikkim,Gangtok,"Zero Point GICI, Gangtok - SSPCB","22-09-2026 22:00:00",27.33853,88.614099,SO2,1,1,1
India,Sikkim,Gangtok,"Zero Point GICI, Gangtok - SSPCB","22-09-2026 22:00:00",27.33853,88.614099,CO,2,5,3
India,"Tamil Nadu",Chennai,"Manali Village, Chennai - TNPCB","22-09-2026 22:00:00",13.1662,80.2584,SO2,11,13,12
India,"Tamil Nadu",Chennai,"Manali Village, Chennai - TNPCB","22-09-2026 22:00:00",13.1662,80.2584,CO,46,63,52
India,"Tamil Nadu",Chennai,"Manali, Chennai - CPCB","22-09-2026 22:00:00",13.164544,80.26285,PM2.5,19,168,68
India,"Tamil Nadu",Chennai,"Velachery Res. Area, Chennai - CPCB","22-09-2026 22:00:00",13.0052189,80.2398125,PM10,NA,NA,NA
India,"Tamil Nadu",Chennai,"Velachery Res. Area, Chennai - CPCB","22-09-2026 22:00:00",13.0052189,80.2398125,SO2,NA,NA,NA
India,"Tamil Nadu",Madurai,"Uchapatti, Madurai - TNPCB","22-09-2026 22:00:00",9.865935,78.022669,PM2.5,NA,NA,NA
India,"Tamil Nadu",Madurai,"Uchapatti, Madurai - TNPCB","22-09-2026 22:00:00",9.865935,78.022669,PM10,NA,NA,NA
India,"Tamil Nadu",Madurai,"Uchapatti, Madurai - TNPCB","22-09-2026 22:00:00",9.865935,78.022669,NO2,NA,NA,NA
India,Telangana,Hyderabad,"Kompally Municipal Office, Hyderabad - TSPCB","22-09-2026 22:00:00",17.544899,78.486949,PM2.5,29,42,32
India,Telangana,Hyderabad,"IDA Pashamylaram, Hyderabad - TSPCB","22-09-2026 22:00:00",17.5316895,78.218939,SO2,1,11,9
India,Telangana,Hyderabad,"IDA Pashamylaram, Hyderabad - TSPCB","22-09-2026 22:00:00",17.5316895,78.218939,OZONE,4,14,11
India,Telangana,Hyderabad,"Sanathnagar, Hyderabad - TSPCB","22-09-2026 22:00:00",17.4559458,78.4332152,CO,36,52,43
India,Telangana,Hyderabad,"Somajiguda, Hyderabad - TSPCB","22-09-2026 22:00:00",17.417094,78.457437,NO2,13,20,18
India,Telangana,Hyderabad,"Somajiguda, Hyderabad - TSPCB","22-09-2026 22:00:00",17.417094,78.457437,CO,31,90,50
India,Telangana,Hyderabad,"New Malakpet, Hyderabad - TSPCB","22-09-2026 22:00:00",17.37206,78.50864,SO2,7,15,9
India,Telangana,Hyderabad,"Bollaram Industrial Area, Hyderabad - TSPCB","22-09-2026 22:00:00",17.518,78.383,NO2,19,39,25
India,Telangana,Hyderabad,"IITH Kandi, Hyderabad - TSPCB","22-09-2026 22:00:00",17.585705,78.126199,CO,27,39,33
India,Telangana,Hyderabad,"Zoo Park, Hyderabad - TSPCB","22-09-2026 22:00:00",17.349694,78.451437,SO2,1,1,1
India,Telangana,Hyderabad,"ECIL Kapra, Hyderabad - TSPCB","22-09-2026 22:00:00",17.470431,78.566959,PM10,25,89,55
India,Telangana,Hyderabad,"Kokapet, Hyderabad - TSPCB","22-09-2026 22:00:00",17.393559,78.339194,PM10,48,74,57
India,"Uttar Pradesh",Agra,"Sanjay Palace, Agra - UPPCB","22-09-2026 22:00:00",27.19865833,78.00598056,OZONE,8,11,10
India,"Uttar Pradesh",Agra,"Sector-3B Avas Vikas Colony, Agra - UPPCB","22-09-2026 22:00:00",27.19412,77.96237,OZONE,13,18,15
India,Rajasthan,Sirohi,"Vedhaynath Colony, Sirohi - RSPCB","22-09-2026 22:00:00",24.885261,72.857549,PM2.5,22,63,35
India,Rajasthan,Sirohi,"Vedhaynath Colony, Sirohi - RSPCB","22-09-2026 22:00:00",24.885261,72.857549,NH3,2,4,3
India,Rajasthan,Sirohi,"Vedhaynath Colony, Sirohi - RSPCB","22-09-2026 22:00:00",24.885261,72.857549,SO2,4,7,5
India,"Tamil Nadu",Chennai,"Manali, Chennai - CPCB","22-09-2026 22:00:00",13.164544,80.26285,NH3,6,6,6
India,"Tamil Nadu",Chennai,"Manali, Chennai - CPCB","22-09-2026 22:00:00",13.164544,80.26285,SO2,4,12,7
India,"Tamil Nadu",Chennai,"Manali, Chennai - CPCB","22-09-2026 22:00:00",13.164544,80.26285,CO,12,65,29
India,"Uttar Pradesh",Agra,"Manoharpur, Agra - UPPCB","22-09-2026 22:00:00",27.23711,78.01936,OZONE,6,6,6
India,"Uttar Pradesh",Khurja,"Kalindi Kunj, Khurja - UPPCB","22-09-2026 22:00:00",28.2348927,77.8683002,NO2,12,13,13
India,"Uttar Pradesh",Khurja,"Kalindi Kunj, Khurja - UPPCB","22-09-2026 22:00:00",28.2348927,77.8683002,CO,2,60,37
India,"Uttar Pradesh",Lucknow,"B R Ambedkar University, Lucknow - UPPCB","22-09-2026 22:00:00",26.766433,80.927299,NO2,14,14,14
India,"Uttar Pradesh",Lucknow,"B R Ambedkar University, Lucknow - UPPCB","22-09-2026 22:00:00",26.766433,80.927299,CO,36,39,38
India,"Uttar Pradesh",Lucknow,"Lalbagh, Lucknow - CPCB","22-09-2026 22:00:00",26.8458805,80.9365541,SO2,2,8,4
India,"Uttar Pradesh",Lucknow,"Gomti Nagar, Lucknow - UPPCB","22-09-2026 22:00:00",26.86812,81.005119,NO2,9,11,10
India,"Uttar Pradesh",Lucknow,"Gomti Nagar, Lucknow - UPPCB","22-09-2026 22:00:00",26.86812,81.005119,SO2,11,11,11
India,"Uttar Pradesh",Lucknow,"Gomti Nagar, Lucknow - UPPCB","22-09-2026 22:00:00",26.86812,81.005119,CO,40,42,41
India,"Uttar Pradesh",Lucknow,"Talkatora District Industries Center, Lucknow - CPCB","22-09-2026 22:00:00",26.83399722,80.8917361,OZONE,18,80,45
India,"Uttar Pradesh",Lucknow,"Kukrail Picnic Spot-1, Lucknow - UPPCB","22-09-2026 22:00:00",26.90723,80.98579,NH3,6,6,6
India,"Uttar Pradesh",Lucknow,"Kukrail Picnic Spot-1, Lucknow - UPPCB","22-09-2026 22:00:00",26.90723,80.98579,SO2,25,32,29
India,"Uttar Pradesh",Lucknow,"Kukrail Picnic Spot-1, Lucknow - UPPCB","22-09-2026 22:00:00",26.90723,80.98579,OZONE,10,37,22
India,"Uttar Pradesh",Mathura,"Pali Dungra, Mathura - UPPCB","22-09-2026 22:00:00",27.410954,77.550619,PM10,153,181,165
India,"Uttar Pradesh",Mathura,"Pali Dungra, Mathura - UPPCB","22-09-2026 22:00:00",27.410954,77.550619,NO2,5,10,7
India,"Uttar Pradesh",Mathura,"Pali Dungra, Mathura - UPPCB","22-09-2026 22:00:00",27.410954,77.550619,SO2,11,16,13
India,"Uttar Pradesh",Meerut,"Pallavpuram Phase 2, Meerut - UPPCB","22-09-2026 22:00:00",29.06351,77.709723,PM10,97,189,138
India,"Uttar Pradesh",Meerut,"Pallavpuram Phase 2, Meerut - UPPCB","22-09-2026 22:00:00",29.06351,77.709723,CO,31,101,67
India,"Uttar Pradesh",Meerut,"Pallavpuram Phase 2, Meerut - UPPCB","22-09-2026 22:00:00",29.06351,77.709723,OZONE,38,88,67
India,"Uttar Pradesh",Meerut,"Ganga Nagar, Meerut - UPPCB","22-09-2026 22:00:00",28.999264,77.7590354,NO2,20,38,30
India,"Uttar Pradesh",Meerut,"Ganga Nagar, Meerut - UPPCB","22-09-2026 22:00:00",28.999264,77.7590354,NH3,7,12,9
India,"Uttar Pradesh",Ghaziabad,"Sanjay Nagar, Ghaziabad - UPPCB","22-09-2026 22:00:00",28.685382,77.453839,CO,26,70,40
India,"Uttar Pradesh",Gorakhpur,"Madan Mohan Malaviya University of Technology, Gorakhpur - UPPCB","22-09-2026 22:00:00",26.730136,83.433859,CO,5,6,6
India,"Uttar Pradesh","Greater Noida","Knowledge Park - V, Greater Noida - UPPCB","22-09-2026 22:00:00",28.557054,77.453663,PM10,101,500,244
India,"Uttar Pradesh","Greater Noida","Knowledge Park - V, Greater Noida - UPPCB","22-09-2026 22:00:00",28.557054,77.453663,NO2,37,108,70
India,"Uttar Pradesh","Greater Noida","Knowledge Park - III, Greater Noida - UPPCB","22-09-2026 22:00:00",28.47272,77.482,PM2.5,NA,NA,NA
India,"Uttar Pradesh",Hapur,"Anand Vihar, Hapur - UPPCB","22-09-2026 22:00:00",28.725645,77.749675,OZONE,16,17,16
India,"Uttar Pradesh",Jhansi,"Shivaji Nagar, Jhansi - UPPCB","22-09-2026 22:00:00",25.4547,78.6039,CO,6,16,10
India,"Uttar Pradesh",Kanpur,"FTI Kidwai Nagar, Kanpur - UPPCB","22-09-2026 22:00:00",26.428282,80.327067,NO2,26,27,27
India,"Uttar Pradesh",Kanpur,"FTI Kidwai Nagar, Kanpur - UPPCB","22-09-2026 22:00:00",26.428282,80.327067,SO2,19,37,29
India,"Uttar Pradesh",Kanpur,"FTI Kidwai Nagar, Kanpur - UPPCB","22-09-2026 22:00:00",26.428282,80.327067,CO,32,36,33
India,"Uttar Pradesh",Kanpur,"NSI Kalyanpur, Kanpur - UPPCB","22-09-2026 22:00:00",26.509954,80.249612,NO2,31,32,31
India,"Uttar Pradesh",Kanpur,"Nehru Nagar, Kanpur - UPPCB","22-09-2026 22:00:00",26.4703136,80.3229863,PM2.5,15,93,56
India,"Uttar Pradesh",Kanpur,"Nehru Nagar, Kanpur - UPPCB","22-09-2026 22:00:00",26.4703136,80.3229863,PM10,14,84,51
India,"Uttar Pradesh",Firozabad,"Nagla Bhau, Firozabad - UPPCB","22-09-2026 22:00:00",27.168897,78.37696,OZONE,4,18,10
India,"Uttar Pradesh",Firozabad,"Vibhab Nagar, Firozabad - UPPCB","22-09-2026 22:00:00",27.1594,78.3953,NO2,15,15,15
India,"Uttar Pradesh",Gajraula,"Rajanpur, Gajraula - UPPCB","22-09-2026 22:00:00",28.829109,78.248796,NO2,19,93,49
India,"Uttar Pradesh",Gajraula,"Rajanpur, Gajraula - UPPCB","22-09-2026 22:00:00",28.829109,78.248796,SO2,9,12,10
India,"Uttar Pradesh",Ghaziabad,"Indirapuram, Ghaziabad - UPPCB","22-09-2026 22:00:00",28.646233,77.358075,NH3,9,11,10
India,"Uttar Pradesh",Ghaziabad,"Ved Vihar-Loni, Ghaziabad - UPPCB","22-09-2026 22:00:00",28.739153,77.273668,CO,89,101,97
India,"Uttar Pradesh",Ghaziabad,"Wave City, Ghaziabad - UPPCB","22-09-2026 22:00:00",28.646675,77.489049,PM2.5,NA,NA,NA
India,"Uttar Pradesh",Ghaziabad,"Wave City, Ghaziabad - UPPCB","22-09-2026 22:00:00",28.646675,77.489049,SO2,1,5,3
India,"Uttar Pradesh",Ghaziabad,"Vasundhara, Ghaziabad - UPPCB","22-09-2026 22:00:00",28.6603346,77.3572563,PM2.5,83,293,191
India,"Uttar Pradesh",Ghaziabad,"Vasundhara, Ghaziabad - UPPCB","22-09-2026 22:00:00",28.6603346,77.3572563,NH3,5,10,8
India,"Uttar Pradesh",Ghaziabad,"Vasundhara, Ghaziabad - UPPCB","22-09-2026 22:00:00",28.6603346,77.3572563,SO2,12,22,16
India,"Uttar Pradesh",Meerut,"MIET College, Meerut - UPPCB","22-09-2026 22:00:00",28.972677,77.641018,SO2,2,6,4
India,"Uttar Pradesh",Meerut,"MIET College, Meerut - UPPCB","22-09-2026 22:00:00",28.972677,77.641018,OZONE,116,304,210
India,"Uttar Pradesh",Meerut,"Jai Bhim Nagar, Meerut - UPPCB","22-09-2026 22:00:00",28.9535882,77.7622941,PM2.5,37,200,88
India,"Uttar Pradesh",Meerut,"Jai Bhim Nagar, Meerut - UPPCB","22-09-2026 22:00:00",28.9535882,77.7622941,SO2,NA,NA,NA
India,"Uttar Pradesh",Meerut,"Jai Bhim Nagar, Meerut - UPPCB","22-09-2026 22:00:00",28.9535882,77.7622941,CO,46,80,57
India,"Uttar Pradesh",Moradabad,"Eco Herbal Park, Moradabad - UPPCB","22-09-2026 22:00:00",28.840739,78.697531,PM10,76,140,105
India,"Uttar Pradesh",Moradabad,"Kashiram Nagar, Moradabad - UPPCB","22-09-2026 22:00:00",28.849399,78.742362,OZONE,16,22,19
India,"Uttar Pradesh",Agra,"Rohta, Agra - UPPCB","22-09-2026 22:00:00",27.106972,78.000111,NH3,6,6,6
India,"Uttar Pradesh",Agra,"Shahjahan Garden, Agra - UPPCB","22-09-2026 22:00:00",27.169338,78.03582,PM10,50,86,62
India,"Uttar Pradesh",Baghpat,"Sardar Patel Inter College, Baghpat - UPPCB","22-09-2026 22:00:00",28.964949,77.278761,PM2.5,65,137,96
India,"Uttar Pradesh",Baghpat,"Sardar Patel Inter College, Baghpat - UPPCB","22-09-2026 22:00:00",28.964949,77.278761,NH3,2,5,3
India,"Uttar Pradesh",Baghpat,"Sardar Patel Inter College, Baghpat - UPPCB","22-09-2026 22:00:00",28.964949,77.278761,CO,20,39,26
India,"Uttar Pradesh",Moradabad,"Employment Office, Moradabad - UPPCB","22-09-2026 22:00:00",28.88528,78.7388,CO,10,13,12
India,"Uttar Pradesh",Moradabad,"Employment Office, Moradabad - UPPCB","22-09-2026 22:00:00",28.88528,78.7388,OZONE,15,32,22
India,"Uttar Pradesh",Moradabad,"Buddhi Vihar, Moradabad - UPPCB","22-09-2026 22:00:00",28.83526,78.7446,PM2.5,47,209,83
India,"Uttar Pradesh",Bareilly,"Rajendra Nagar, Bareilly - UPPCB","22-09-2026 22:00:00",28.38910936,79.42963708,PM10,85,122,102
India,"Uttar Pradesh",Bareilly,"Rajendra Nagar, Bareilly - UPPCB","22-09-2026 22:00:00",28.38910936,79.42963708,NH3,1,1,1
India,"Uttar Pradesh",Bareilly,"Rajendra Nagar, Bareilly - UPPCB","22-09-2026 22:00:00",28.38910936,79.42963708,SO2,15,22,17
India,"Uttar Pradesh","Fatehpur Sikri","Dadupura, Fatehpur Sikri - UPPCB","22-09-2026 22:00:00",27.097694,77.671335,OZONE,18,95,50
India,"Uttar Pradesh",Firozabad,"Nagla Bhau, Firozabad - UPPCB","22-09-2026 22:00:00",27.168897,78.37696,PM10,NA,NA,NA
India,"Uttar Pradesh","Fatehpur Sikri","Dadupura, Fatehpur Sikri - UPPCB","22-09-2026 22:00:00",27.097694,77.671335,PM2.5,131,312,215
India,"West Bengal",Haldia,"Priyambada Housing Estate, Haldia - WBPCB","22-09-2026 22:00:00",22.06047,88.109737,NO2,9,19,14
India,"West Bengal",Haldia,"Priyambada Housing Estate, Haldia - WBPCB","22-09-2026 22:00:00",22.06047,88.109737,SO2,12,13,12
India,"West Bengal",Howrah,"Ghusuri, Howrah - WBPCB","22-09-2026 22:00:00",22.611968,88.347422,NH3,7,15,11
India,"West Bengal",Howrah,"Belur Math, Howrah - WBPCB","22-09-2026 22:00:00",22.629801,88.352017,PM2.5,9,34,20
India,"West Bengal",Howrah,"Belur Math, Howrah - WBPCB","22-09-2026 22:00:00",22.629801,88.352017,NH3,7,13,10
India,"West Bengal",Howrah,"Belur Math, Howrah - WBPCB","22-09-2026 22:00:00",22.629801,88.352017,CO,11,17,15
India,"West Bengal",Howrah,"Belur Math, Howrah - WBPCB","22-09-2026 22:00:00",22.629801,88.352017,OZONE,8,9,9
India,"West Bengal",Howrah,"Dasnagar, Howrah - WBPCB","22-09-2026 22:00:00",22.6025571,88.3105664,NO2,3,14,6
India,"West Bengal",Howrah,"Dasnagar, Howrah - WBPCB","22-09-2026 22:00:00",22.6025571,88.3105664,SO2,9,11,9
India,"West Bengal",Howrah,"Dasnagar, Howrah - WBPCB","22-09-2026 22:00:00",22.6025571,88.3105664,CO,45,109,64
India,"West Bengal",Howrah,"Dasnagar, Howrah - WBPCB","22-09-2026 22:00:00",22.6025571,88.3105664,OZONE,3,18,9
India,"West Bengal",Howrah,"Padmapukur, Howrah - WBPCB","22-09-2026 22:00:00",22.5687319,88.2797276,PM10,31,86,51
India,"West Bengal",Howrah,"Botanical Garden, Howrah - WBPCB","22-09-2026 22:00:00",22.554954,88.292568,NH3,1,3,2
India,"West Bengal",Howrah,"Botanical Garden, Howrah - WBPCB","22-09-2026 22:00:00",22.554954,88.292568,SO2,8,9,9
India,"Uttar Pradesh",Noida,"Sector - 125, Noida - UPPCB","22-09-2026 22:00:00",28.5447608,77.3231257,SO2,6,9,8
India,"Uttar Pradesh",Noida,"Sector - 125, Noida - UPPCB","22-09-2026 22:00:00",28.5447608,77.3231257,OZONE,13,94,53
India,"Uttar Pradesh",Noida,"Sector-1, Noida - UPPCB","22-09-2026 22:00:00",28.5898,77.3101,PM2.5,88,304,146
India,"Uttar Pradesh",Noida,"Sector-1, Noida - UPPCB","22-09-2026 22:00:00",28.5898,77.3101,CO,2,50,23
India,"Uttar Pradesh",Noida,"Sector-1, Noida - UPPCB","22-09-2026 22:00:00",28.5898,77.3101,OZONE,28,218,118
India,"Uttar Pradesh",Noida,"Sector-116, Noida - UPPCB","22-09-2026 22:00:00",28.56923,77.393848,PM2.5,101,265,186
India,"Uttar Pradesh",Prayagraj,"Nagar Nigam, Prayagraj - UPPCB","22-09-2026 22:00:00",25.44919916,81.82735986,PM2.5,16,26,20
India,"Uttar Pradesh",Prayagraj,"Jhunsi, Prayagraj - UPPCB","22-09-2026 22:00:00",25.425602,81.917152,PM2.5,15,45,28
India,"Uttar Pradesh",Prayagraj,"Jhunsi, Prayagraj - UPPCB","22-09-2026 22:00:00",25.425602,81.917152,PM10,23,59,38
India,Uttarakhand,Rishikesh,"Shivaji Nagar, Rishikesh - UKPCB","22-09-2026 22:00:00",30.075911,78.2859547,CO,NA,NA,NA
India,"West Bengal",Asansol,"Asansol Court Area, Asansol - WBPCB","22-09-2026 22:00:00",23.685297,86.945968,SO2,7,24,13
India,"West Bengal",Asansol,"Asansol Court Area, Asansol - WBPCB","22-09-2026 22:00:00",23.685297,86.945968,OZONE,15,25,19
India,"West Bengal",Asansol,"Evelyn Lodge, Asansol - WBPCB","22-09-2026 22:00:00",23.697936,86.944395,PM2.5,9,26,18
India,"West Bengal",Asansol,"Evelyn Lodge, Asansol - WBPCB","22-09-2026 22:00:00",23.697936,86.944395,PM10,18,39,26
India,"West Bengal",Asansol,"Mahabir Colliery, Asansol - WBPCB","22-09-2026 22:00:00",23.618183,87.105718,NH3,1,2,2
India,"West Bengal",Asansol,"Trivenidevi Bhalotia College, Asansol - WBPCB","22-09-2026 22:00:00",23.616515,87.119133,PM10,12,117,28
India,"Uttar Pradesh",Raebareli,"Anand Nagar, Raebareli - UPPCB","22-09-2026 22:00:00",26.219512,81.237648,OZONE,55,71,66
India,"Uttar Pradesh",Varanasi,"Maldahiya, Varanasi - UPPCB","22-09-2026 22:00:00",25.32393,82.99687,CO,14,17,16
India,"Uttar Pradesh",Varanasi,"Ardhali Bazar, Varanasi - UPPCB","22-09-2026 22:00:00",25.3505986,82.9083074,PM10,28,92,59
India,"Uttar Pradesh",Varanasi,"Ardhali Bazar, Varanasi - UPPCB","22-09-2026 22:00:00",25.3505986,82.9083074,NH3,NA,NA,NA
India,"Uttar Pradesh",Varanasi,"Bhelupur, Varanasi - UPPCB","22-09-2026 22:00:00",25.301778,82.996789,NH3,1,1,1
India,"Uttar Pradesh",Varanasi,"Bhelupur, Varanasi - UPPCB","22-09-2026 22:00:00",25.301778,82.996789,CO,7,18,11
India,"Uttar Pradesh",Varanasi,"Bhelupur, Varanasi - UPPCB","22-09-2026 22:00:00",25.301778,82.996789,OZONE,8,13,11
India,"West Bengal",Barrackpore,"SVSPA Campus, Barrackpore - WBPCB","22-09-2026 22:00:00",22.7605581,88.3617589,PM10,22,61,36
India,"West Bengal",Barrackpore,"SVSPA Campus, Barrackpore - WBPCB","22-09-2026 22:00:00",22.7605581,88.3617589,NO2,6,15,10
India,"West Bengal",Durgapur,"PCBL Residential Complex, Durgapur - WBPCB","22-09-2026 22:00:00",23.508764,87.35444,NO2,10,64,26
India,"West Bengal",Durgapur,"PCBL Residential Complex, Durgapur - WBPCB","22-09-2026 22:00:00",23.508764,87.35444,OZONE,3,16,9
India,"West Bengal",Durgapur,"Mahishkapur Road_B-Zone, Durgapur - WBPCB","22-09-2026 22:00:00",23.567923,87.306843,PM2.5,12,64,27
India,"West Bengal",Durgapur,"Mahishkapur Road_B-Zone, Durgapur - WBPCB","22-09-2026 22:00:00",23.567923,87.306843,CO,95,108,105
India,"Uttar Pradesh",Moradabad,"Buddhi Vihar, Moradabad - UPPCB","22-09-2026 22:00:00",28.83526,78.7446,CO,11,16,14
India,"Uttar Pradesh",Moradabad,"Jigar Colony, Moradabad - UPPCB","22-09-2026 22:00:00",28.856664,78.772638,NO2,24,25,25
India,"Uttar Pradesh",Muzaffarnagar,"New Mandi, Muzaffarnagar - UPPCB","22-09-2026 22:00:00",29.4723508,77.7194031,PM10,105,173,136
India,"Uttar Pradesh",Muzaffarnagar,"New Mandi, Muzaffarnagar - UPPCB","22-09-2026 22:00:00",29.4723508,77.7194031,NO2,16,35,23
India,"Uttar Pradesh",Noida,"Sector - 62, Noida - IITM","22-09-2026 22:00:00",28.6245479,77.3577104,PM2.5,108,322,197
India,"Uttar Pradesh",Noida,"Sector - 62, Noida - IITM","22-09-2026 22:00:00",28.6245479,77.3577104,NH3,NA,NA,NA
India,"Uttar Pradesh",Noida,"Sector - 125, Noida - UPPCB","22-09-2026 22:00:00",28.5447608,77.3231257,PM10,146,424,232
India,"Uttar Pradesh",Noida,"Sector - 125, Noida - UPPCB","22-09-2026 22:00:00",28.5447608,77.3231257,NH3,NA,NA,NA
India,Uttarakhand,Rishikesh,"Shivaji Nagar, Rishikesh - UKPCB","22-09-2026 22:00:00",30.075911,78.2859547,PM2.5,2,2,2
India,Uttarakhand,Rishikesh,"Shivaji Nagar, Rishikesh - UKPCB","22-09-2026 22:00:00",30.075911,78.2859547,PM10,21,21,21
India,"Uttar Pradesh",Vrindavan,"Omex Eternity, Vrindavan - UPPCB","22-09-2026 22:00:00",27.571409,77.655757,NO2,27,27,27
India,"West Bengal",Kolkata,"Rabindra Bharati University, Kolkata - WBPCB","22-09-2026 22:00:00",22.627847,88.380669,NH3,3,7,5
India,"West Bengal",Kolkata,"Fort William, Kolkata - WBPCB","22-09-2026 22:00:00",22.55664,88.342674,NH3,7,8,7
India,"West Bengal",Kolkata,"Fort William, Kolkata - WBPCB","22-09-2026 22:00:00",22.55664,88.342674,SO2,4,11,7
India,"West Bengal",Kolkata,"Victoria, Kolkata - WBPCB","22-09-2026 22:00:00",22.5448082,88.3403691,PM10,15,67,34
India,"West Bengal",Kolkata,"Victoria, Kolkata - WBPCB","22-09-2026 22:00:00",22.5448082,88.3403691,CO,16,35,29
India,"West Bengal",Kolkata,"Victoria, Kolkata - WBPCB","22-09-2026 22:00:00",22.5448082,88.3403691,OZONE,22,31,27
India,"West Bengal",Kolkata,"Bidhannagar, Kolkata - WBPCB","22-09-2026 22:00:00",22.58157048,88.41002457,CO,26,33,29
India,"West Bengal",Siliguri,"Ward-32 Bapupara, Siliguri - WBPCB","22-09-2026 22:00:00",26.6879226,88.4152495,PM2.5,13,62,25
India,"West Bengal",Siliguri,"Ward-32 Bapupara, Siliguri - WBPCB","22-09-2026 22:00:00",26.6879226,88.4152495,PM10,25,95,45
India,"Andhra Pradesh",Vijayawada,"Rajiv Nagar, Vijayawada - APPCB","22-09-2026 22:00:00",16.554731,80.64911,NO2,17,30,22
India,"Andhra Pradesh",Vijayawada,"Rajiv Nagar, Vijayawada - APPCB","22-09-2026 22:00:00",16.554731,80.64911,NH3,4,6,4
India,"Andhra Pradesh",Vijayawada,"Rajiv Gandhi Park, Vijayawada - APPCB","22-09-2026 22:00:00",16.509717,80.612222,CO,25,28,27
India,"Andhra Pradesh",Vijayawada,"Rajiv Gandhi Park, Vijayawada - APPCB","22-09-2026 22:00:00",16.509717,80.612222,OZONE,13,18,14
India,"Andhra Pradesh",Visakhapatnam,"GVM Corporation, Visakhapatnam - APPCB","22-09-2026 22:00:00",17.72,83.3,NO2,18,58,33
India,"Andhra Pradesh",Visakhapatnam,"GVM Corporation, Visakhapatnam - APPCB","22-09-2026 22:00:00",17.72,83.3,NH3,2,3,2
India,"Andhra Pradesh",Visakhapatnam,"GVM Corporation, Visakhapatnam - APPCB","22-09-2026 22:00:00",17.72,83.3,OZONE,31,40,35
India,Assam,Byrnihat,"Central Academy for SFS, Byrnihat - PCBA","22-09-2026 22:00:00",26.071318,91.87488,PM2.5,76,112,85
India,Assam,Byrnihat,"Central Academy for SFS, Byrnihat - PCBA","22-09-2026 22:00:00",26.071318,91.87488,PM10,70,99,78
India,Assam,Guwahati,"LGBI Airport, Guwahati - PCBA","22-09-2026 22:00:00",26.10887,91.589544,SO2,3,13,10
India,Assam,Guwahati,"Pan Bazaar, Guwahati - PCBA","22-09-2026 22:00:00",26.1875,91.744194,PM10,NA,NA,NA
India,Assam,Guwahati,"Pan Bazaar, Guwahati - PCBA","22-09-2026 22:00:00",26.1875,91.744194,NO2,1,2,2
India,"Andhra Pradesh",Anantapur,"Gulzarpet, Anantapur - APPCB","22-09-2026 22:00:00",14.675886,77.593027,OZONE,19,33,24
India,"Andhra Pradesh",Chittoor,"Gangineni Cheruvu, Chittoor - APPCB","22-09-2026 22:00:00",13.20488,79.097889,NH3,6,8,8
India,"Andhra Pradesh",Chittoor,"Gangineni Cheruvu, Chittoor - APPCB","22-09-2026 22:00:00",13.20488,79.097889,CO,14,23,17
India,"Andhra Pradesh",Chittoor,"Gangineni Cheruvu, Chittoor - APPCB","22-09-2026 22:00:00",13.20488,79.097889,OZONE,29,44,33
India,"Andhra Pradesh",Eluru,"District Court, Eluru - APPCB","22-09-2026 22:00:00",16.711754,81.092095,NO2,3,5,4
India,"Andhra Pradesh",Guntur,"Rajendra Nagar North, Guntur - APPCB","22-09-2026 22:00:00",16.316553,80.413302,SO2,8,17,13
India,Assam,Guwahati,"Pan Bazaar, Guwahati - PCBA","22-09-2026 22:00:00",26.1875,91.744194,SO2,35,40,37
India,Assam,Guwahati,"Railway Colony, Guwahati - PCBA","22-09-2026 22:00:00",26.181742,91.78063,CO,10,19,14
India,Assam,Guwahati,"Railway Colony, Guwahati - PCBA","22-09-2026 22:00:00",26.181742,91.78063,OZONE,9,16,11
India,Assam,Guwahati,"IITG, Guwahati - PCBA","22-09-2026 22:00:00",26.2028636,91.70046436,PM10,NA,NA,NA
India,Assam,Guwahati,"IITG, Guwahati - PCBA","22-09-2026 22:00:00",26.2028636,91.70046436,NH3,1,1,1
India,"Andhra Pradesh",Tirupati,"Vaikuntapuram, Tirupati - APPCB","22-09-2026 22:00:00",13.615387,79.40923,CO,18,24,22
India,"Andhra Pradesh",Vijayawada,"HB Colony, Vijayawada - APPCB","22-09-2026 22:00:00",16.536107,80.594233,PM10,53,68,61
India,"Andhra Pradesh",Vijayawada,"HB Colony, Vijayawada - APPCB","22-09-2026 22:00:00",16.536107,80.594233,SO2,9,18,14
India,"Andhra Pradesh",Vijayawada,"HB Colony, Vijayawada - APPCB","22-09-2026 22:00:00",16.536107,80.594233,CO,32,46,35
India,"Andhra Pradesh",Vijayawada,"HB Colony, Vijayawada - APPCB","22-09-2026 22:00:00",16.536107,80.594233,OZONE,15,31,19
India,"Andhra Pradesh",Machilipatnam,"Srinivas Nagar Colony, Machilipatnam - APPCB","22-09-2026 22:00:00",16.186555,81.13219,CO,16,32,20
India,"Andhra Pradesh",Nellore,"Ambedkar Nagar, Nellore - APPCB ","22-09-2026 22:00:00",14.438164,79.966814,PM10,53,67,59
India,"Andhra Pradesh",Rajamahendravaram,"Anand Kala Kshetram, Rajamahendravaram - APPCB","22-09-2026 22:00:00",16.9872867,81.7363176,CO,24,33,28
India,"Andhra Pradesh",Tirumala,"Toll Gate, Tirumala - APPCB","22-09-2026 22:00:00",13.67,79.35,PM10,5,31,22
India,"Andhra Pradesh",Tirumala,"Toll Gate, Tirumala - APPCB","22-09-2026 22:00:00",13.67,79.35,NH3,2,3,2
India,"Andhra Pradesh",Tirumala,"Toll Gate, Tirumala - APPCB","22-09-2026 22:00:00",13.67,79.35,OZONE,28,39,32
India,"Andhra Pradesh",Tirupati,"Vaikuntapuram, Tirupati - APPCB","22-09-2026 22:00:00",13.615387,79.40923,NO2,NA,NA,NA
India,"Andhra Pradesh",Tirupati,"Vaikuntapuram, Tirupati - APPCB","22-09-2026 22:00:00",13.615387,79.40923,NH3,NA,NA,NA
India,"Andhra Pradesh",Amaravati,"Secretariat, Amaravati - APPCB","22-09-2026 22:00:00",16.5150833,80.5181667,PM2.5,38,190,88
India,"Andhra Pradesh",Amaravati,"Secretariat, Amaravati - APPCB","22-09-2026 22:00:00",16.5150833,80.5181667,OZONE,18,57,40
India,"Andhra Pradesh",Anantapur,"Gulzarpet, Anantapur - APPCB","22-09-2026 22:00:00",14.675886,77.593027,PM10,48,85,61
India,"Andhra Pradesh",Anantapur,"Gulzarpet, Anantapur - APPCB","22-09-2026 22:00:00",14.675886,77.593027,NO2,16,25,20
India,Assam,Nalbari,"Bata Chowk, Nalbari - PCBA","22-09-2026 22:00:00",26.446912,91.439057,NH3,5,6,6
India,Assam,Silchar,"Tarapur, Silchar - PCBA","22-09-2026 22:00:00",24.82827,92.79525,NH3,1,1,1
India,Assam,Silchar,"Tarapur, Silchar - PCBA","22-09-2026 22:00:00",24.82827,92.79525,CO,17,18,17
India,Assam,Silchar,"Tarapur, Silchar - PCBA","22-09-2026 22:00:00",24.82827,92.79525,OZONE,7,10,9
India,"Andhra Pradesh",Kadapa,"Yerramukkapalli, Kadapa - APPCB","22-09-2026 22:00:00",14.465052,78.824187,CO,25,36,30
India,"Andhra Pradesh",Kurnool,"Sita Rama Nagar, Kurnool - APPCB","22-09-2026 22:00:00",15.83411,78.028546,PM2.5,21,51,34
India,"Andhra Pradesh",Kurnool,"Sita Rama Nagar, Kurnool - APPCB","22-09-2026 22:00:00",15.83411,78.028546,NH3,5,5,5
India,Bihar,Araria,"Kharahiya Basti, Araria - BSPCB","22-09-2026 22:00:00",26.146529,87.454184,NH3,4,5,4
India,Bihar,Araria,"Kharahiya Basti, Araria - BSPCB","22-09-2026 22:00:00",26.146529,87.454184,SO2,19,22,20
India,Bihar,Patna,"Rajbansi Nagar, Patna - BSPCB","22-09-2026 22:00:00",25.599486,85.113666,NO2,27,34,31
India,Bihar,Purnia,"Mariam Nagar, Purnia - BSPCB","22-09-2026 22:00:00",25.366336,87.117468,NO2,16,20,18
India,Bihar,Purnia,"Mariam Nagar, Purnia - BSPCB","22-09-2026 22:00:00",25.366336,87.117468,NH3,4,4,4
India,Bihar,Rajgir,"Dangi Tola, Rajgir - BSPCB","22-09-2026 22:00:00",25.0328,85.41948,PM2.5,22,376,41
India,Bihar,Rajgir,"Dangi Tola, Rajgir - BSPCB","22-09-2026 22:00:00",25.0328,85.41948,SO2,3,3,3
India,Bihar,Rajgir,"Dangi Tola, Rajgir - BSPCB","22-09-2026 22:00:00",25.0328,85.41948,CO,38,44,41
India,Bihar,Saharsa,"Police Line, Saharsa - BSPCB","22-09-2026 22:00:00",25.892357,86.590325,PM2.5,47,298,128
India,Bihar,Saharsa,"Police Line, Saharsa - BSPCB","22-09-2026 22:00:00",25.892357,86.590325,NO2,6,9,7
India,Bihar,Saharsa,"Police Line, Saharsa - BSPCB","22-09-2026 22:00:00",25.892357,86.590325,SO2,10,17,14
India,Bihar,Manguraha,"Forest Rest House, Manguraha - BSPCB","22-09-2026 22:00:00",27.308328,84.531742,PM10,2,171,94
India,Bihar,Manguraha,"Forest Rest House, Manguraha - BSPCB","22-09-2026 22:00:00",27.308328,84.531742,CO,16,44,31
India,Bihar,Motihari,"Gandak Colony, Motihari - BSPCB","22-09-2026 22:00:00",26.63086,84.90051,PM2.5,NA,NA,NA
India,Bihar,Motihari,"Gandak Colony, Motihari - BSPCB","22-09-2026 22:00:00",26.63086,84.90051,NO2,2,4,3
India,Bihar,Munger,"Town Hall, Munger - BSPCB","22-09-2026 22:00:00",25.376776,86.471523,NO2,11,13,12
India,Bihar,Munger,"Town Hall, Munger - BSPCB","22-09-2026 22:00:00",25.376776,86.471523,OZONE,13,15,14
India,Bihar,Muzaffarpur,"MIT-Daudpur Kothi, Muzaffarpur - BSPCB","22-09-2026 22:00:00",26.1403345,85.3650192,PM2.5,18,43,27
India,Bihar,Katihar,"Mirchaibari, Katihar - BSPCB","22-09-2026 22:00:00",25.560083,87.553265,SO2,13,43,26
India,Bihar,Katihar,"Mirchaibari, Katihar - BSPCB","22-09-2026 22:00:00",25.560083,87.553265,CO,100,106,103
India,Bihar,Kishanganj,"SDM Office_Khagra, Kishanganj - BSPCB","22-09-2026 22:00:00",26.0881305,87.93840336,PM2.5,30,60,42
India,Bihar,Kishanganj,"SDM Office_Khagra, Kishanganj - BSPCB","22-09-2026 22:00:00",26.0881305,87.93840336,NH3,3,3,3
India,Bihar,Muzaffarpur,"MIT-Daudpur Kothi, Muzaffarpur - BSPCB","22-09-2026 22:00:00",26.1403345,85.3650192,OZONE,14,66,54
India,Bihar,Muzaffarpur,"Buddha Colony, Muzaffarpur - BSPCB","22-09-2026 22:00:00",26.11442,85.39813,NH3,9,13,11
India,Bihar,Patna,"Samanpura, Patna - BSPCB","22-09-2026 22:00:00",25.596727,85.085624,PM2.5,44,172,85
India,Bihar,Bhagalpur,"Mayaganj, Bhagalpur - BSPCB","22-09-2026 22:00:00",25.265194,87.012947,NH3,4,4,4
India,Bihar,"Bihar Sharif","D M Colony, Bihar Sharif - BSPCB","22-09-2026 22:00:00",25.204762,85.51496,OZONE,2,2,2
India,Bihar,Hajipur,"Industrial Area, Hajipur - BSPCB","22-09-2026 22:00:00",25.697189,85.2459,CO,13,27,20
India,Bihar,Patna,"Govt. High School Shikarpur, Patna - BSPCB","22-09-2026 22:00:00",25.592539,85.227158,CO,30,30,30
India,Bihar,Patna,"IGSC Planetarium Complex, Patna - BSPCB","22-09-2026 22:00:00",25.610369,85.132568,NO2,2,5,3
India,Bihar,Patna,"IGSC Planetarium Complex, Patna - BSPCB","22-09-2026 22:00:00",25.610369,85.132568,SO2,7,16,12
India,Bihar,Bhagalpur,"DM Office_Kachari Chowk, Bhagalpur - BSPCB","22-09-2026 22:00:00",25.251013,86.989001,SO2,15,27,22
India,Bihar,Bhagalpur,"DM Office_Kachari Chowk, Bhagalpur - BSPCB","22-09-2026 22:00:00",25.251013,86.989001,CO,28,30,29
India,Bihar,Begusarai,"Lohiyanagar, Begusarai - BSPCB","22-09-2026 22:00:00",25.42742023,86.13886079,NO2,5,13,9
India,Bihar,Patna,"Muradpur, Patna - BSPCB","22-09-2026 22:00:00",25.619651,85.147382,NO2,3,4,3
India,Chandigarh,Chandigarh,"Sector 22, Chandigarh - CPCC","22-09-2026 22:00:00",30.735567,76.775714,OZONE,16,49,28
India,Chhattisgarh,Bhilai,"Hathkhoj, Bhilai - CECB","22-09-2026 22:00:00",21.224231,81.40835,OZONE,12,28,20
India,Chhattisgarh,Bhilai,"Civic Center, Bhilai - Bhilai Steel Plant","22-09-2026 22:00:00",21.185571,81.343175,NH3,1,2,1
India,Chhattisgarh,Bhilai,"Civic Center, Bhilai - Bhilai Steel Plant","22-09-2026 22:00:00",21.185571,81.343175,SO2,8,12,10
India,Chhattisgarh,Bhilai,"Civic Center, Bhilai - Bhilai Steel Plant","22-09-2026 22:00:00",21.185571,81.343175,CO,20,28,24
India,Chhattisgarh,Bhilai,"32Bungalows, Bhilai - CECB","22-09-2026 22:00:00",21.194815,81.31477,PM2.5,11,31,20
India,Chhattisgarh,Bilaspur,"Mangala, Bilaspur - NTPC","22-09-2026 22:00:00",22.08815,82.13737,PM10,NA,NA,NA
India,Chhattisgarh,Bilaspur,"Mangala, Bilaspur - NTPC","22-09-2026 22:00:00",22.08815,82.13737,SO2,NA,NA,NA
India,Chhattisgarh,Chhal,"Nawapara SECL Colony, Chhal - CECB","22-09-2026 22:00:00",22.118125,83.140608,PM2.5,10,95,30
India,Chhattisgarh,Raipur,"Siltara Phase-II, Raipur - CECB","22-09-2026 22:00:00",21.371751,81.664929,NO2,12,36,21
India,Chhattisgarh,Raipur,"Siltara Phase-II, Raipur - CECB","22-09-2026 22:00:00",21.371751,81.664929,SO2,1,12,4
India,Chhattisgarh,Raipur,"Siltara Phase-II, Raipur - CECB","22-09-2026 22:00:00",21.371751,81.664929,OZONE,3,19,12
India,Chhattisgarh,Tumidih,"OP Jindal Industrial Park, Tumidih - CECB","22-09-2026 22:00:00",22.06631475,83.33820077,PM10,11,32,17
India,Chhattisgarh,Tumidih,"OP Jindal Industrial Park, Tumidih - CECB","22-09-2026 22:00:00",22.06631475,83.33820077,NH3,1,2,2
India,Chhattisgarh,Tumidih,"OP Jindal Industrial Park, Tumidih - CECB","22-09-2026 22:00:00",22.06631475,83.33820077,CO,14,23,17
India,Delhi,Delhi,"Wazirpur, Delhi - DPCC","22-09-2026 22:00:00",28.699793,77.165453,PM2.5,67,312,189
India,Delhi,Delhi,"Wazirpur, Delhi - DPCC","22-09-2026 22:00:00",28.699793,77.165453,NH3,6,20,13
India,Delhi,Delhi,"Wazirpur, Delhi - DPCC","22-09-2026 22:00:00",28.699793,77.165453,OZONE,9,12,10
India,Delhi,Delhi,"Narela, Delhi - DPCC","22-09-2026 22:00:00",28.822836,77.101981,PM10,137,319,186
India,Delhi,Delhi,"Cantonment Area, Delhi - DPCC","22-09-2026 22:00:00",28.594169,77.1251,NO2,8,33,16
India,Delhi,Delhi,"Cantonment Area, Delhi - DPCC","22-09-2026 22:00:00",28.594169,77.1251,NH3,2,3,2
India,Chhattisgarh,Raipur,"Bhatagaon New ISBT, Raipur - CECB","22-09-2026 22:00:00",21.219665,81.630094,PM2.5,11,19,15
India,Chhattisgarh,Raipur,"AIIMS, Raipur - CECB","22-09-2026 22:00:00",21.258815,81.578979,PM2.5,5,93,50
India,Chhattisgarh,Raipur,"AIIMS, Raipur - CECB","22-09-2026 22:00:00",21.258815,81.578979,PM10,29,151,69
India,Chhattisgarh,Raipur,"AIIMS, Raipur - CECB","22-09-2026 22:00:00",21.258815,81.578979,NO2,3,17,9
India,Chhattisgarh,Kunjemura,"OP Jindal School, Kunjemura - CECB","22-09-2026 22:00:00",22.12665,83.483212,OZONE,4,4,4
India,Chhattisgarh,Raipur,"Krishak Nagar, Raipur - CECB","22-09-2026 22:00:00",21.237755,81.705301,PM2.5,34,70,55
India,Chhattisgarh,Raipur,"Krishak Nagar, Raipur - CECB","22-09-2026 22:00:00",21.237755,81.705301,OZONE,5,20,9
India,Bihar,Sasaram,"Dada Peer, Sasaram - BSPCB","22-09-2026 22:00:00",24.952822,84.002396,PM2.5,3,31,15
India,Bihar,Siwan,"Chitragupta Nagar, Siwan - BSPCB","22-09-2026 22:00:00",26.2271665,84.3570427,PM2.5,17,190,46
India,Bihar,Siwan,"Chitragupta Nagar, Siwan - BSPCB","22-09-2026 22:00:00",26.2271665,84.3570427,PM10,32,129,55
India,Delhi,Delhi,"Sonia Vihar, Delhi - DPCC","22-09-2026 22:00:00",28.710508,77.249485,NO2,2,30,17
India,Delhi,Delhi,"Bawana, Delhi - DPCC","22-09-2026 22:00:00",28.7762,77.051074,NO2,8,45,19
India,Chandigarh,Chandigarh,"Sector 22, Chandigarh - CPCC","22-09-2026 22:00:00",30.735567,76.775714,PM10,21,63,35
India,Chandigarh,Chandigarh,"Sector 22, Chandigarh - CPCC","22-09-2026 22:00:00",30.735567,76.775714,NH3,13,31,23
India,Bihar,Siwan,"Chitragupta Nagar, Siwan - BSPCB","22-09-2026 22:00:00",26.2271665,84.3570427,NH3,1,1,1
India,Delhi,Delhi,"Chandni Chowk, Delhi - IITM","22-09-2026 22:00:00",28.656756,77.227234,CO,73,96,81
India,Delhi,Delhi,"Pusa, Delhi - IITM","22-09-2026 22:00:00",28.63611,77.173332,PM10,94,184,139
India,Delhi,Delhi,"IIT Delhi, Delhi - IITM","22-09-2026 22:00:00",28.54246,77.191651,NO2,14,56,33
India,Delhi,Delhi,"IIT Delhi, Delhi - IITM","22-09-2026 22:00:00",28.54246,77.191651,NH3,NA,NA,NA
India,Delhi,Delhi,"IIT Delhi, Delhi - IITM","22-09-2026 22:00:00",28.54246,77.191651,SO2,NA,NA,NA
India,Delhi,Delhi,"IGI Airport (T3), Delhi - IITM","22-09-2026 22:00:00",28.5627763,77.1180053,PM2.5,34,179,89
India,Delhi,Delhi,"IGI Airport (T3), Delhi - IITM","22-09-2026 22:00:00",28.5627763,77.1180053,SO2,NA,NA,NA
India,Delhi,Delhi,"IGNOU_Maidan Garhi, Delhi - DPCC","22-09-2026 22:00:00",28.493624,77.201159,NO2,20,67,40
India,Delhi,Delhi,"Talkatora Garden, Delhi - DPCC","22-09-2026 22:00:00",28.62181,77.1944633,PM2.5,70,198,136
India,Delhi,Delhi,"Talkatora Garden, Delhi - DPCC","22-09-2026 22:00:00",28.62181,77.1944633,OZONE,9,82,41
India,Delhi,Delhi,"IHBAS, Dilshad Garden, Delhi - CPCB","22-09-2026 22:00:00",28.6811736,77.3025234,SO2,6,21,12
India,Delhi,Delhi,"Sri Aurobindo Marg, Delhi - DPCC","22-09-2026 22:00:00",28.531346,77.190156,CO,30,50,39
India,Delhi,Delhi,"Nehru Nagar, Delhi - DPCC","22-09-2026 22:00:00",28.56789,77.250515,PM2.5,97,341,197
India,Delhi,Delhi,"Nehru Nagar, Delhi - DPCC","22-09-2026 22:00:00",28.56789,77.250515,NH3,6,13,8
India,Delhi,Delhi,"Nehru Nagar, Delhi - DPCC","22-09-2026 22:00:00",28.56789,77.250515,SO2,6,108,13
India,Delhi,Delhi,"Patparganj, Delhi - DPCC","22-09-2026 22:00:00",28.623763,77.287209,OZONE,17,64,42
India,Delhi,Delhi,"Jawaharlal Nehru Stadium, Delhi - DPCC","22-09-2026 22:00:00",28.58028,77.233829,PM10,112,181,144
India,Delhi,Delhi,"Jawaharlal Nehru Stadium, Delhi - DPCC","22-09-2026 22:00:00",28.58028,77.233829,NH3,7,8,8
India,Delhi,Delhi,"Jawaharlal Nehru Stadium, Delhi - DPCC","22-09-2026 22:00:00",28.58028,77.233829,OZONE,5,56,28
India,Delhi,Delhi,"NSUT Jaffarpur, Delhi - DPCC","22-09-2026 22:00:00",28.594004,76.909423,PM10,109,189,140
India,Delhi,Delhi,"Ashok Vihar, Delhi - DPCC","22-09-2026 22:00:00",28.695381,77.181665,PM2.5,78,290,153
India,Delhi,Delhi,"Ashok Vihar, Delhi - DPCC","22-09-2026 22:00:00",28.695381,77.181665,SO2,42,46,44
India,Delhi,Delhi,"Anand Vihar, Delhi - DPCC","22-09-2026 22:00:00",28.647622,77.315809,PM2.5,45,366,216
India,Delhi,Delhi,"Anand Vihar, Delhi - DPCC","22-09-2026 22:00:00",28.647622,77.315809,NH3,2,3,3
India,Delhi,Delhi,"Anand Vihar, Delhi - DPCC","22-09-2026 22:00:00",28.647622,77.315809,SO2,22,51,32
India,Delhi,Delhi,"Anand Vihar, Delhi - DPCC","22-09-2026 22:00:00",28.647622,77.315809,CO,83,102,89
India,Delhi,Delhi,"Anand Vihar, Delhi - DPCC","22-09-2026 22:00:00",28.647622,77.315809,OZONE,1,47,28
India,Delhi,Delhi,"Punjabi Bagh, Delhi - DPCC","22-09-2026 22:00:00",28.674045,77.131023,PM2.5,NA,NA,NA
India,Delhi,Delhi,"Punjabi Bagh, Delhi - DPCC","22-09-2026 22:00:00",28.674045,77.131023,NO2,NA,NA,NA
India,Delhi,Delhi,"DTU, Delhi - CPCB","22-09-2026 22:00:00",28.7500499,77.1112615,PM2.5,80,260,165
India,Delhi,Delhi,"Dwarka-Sector 8, Delhi - DPCC ","22-09-2026 22:00:00",28.5710274,77.0719006,PM2.5,68,270,140
India,Delhi,Delhi,"Dwarka-Sector 8, Delhi - DPCC ","22-09-2026 22:00:00",28.5710274,77.0719006,CO,14,32,20
India,Delhi,Delhi,"Dr. Karni Singh Shooting Range, Delhi - DPCC","22-09-2026 22:00:00",28.498571,77.26484,NO2,14,73,40
India,Delhi,Delhi,"Vivek Vihar, Delhi - DPCC","22-09-2026 22:00:00",28.672342,77.31526,SO2,7,66,12
India,Delhi,Delhi,"Jahangirpuri, Delhi - DPCC","22-09-2026 22:00:00",28.73282,77.170633,NO2,18,66,36
India,Delhi,Delhi,"Jahangirpuri, Delhi - DPCC","22-09-2026 22:00:00",28.73282,77.170633,NH3,10,12,11
India,Delhi,Delhi,"IHBAS, Dilshad Garden, Delhi - CPCB","22-09-2026 22:00:00",28.6811736,77.3025234,PM10,NA,NA,NA
India,Delhi,Delhi,"Chandni Chowk, Delhi - IITM","22-09-2026 22:00:00",28.656756,77.227234,NO2,38,74,55
India,Delhi,Delhi,"Sirifort, Delhi - CPCB","22-09-2026 22:00:00",28.5504249,77.2159377,OZONE,12,20,15
India,Delhi,Delhi,"Najafgarh, Delhi - DPCC","22-09-2026 22:00:00",28.570173,76.933762,OZONE,12,49,33
India,Delhi,Delhi,"Pusa, Delhi - DPCC","22-09-2026 22:00:00",28.639652,77.146275,CO,63,106,87
India,Gujarat,Ahmedabad,"Raikhad, Ahmedabad - IITM","22-09-2026 22:00:00",23.020509,72.579261,OZONE,3,10,7
India,Gujarat,Ahmedabad,"Maninagar, Ahmedabad - GPCB","22-09-2026 22:00:00",23.002657,72.591912,PM10,62,288,141
India,Gujarat,Ahmedabad,"Maninagar, Ahmedabad - GPCB","22-09-2026 22:00:00",23.002657,72.591912,SO2,13,78,34
India,Gujarat,Ahmedabad,"SAC ISRO Bopal, Ahmedabad - IITM","22-09-2026 22:00:00",23.041137,72.456691,PM2.5,35,334,110
India,Gujarat,Ahmedabad,"SAC ISRO Bopal, Ahmedabad - IITM","22-09-2026 22:00:00",23.041137,72.456691,NH3,2,4,3
India,Gujarat,Ankleshwar,"GIDC, Ankleshwar - GPCB","22-09-2026 22:00:00",21.613267,73.010555,NH3,5,7,6
India,Gujarat,Bhavnagar,"Vidhyanagar, Bhavnagar - Nexteng Enviro","22-09-2026 22:00:00",21.755417,72.139056,PM10,44,80,68
India,Gujarat,Gandhinagar,"Sector-10, Gandhinagar - GPCB","22-09-2026 22:00:00",23.221714,72.654328,PM2.5,54,155,83
India,Gujarat,Gandhinagar,"Sector-10, Gandhinagar - GPCB","22-09-2026 22:00:00",23.221714,72.654328,PM10,34,368,96
India,Delhi,Delhi,"Alipur, Delhi - DPCC","22-09-2026 22:00:00",28.815329,77.15301,SO2,8,13,10
India,Delhi,Delhi,"Alipur, Delhi - DPCC","22-09-2026 22:00:00",28.815329,77.15301,CO,23,48,30
India,Gujarat,Ahmedabad,"Rakhial, Ahmedabad - IITM","22-09-2026 22:00:00",23.016834,72.625775,NO2,44,294,132
India,Gujarat,Ahmedabad,"SAC ISRO Satellite, Ahmedabad - IITM","22-09-2026 22:00:00",23.023389,72.515201,NH3,1,2,2
India,Gujarat,Nandesari,"GIDC, Nandesari - Nandesari Ind. Association","22-09-2026 22:00:00",22.410802,73.097923,PM10,40,117,82
India,Gujarat,Rajkot,"Mavdi, Rajkot - Nexteng Enviro ","22-09-2026 22:00:00",22.248853,70.776774,PM2.5,56,116,78
India,Gujarat,Rajkot,"Mavdi, Rajkot - Nexteng Enviro ","22-09-2026 22:00:00",22.248853,70.776774,PM10,61,151,96
India,Gujarat,Rajkot,"Mavdi, Rajkot - Nexteng Enviro ","22-09-2026 22:00:00",22.248853,70.776774,NH3,0,1,1
India,Delhi,Delhi,"CRRI Mathura Road, Delhi - IITM","22-09-2026 22:00:00",28.5512005,77.2735737,PM2.5,87,242,157
India,Delhi,Delhi,"CRRI Mathura Road, Delhi - IITM","22-09-2026 22:00:00",28.5512005,77.2735737,NH3,NA,NA,NA
India,Delhi,Delhi,"CRRI Mathura Road, Delhi - IITM","22-09-2026 22:00:00",28.5512005,77.2735737,SO2,NA,NA,NA
India,Delhi,Delhi,"R K Puram, Delhi - DPCC","22-09-2026 22:00:00",28.563262,77.186937,PM2.5,68,297,165
India,Gujarat,Ahmedabad,"Gyaspur, Ahmedabad - IITM","22-09-2026 22:00:00",22.977134,72.553024,SO2,0,43,13
India,Gujarat,Ahmedabad,"Gyaspur, Ahmedabad - IITM","22-09-2026 22:00:00",22.977134,72.553024,CO,13,28,21
India,Gujarat,Ahmedabad,"SVPI Airport Hansol, Ahmedabad - IITM","22-09-2026 22:00:00",23.076793,72.627874,NH3,1,26,8
India,Delhi,Delhi,"NSIT Dwarka, Delhi - CPCB","22-09-2026 22:00:00",28.60909,77.0325413,CO,18,35,29
India,Delhi,Delhi,"Aya Nagar, Delhi - IITM","22-09-2026 22:00:00",28.4706914,77.1099364,NH3,NA,NA,NA
India,Delhi,Delhi,"North Campus, DU, Delhi - IITM","22-09-2026 22:00:00",28.6573814,77.1585447,SO2,NA,NA,NA
India,Delhi,Delhi,"Alipur, Delhi - DPCC","22-09-2026 22:00:00",28.815329,77.15301,NO2,38,95,61
India,Gujarat,Gandhinagar,"IIPHG Lekawada, Gandhinagar - IITM","22-09-2026 22:00:00",23.243639,72.68994,NO2,8,31,16
India,Delhi,Delhi,"NSIT Dwarka, Delhi - CPCB","22-09-2026 22:00:00",28.60909,77.0325413,PM2.5,20,68,32
India,Haryana,Fatehabad,"Huda Sector, Fatehabad - HSPCB","22-09-2026 22:00:00",29.503664,75.467934,SO2,20,28,24
India,Haryana,Gurugram,"NISE Gwal Pahari, Gurugram - IITM","22-09-2026 22:00:00",28.422681,77.148944,PM2.5,104,267,180
India,Haryana,Gurugram,"NISE Gwal Pahari, Gurugram - IITM","22-09-2026 22:00:00",28.422681,77.148944,SO2,NA,NA,NA
India,Haryana,Gurugram,"Sector-51, Gurugram - HSPCB","22-09-2026 22:00:00",28.4227,77.0667,NH3,6,14,9
India,Haryana,Gurugram,"Sector-51, Gurugram - HSPCB","22-09-2026 22:00:00",28.4227,77.0667,OZONE,16,65,33
India,Haryana,Gurugram,"Vikas Sadan, Gurugram - HSPCB","22-09-2026 22:00:00",28.4501238,77.0263051,NO2,2,17,7
India,Gujarat,Rajkot,"Mavdi, Rajkot - Nexteng Enviro ","22-09-2026 22:00:00",22.248853,70.776774,CO,30,35,32
India,Gujarat,Rajkot,"Mavdi, Rajkot - Nexteng Enviro ","22-09-2026 22:00:00",22.248853,70.776774,OZONE,15,28,21
India,Gujarat,Surat,"Science Center, Surat - SMC","22-09-2026 22:00:00",21.170046,72.795405,PM2.5,27,123,66
India,Gujarat,Surat,"Science Center, Surat - SMC","22-09-2026 22:00:00",21.170046,72.795405,NH3,NA,NA,NA
India,Gujarat,Surat,"Katargam, Surat - Nexteng Enviro","22-09-2026 22:00:00",21.217779,72.834787,PM10,55,222,92
India,Gujarat,Vadodara,"Bapunagar, Vadodara - Nexteng Enviro","22-09-2026 22:00:00",22.320153,73.216285,SO2,8,11,9
India,Haryana,Gurugram,"Teri Gram, Gurugram - HSPCB","22-09-2026 22:00:00",28.4275,77.1465,NO2,24,77,46
India,Haryana,Gurugram,"Teri Gram, Gurugram - HSPCB","22-09-2026 22:00:00",28.4275,77.1465,NH3,9,20,13
India,Haryana,Gurugram,"Teri Gram, Gurugram - HSPCB","22-09-2026 22:00:00",28.4275,77.1465,CO,12,21,17
India,Haryana,Hisar,"Urban Estate-II, Hisar - HSPCB","22-09-2026 22:00:00",29.14056,75.744941,PM10,81,112,99
India,Haryana,Jind,"Police Lines, Jind - HSPCB","22-09-2026 22:00:00",29.307814,76.337619,CO,4,8,5
India,Haryana,Kaithal,"Rishi Nagar, Kaithal - HSPCB","22-09-2026 22:00:00",29.8006,76.4155,NO2,20,25,22
India,Haryana,Dharuhera,"Municipal Corporation Office, Dharuhera -  HSPCB","22-09-2026 22:00:00",28.2068,76.7997,PM10,70,140,104
India,Haryana,Dharuhera,"Municipal Corporation Office, Dharuhera -  HSPCB","22-09-2026 22:00:00",28.2068,76.7997,NH3,4,9,7
India,Haryana,Faridabad,"Sector 30, Faridabad - HSPCB","22-09-2026 22:00:00",28.4417,77.3217,PM10,88,144,103
India,Haryana,Faridabad,"Sector 30, Faridabad - HSPCB","22-09-2026 22:00:00",28.4417,77.3217,OZONE,14,16,16
India,Haryana,Faridabad,"Sector 11, Faridabad - HSPCB","22-09-2026 22:00:00",28.376058,77.315741,NH3,6,6,6
India,Gujarat,Vapi,"Phase-1 GIDC, Vapi - GPCB","22-09-2026 22:00:00",20.362421,72.918013,OZONE,3,19,9
India,Haryana,Ambala,"Patti Mehar, Ambala - HSPCB","22-09-2026 22:00:00",30.379589,76.778328,PM2.5,59,141,87
India,Haryana,Ambala,"Patti Mehar, Ambala - HSPCB","22-09-2026 22:00:00",30.379589,76.778328,NO2,5,7,6
India,Haryana,Bhiwani,"H.B. Colony, Bhiwani - HSPCB","22-09-2026 22:00:00",28.806223,76.141105,PM2.5,NA,NA,NA
India,Haryana,Bhiwani,"H.B. Colony, Bhiwani - HSPCB","22-09-2026 22:00:00",28.806223,76.141105,PM10,NA,NA,NA
India,Haryana,Bhiwani,"H.B. Colony, Bhiwani - HSPCB","22-09-2026 22:00:00",28.806223,76.141105,SO2,NA,NA,NA
India,Haryana,Bhiwani,"H.B. Colony, Bhiwani - HSPCB","22-09-2026 22:00:00",28.806223,76.141105,CO,47,48,48
India,Haryana,Mandikhera,"General Hospital, Mandikhera(Nuh) - HSPCB","22-09-2026 22:00:00",27.9002,76.9938,PM10,41,82,53
India,Haryana,Faridabad,"New Industrial Town, Faridabad - HSPCB","22-09-2026 22:00:00",28.39072,77.30059,OZONE,NA,NA,NA
India,Haryana,Karnal,"Sector-12, Karnal - HSPCB","22-09-2026 22:00:00",29.6953,77.0027,PM10,23,110,44
India,Haryana,Rohtak,"MD University, Rohtak - HSPCB","22-09-2026 22:00:00",28.52123,76.37138,CO,30,37,35
India,Haryana,Sirsa,"F-Block, Sirsa - HSPCB","22-09-2026 22:00:00",29.5364,75.0158,NH3,13,14,14
India,Haryana,Sonipat,"Murthal, Sonipat - HSPCB","22-09-2026 22:00:00",29.0272,77.0621,PM10,63,99,79
India,Haryana,Sonipat,"Murthal, Sonipat - HSPCB","22-09-2026 22:00:00",29.0272,77.0621,NO2,6,8,7
India,Haryana,Sonipat,"Murthal, Sonipat - HSPCB","22-09-2026 22:00:00",29.0272,77.0621,CO,17,48,34
India,Haryana,"Yamuna Nagar","Gobind Pura, Yamuna Nagar - HSPCB","22-09-2026 22:00:00",30.1480566,77.2893471,PM2.5,116,239,172
India,Haryana,"Yamuna Nagar","Gobind Pura, Yamuna Nagar - HSPCB","22-09-2026 22:00:00",30.1480566,77.2893471,CO,48,53,50
India,"Himachal Pradesh",Baddi,"HIMUDA Complex Phase-1, Baddi - HPPCB","22-09-2026 22:00:00",30.943887,76.801991,PM2.5,23,290,86
India,"Himachal Pradesh",Baddi,"HIMUDA Complex Phase-1, Baddi - HPPCB","22-09-2026 22:00:00",30.943887,76.801991,PM10,32,222,97
India,"Jammu and Kashmir",Srinagar,"Rajbagh, Srinagar - JKPCC","22-09-2026 22:00:00",34.066206,74.81982,OZONE,0,1,1
India,Jharkhand,Dhanbad,"Sardar Patel Nagar, Dhanbad - JSPCB","22-09-2026 22:00:00",23.80569,86.44268,NO2,94,192,102
India,Jharkhand,Dhanbad,"Sardar Patel Nagar, Dhanbad - JSPCB","22-09-2026 22:00:00",23.80569,86.44268,NH3,NA,NA,NA
India,Karnataka,Belgaum,"Ramteerth Nagar, Belgaum - KSPCB","22-09-2026 22:00:00",15.888653,74.541751,PM10,NA,NA,NA
India,Karnataka,Bengaluru,"Hebbal, Bengaluru - KSPCB","22-09-2026 22:00:00",13.029152,77.585901,PM2.5,12,46,26
India,Karnataka,Bengaluru,"Hebbal, Bengaluru - KSPCB","22-09-2026 22:00:00",13.029152,77.585901,SO2,3,6,4
India,Karnataka,Bengaluru,"Hombegowda Nagar, Bengaluru - KSPCB","22-09-2026 22:00:00",12.938539,77.5901,NO2,7,29,14
India,Karnataka,Bengaluru,"Hombegowda Nagar, Bengaluru - KSPCB","22-09-2026 22:00:00",12.938539,77.5901,SO2,3,10,6
India,Karnataka,Bengaluru,"Peenya, Bengaluru - CPCB","22-09-2026 22:00:00",13.0270199,77.494094,PM10,NA,NA,NA
India,Karnataka,Bengaluru,"Peenya, Bengaluru - CPCB","22-09-2026 22:00:00",13.0270199,77.494094,NH3,3,5,5
India,Karnataka,Bengaluru,"Jayanagar 5th Block, Bengaluru - KSPCB","22-09-2026 22:00:00",12.920984,77.584908,PM10,18,73,43
India,Karnataka,Bengaluru,"Jayanagar 5th Block, Bengaluru - KSPCB","22-09-2026 22:00:00",12.920984,77.584908,NO2,9,18,12
India,Karnataka,Bengaluru,"Jayanagar 5th Block, Bengaluru - KSPCB","22-09-2026 22:00:00",12.920984,77.584908,CO,10,31,18
India,Karnataka,Bengaluru,"City Railway Station, Bengaluru - KSPCB","22-09-2026 22:00:00",12.9756843,77.5660749,PM2.5,NA,NA,NA
India,Karnataka,Bengaluru,"City Railway Station, Bengaluru - KSPCB","22-09-2026 22:00:00",12.9756843,77.5660749,NH3,NA,NA,NA
India,Karnataka,Bengaluru,"Bapuji Nagar, Bengaluru - KSPCB","22-09-2026 22:00:00",12.951913,77.539784,SO2,12,32,24
India,Karnataka,Bengaluru,"Bapuji Nagar, Bengaluru - KSPCB","22-09-2026 22:00:00",12.951913,77.539784,CO,25,37,31
India,Karnataka,Bengaluru,"BTM Layout, Bengaluru - CPCB","22-09-2026 22:00:00",12.9135218,77.5950804,PM10,33,394,71
India,Haryana,Panchgaon,"Amity University, Panchgaon - IITM","22-09-2026 22:00:00",28.3153,76.9143,PM10,4,42,15
India,Haryana,Panchkula,"Sector-6, Panchkula - HSPCB ","22-09-2026 22:00:00",30.7057778,76.8531805555555,PM2.5,NA,NA,NA
India,Haryana,Panchkula,"Sector-6, Panchkula - HSPCB ","22-09-2026 22:00:00",30.7057778,76.8531805555555,PM10,NA,NA,NA
India,Haryana,Narnaul,"Shastri Nagar, Narnaul - HSPCB","22-09-2026 22:00:00",28.060249,76.113115,PM10,78,147,113
India,Haryana,Narnaul,"Shastri Nagar, Narnaul - HSPCB","22-09-2026 22:00:00",28.060249,76.113115,SO2,3,4,4
India,Haryana,Narnaul,"Shastri Nagar, Narnaul - HSPCB","22-09-2026 22:00:00",28.060249,76.113115,CO,10,20,14
India,Karnataka,Bengaluru,"BTM Layout, Bengaluru - CPCB","22-09-2026 22:00:00",12.9135218,77.5950804,OZONE,21,22,21
India,Karnataka,Bengaluru,"Silk Board, Bengaluru - KSPCB","22-09-2026 22:00:00",12.917348,77.622813,SO2,15,22,18
India,Haryana,Panipat,"Sector-18, Panipat - HSPCB","22-09-2026 22:00:00",29.432304,76.972765,PM10,38,500,135
India,Haryana,Panipat,"Sector-18, Panipat - HSPCB","22-09-2026 22:00:00",29.432304,76.972765,CO,27,28,27
India,Karnataka,Chikkamagaluru,"Kalyana Nagara, Chikkamagaluru - KSPCB","22-09-2026 22:00:00",13.328028,75.797056,NO2,21,25,24
India,Karnataka,Mysuru,"Hebbal 1st Stage, Mysuru - KSPCB","22-09-2026 22:00:00",12.21041,76.37376,NO2,5,26,18
India,Karnataka,Mysuru,"Hebbal 1st Stage, Mysuru - KSPCB","22-09-2026 22:00:00",12.21041,76.37376,NH3,1,6,4
India,Karnataka,Shivamogga,"Vinoba Nagara, Shivamogga - KSPCB","22-09-2026 22:00:00",13.94,75.555917,CO,23,29,25
India,Karnataka,Udupi,"Brahmagiri, Udupi - KSPCB","22-09-2026 22:00:00",13.34194444,74.74694444,SO2,4,12,8
India,Kerala,Eloor,"Udyogamandal, Eloor - Kerala PCB","22-09-2026 22:00:00",10.073232,76.302765,NO2,6,7,6
India,Karnataka,Dharwad,"Kalabhavan, Dharwad - KSPCB","22-09-2026 22:00:00",15.459706,75.008381,OZONE,24,29,26
India,Karnataka,Hubballi,"Lingaraj Nagar, Hubballi - KSPCB","22-09-2026 22:00:00",15.3714823,75.1160168,PM2.5,40,49,43
India,Karnataka,Hubballi,"Lingaraj Nagar, Hubballi - KSPCB","22-09-2026 22:00:00",15.3714823,75.1160168,PM10,54,64,56
India,Karnataka,Kalaburagi,"Mahatma Basaveswar Colony, Kalaburgi - KSPCB","22-09-2026 22:00:00",17.336318,76.847397,PM2.5,11,43,20
India,Karnataka,Kalaburagi,"Mahatma Basaveswar Colony, Kalaburgi - KSPCB","22-09-2026 22:00:00",17.336318,76.847397,PM10,15,59,29
India,Kerala,Kannur,"Thavakkara, Kannur - Kerala PCB","22-09-2026 22:00:00",11.875,75.3732,NO2,NA,NA,NA
India,Kerala,Kannur,"Thavakkara, Kannur - Kerala PCB","22-09-2026 22:00:00",11.875,75.3732,NH3,NA,NA,NA
India,Kerala,Thiruvananthapuram,"Plammoodu, Thiruvananthapuram - Kerala PCB","22-09-2026 22:00:00",8.5149093,76.9435879,PM2.5,5,26,15
India,Kerala,Thiruvananthapuram,"Plammoodu, Thiruvananthapuram - Kerala PCB","22-09-2026 22:00:00",8.5149093,76.9435879,PM10,8,39,23
India,Karnataka,Kolar,"Tamaka Ind. Area, Kolar - KSPCB","22-09-2026 22:00:00",13.1276288,78.1570122,OZONE,18,26,22
India,Karnataka,Madikeri,"Stuart Hill, Madikeri - KSPCB","22-09-2026 22:00:00",12.415911,75.73505,PM2.5,12,33,20
India,Karnataka,Madikeri,"Stuart Hill, Madikeri - KSPCB","22-09-2026 22:00:00",12.415911,75.73505,NO2,2,3,2
India,Kerala,Thiruvananthapuram,"Kariavattom, Thiruvananthapuram - Kerala PCB","22-09-2026 22:00:00",8.5637,76.8865,OZONE,30,31,31
India,Kerala,Thrissur,"Corporation Ground, Thrissur - Kerala PCB","22-09-2026 22:00:00",10.5324,76.2159,PM2.5,49,60,53
India,Kerala,Thiruvananthapuram,"Kariavattom, Thiruvananthapuram - Kerala PCB","22-09-2026 22:00:00",8.5637,76.8865,PM10,33,284,69
India,Karnataka,Chikkamagaluru,"Kalyana Nagara, Chikkamagaluru - KSPCB","22-09-2026 22:00:00",13.328028,75.797056,CO,13,54,34
India,Karnataka,Mysuru,"Hebbal 1st Stage, Mysuru - KSPCB","22-09-2026 22:00:00",12.21041,76.37376,PM2.5,16,112,34
India,Karnataka,Mangalore,"Kadri, Mangalore - KSPCB","22-09-2026 22:00:00",12.88925,74.853,NO2,2,7,4
India,"Madhya Pradesh",Mandideep,"Sector-D Industrial Area, Mandideep - MPPCB","22-09-2026 22:00:00",23.10844,77.511428,NO2,58,107,81
India,"Madhya Pradesh",Mandideep,"Sector-D Industrial Area, Mandideep - MPPCB","22-09-2026 22:00:00",23.10844,77.511428,NH3,1,3,2
India,"Madhya Pradesh",Pithampur,"Sector-2 Industrial Area, Pithampur - MPPCB","22-09-2026 22:00:00",22.624758,75.675238,OZONE,54,69,61
India,"Madhya Pradesh",Ratlam,"Shasthri Nagar, Ratlam - IPCA Lab","22-09-2026 22:00:00",23.331731,75.045981,SO2,10,12,11
India,"Madhya Pradesh",Sagar,"Civil Lines, Sagar - MPPCB","22-09-2026 22:00:00",23.838586,78.759431,PM10,47,124,74
India,"Madhya Pradesh",Sagar,"Civil Lines, Sagar - MPPCB","22-09-2026 22:00:00",23.838586,78.759431,NH3,2,2,2
India,"Madhya Pradesh",Satna,"Bandhavgar Colony, Satna - Birla Cement","22-09-2026 22:00:00",24.58434363,80.8549414,OZONE,40,61,57
India,"Madhya Pradesh",Ujjain,"Mahashweta Nagar, Ujjain - MPPCB","22-09-2026 22:00:00",23.1633321,75.800225,NH3,2,14,9
India,"Madhya Pradesh",Ujjain,"Mahashweta Nagar, Ujjain - MPPCB","22-09-2026 22:00:00",23.1633321,75.800225,SO2,2,6,4
India,"Madhya Pradesh",Jabalpur,"Marhatal, Jabalpur - MPPCB","22-09-2026 22:00:00",23.168606,79.932247,PM10,12,33,22
India,"Madhya Pradesh",Jabalpur,"Govindh Bhavan Colony, Jabalpur - JMC","22-09-2026 22:00:00",23.163174,79.973061,NO2,8,14,11
India,"Madhya Pradesh",Jabalpur,"Govindh Bhavan Colony, Jabalpur - JMC","22-09-2026 22:00:00",23.163174,79.973061,NH3,1,6,4
India,"Madhya Pradesh",Jabalpur,"Govindh Bhavan Colony, Jabalpur - JMC","22-09-2026 22:00:00",23.163174,79.973061,OZONE,26,57,41
India,"Madhya Pradesh",Jabalpur,"Suhagi, Jabalpur - JMC","22-09-2026 22:00:00",23.218135,79.95777,NO2,41,79,52
India,"Madhya Pradesh",Jabalpur,"Suhagi, Jabalpur - JMC","22-09-2026 22:00:00",23.218135,79.95777,OZONE,8,41,24
India,"Madhya Pradesh",Jabalpur,"Gupteshwar, Jabalpur - JMC","22-09-2026 22:00:00",23.142888,79.916147,NO2,15,24,17
India,"Madhya Pradesh",Jabalpur,"Gupteshwar, Jabalpur - JMC","22-09-2026 22:00:00",23.142888,79.916147,CO,25,27,26
India,"Madhya Pradesh",Katni,"Gole Bazar, Katni - MPPCB","22-09-2026 22:00:00",23.50016,80.23284,PM2.5,32,138,53
India,"Madhya Pradesh",Katni,"Gole Bazar, Katni - MPPCB","22-09-2026 22:00:00",23.50016,80.23284,PM10,42,101,65
India,"Madhya Pradesh",Katni,"Gole Bazar, Katni - MPPCB","22-09-2026 22:00:00",23.50016,80.23284,NH3,1,2,1
India,"Madhya Pradesh",Gwalior,"City Center, Gwalior - MPPCB","22-09-2026 22:00:00",26.203442,78.193251,PM10,61,90,75
India,"Madhya Pradesh",Gwalior,"City Center, Gwalior - MPPCB","22-09-2026 22:00:00",26.203442,78.193251,CO,44,88,64
India,"Madhya Pradesh",Gwalior,"Deen Dayal Nagar, Gwalior - MPPCB","22-09-2026 22:00:00",26.259242,78.216432,CO,51,70,58
India,"Madhya Pradesh",Indore,"Regional Park, Indore - IMC","22-09-2026 22:00:00",22.678,75.8559,PM2.5,4,69,28
India,"Madhya Pradesh",Indore,"Chhoti Gwaltoli, Indore - MPPCB","22-09-2026 22:00:00",22.431,75.5213,PM2.5,32,123,54
India,"Madhya Pradesh",Indore,"Chhoti Gwaltoli, Indore - MPPCB","22-09-2026 22:00:00",22.431,75.5213,PM10,41,125,65
India,"Madhya Pradesh",Indore,"Chhoti Gwaltoli, Indore - MPPCB","22-09-2026 22:00:00",22.431,75.5213,OZONE,55,73,64
India,"Madhya Pradesh",Indore,"Airport Area, Indore - IMC","22-09-2026 22:00:00",22.7289,75.8076,PM10,2,94,57
India,"Madhya Pradesh",Indore,"Residency Area, Indore - IMC","22-09-2026 22:00:00",22.7084,75.8815,OZONE,6,8,7
India,"Madhya Pradesh",Indore,"Maguda Nagar, Indore - IMC","22-09-2026 22:00:00",22.7524,75.8872,PM2.5,14,62,29
India,"Madhya Pradesh",Indore,"Maguda Nagar, Indore - IMC","22-09-2026 22:00:00",22.7524,75.8872,NO2,1,3,2
India,"Madhya Pradesh",Bhopal,"Idgah Hills, Bhopal - MPPCB","22-09-2026 22:00:00",23.264759,77.381568,PM2.5,32,63,43
India,"Madhya Pradesh",Bhopal,"Idgah Hills, Bhopal - MPPCB","22-09-2026 22:00:00",23.264759,77.381568,OZONE,41,51,46
India,"Madhya Pradesh",Bhopal,"T T Nagar, Bhopal - MPPCB","22-09-2026 22:00:00",23.233584,77.400574,PM2.5,37,66,48
India,"Madhya Pradesh",Bhopal,"T T Nagar, Bhopal - MPPCB","22-09-2026 22:00:00",23.233584,77.400574,CO,5,11,8
India,"Madhya Pradesh",Bhopal,"Paryavaran Parisar, Bhopal - MPPCB","22-09-2026 22:00:00",23.210494,77.425409,OZONE,27,36,31
India,"Madhya Pradesh",Gwalior,"Maharaj Bada, Gwalior - MPPCB","22-09-2026 22:00:00",26.200388,78.147714,NO2,15,59,41
India,"Madhya Pradesh",Indore,"Airport Area, Indore - IMC","22-09-2026 22:00:00",22.7289,75.8076,NO2,17,32,21
India,"Madhya Pradesh",Indore,"Maguda Nagar, Indore - IMC","22-09-2026 22:00:00",22.7524,75.8872,OZONE,11,12,11
India,Maharashtra,Kalyan,"Khadakpada, Kalyan - MPCB","22-09-2026 22:00:00",19.25292,73.142019,PM2.5,28,98,50
India,Maharashtra,Kalyan,"Khadakpada, Kalyan - MPCB","22-09-2026 22:00:00",19.25292,73.142019,PM10,28,98,50
India,Maharashtra,Kalyan,"Khadakpada, Kalyan - MPCB","22-09-2026 22:00:00",19.25292,73.142019,OZONE,8,8,8
India,Maharashtra,Kolhapur,"Shivaji University, Kolhapur - MPCB","22-09-2026 22:00:00",16.6870449,74.2505872,CO,9,19,14
India,Maharashtra,Kolhapur,"Sinchan Bhavan, Kolhapur - MPCB","22-09-2026 22:00:00",16.7143745,74.2426398,PM10,NA,NA,NA
India,Maharashtra,Kolhapur,"Sinchan Bhavan, Kolhapur - MPCB","22-09-2026 22:00:00",16.7143745,74.2426398,NO2,NA,NA,NA
India,Maharashtra,Kolhapur,"Sinchan Bhavan, Kolhapur - MPCB","22-09-2026 22:00:00",16.7143745,74.2426398,CO,12,19,15
India,Maharashtra,Kolhapur,"Sinchan Bhavan, Kolhapur - MPCB","22-09-2026 22:00:00",16.7143745,74.2426398,OZONE,20,36,29
India,Maharashtra,Latur,"Sawe Wadi, Latur - MPCB","22-09-2026 22:00:00",18.39963,76.57452,PM2.5,5,93,32
India,Maharashtra,Latur,"Sawe Wadi, Latur - MPCB","22-09-2026 22:00:00",18.39963,76.57452,PM10,14,67,37
India,Maharashtra,Latur,"Sawe Wadi, Latur - MPCB","22-09-2026 22:00:00",18.39963,76.57452,NO2,4,26,10
India,Maharashtra,Latur,"Sawe Wadi, Latur - MPCB","22-09-2026 22:00:00",18.39963,76.57452,SO2,0,7,3
India,Maharashtra,Mahad,"Kamble Tarf Birwadi, Mahad - MPCB","22-09-2026 22:00:00",18.1023399,73.4783687,PM2.5,13,53,33
India,Maharashtra,Mahad,"Kamble Tarf Birwadi, Mahad - MPCB","22-09-2026 22:00:00",18.1023399,73.4783687,SO2,3,11,6
India,Maharashtra,Malegaon,"Mahesh Nagar, Malegaon - MPCB","22-09-2026 22:00:00",20.555712,74.529236,PM10,58,124,106
India,Maharashtra,Malegaon,"Mahesh Nagar, Malegaon - MPCB","22-09-2026 22:00:00",20.555712,74.529236,CO,13,37,26
India,Maharashtra,Mira-Bhayandar,"Bhayandar West, Mira-Bhayandar - MPCB","22-09-2026 22:00:00",19.296481,72.840923,PM2.5,25,69,44
India,Maharashtra,Mira-Bhayandar,"Bhayandar West, Mira-Bhayandar - MPCB","22-09-2026 22:00:00",19.296481,72.840923,SO2,1,6,2
India,Maharashtra,Mumbai,"Bandra Kurla Complex, Mumbai - MPCB","22-09-2026 22:00:00",19.065931,72.862131,OZONE,6,31,25
India,Maharashtra,Mumbai,"Shivaji Nagar, Mumbai - BMC","22-09-2026 22:00:00",19.060498,72.923356,PM2.5,3,89,34
India,Maharashtra,Mumbai,"Shivaji Nagar, Mumbai - BMC","22-09-2026 22:00:00",19.060498,72.923356,NO2,15,43,23
India,Maharashtra,Mumbai,"Sewri, Mumbai - BMC","22-09-2026 22:00:00",19.000084,72.85673,NO2,24,87,42
India,Maharashtra,Mumbai,"Sewri, Mumbai - BMC","22-09-2026 22:00:00",19.000084,72.85673,NH3,3,13,6
India,Maharashtra,Mumbai,"Sewri, Mumbai - BMC","22-09-2026 22:00:00",19.000084,72.85673,SO2,2,6,4
India,Maharashtra,Mumbai,"Sewri, Mumbai - BMC","22-09-2026 22:00:00",19.000084,72.85673,CO,NA,NA,NA
India,Maharashtra,Mumbai,"Kandivali West, Mumbai - BMC","22-09-2026 22:00:00",19.215859,72.831718,NO2,8,43,22
India,Maharashtra,Mumbai,"Chakala-Andheri East, Mumbai - IITM","22-09-2026 22:00:00",19.11074,72.86084,PM10,23,102,68
India,Maharashtra,Amravati,"Shivneri Colony, Amravati - MPCB","22-09-2026 22:00:00",20.9402359,77.7895248,SO2,2,8,3
India,Maharashtra,Amravati,"Shivneri Colony, Amravati - MPCB","22-09-2026 22:00:00",20.9402359,77.7895248,CO,12,24,18
India,Maharashtra,Aurangabad,"MIDC Chilkalthana, Aurangabad - MPCB","22-09-2026 22:00:00",19.87562,75.38731,SO2,NA,NA,NA
India,Maharashtra,Aurangabad,"MIDC Chilkalthana, Aurangabad - MPCB","22-09-2026 22:00:00",19.87562,75.38731,OZONE,1,19,9
India,Maharashtra,Aurangabad,"Rachnakar Colony, Aurangabad - MPCB","22-09-2026 22:00:00",19.863756,75.321188,NO2,7,45,18
India,Maharashtra,Aurangabad,"Rachnakar Colony, Aurangabad - MPCB","22-09-2026 22:00:00",19.863756,75.321188,SO2,1,2,2
India,Maharashtra,Aurangabad,"More Chowk Waluj, Aurangabad - MPCB","22-09-2026 22:00:00",19.8389439,75.244448,SO2,0,8,2
India,Maharashtra,Badlapur,"Katrap, Badlapur - MPCB","22-09-2026 22:00:00",19.16485,73.23409,PM10,29,85,48
India,Maharashtra,Chandrapur,"MIDC Khutala, Chandrapur - MPCB","22-09-2026 22:00:00",19.9775302,79.2337086,CO,38,41,40
India,Maharashtra,Hingoli,"Ashta Vinayak Nagar, Hingoli - MPCB","22-09-2026 22:00:00",19.710842,77.151824,CO,21,36,26
India,Maharashtra,Jalna,"Old MIDC, Jalna - MPCB","22-09-2026 22:00:00",19.854616,75.905894,PM2.5,71,179,103
India,Maharashtra,Jalna,"Old MIDC, Jalna - MPCB","22-09-2026 22:00:00",19.854616,75.905894,NO2,13,24,19
India,Maharashtra,Kalyan,"Pimpleshwar Mandir, Kalyan - MPCB","22-09-2026 22:00:00",19.192056,72.9585188,NO2,9,18,14
India,Maharashtra,Mumbai,"Chhatrapati Shivaji Intl. Airport (T2), Mumbai - MPCB","22-09-2026 22:00:00",19.10078,72.87462,NO2,13,14,13
India,Maharashtra,Mumbai,"Chhatrapati Shivaji Intl. Airport (T2), Mumbai - MPCB","22-09-2026 22:00:00",19.10078,72.87462,CO,NA,NA,NA
India,Maharashtra,Mumbai,"Navy Nagar-Colaba, Mumbai - IITM","22-09-2026 22:00:00",18.897756,72.81332,CO,24,45,31
India,Maharashtra,Mumbai,"Mulund West, Mumbai - MPCB","22-09-2026 22:00:00",19.175,72.9419,PM2.5,27,107,54
India,Maharashtra,Mumbai,"Mulund West, Mumbai - MPCB","22-09-2026 22:00:00",19.175,72.9419,PM10,NA,NA,NA
India,Maharashtra,Mumbai,"Mulund West, Mumbai - MPCB","22-09-2026 22:00:00",19.175,72.9419,SO2,NA,NA,NA
India,Maharashtra,Mumbai,"Chakala-Andheri East, Mumbai - IITM","22-09-2026 22:00:00",19.11074,72.86084,CO,26,36,31
India,Maharashtra,Mumbai,"Kurla, Mumbai - MPCB","22-09-2026 22:00:00",19.0863,72.8888,PM2.5,6,100,46
India,Maharashtra,Mumbai,"Bandra Kurla Complex, Mumbai - IITM","22-09-2026 22:00:00",19.053536,72.84643,PM10,NA,NA,NA
India,Maharashtra,Mumbai,"Bandra Kurla Complex, Mumbai - IITM","22-09-2026 22:00:00",19.053536,72.84643,NO2,NA,NA,NA
India,Maharashtra,Mumbai,"Byculla, Mumbai - BMC","22-09-2026 22:00:00",18.9767,72.838,PM10,39,84,59
India,Maharashtra,Boisar,"Khaira, Boisar - MPCB","22-09-2026 22:00:00",19.786089,72.757971,CO,6,29,21
India,Maharashtra,Chandrapur,"Chauhan Colony, Chandrapur - MPCB","22-09-2026 22:00:00",19.9629,79.298714,NH3,0,2,2
India,Maharashtra,Chandrapur,"MIDC Khutala, Chandrapur - MPCB","22-09-2026 22:00:00",19.9775302,79.2337086,PM2.5,33,39,38
India,Maharashtra,Ahmednagar,"Tarakpur, Ahmednagar - MPCB","22-09-2026 22:00:00",19.10122,74.73339,NO2,8,25,16
India,Maharashtra,Ahmednagar,"Tarakpur, Ahmednagar - MPCB","22-09-2026 22:00:00",19.10122,74.73339,CO,7,20,13
India,Maharashtra,Ambernath,"Chinchpada, Ambernath - MPCB","22-09-2026 22:00:00",19.215784,73.199781,PM2.5,17,93,54
India,Maharashtra,Beed,"Bir, Beed - MPCB","22-09-2026 22:00:00",18.988474,75.753873,OZONE,25,39,31
India,Maharashtra,Nashik,"Gangapur Road, Nashik - MPCB","22-09-2026 22:00:00",20.0073285,73.7762427,PM10,26,144,46
India,Maharashtra,Nashik,"Gangapur Road, Nashik - MPCB","22-09-2026 22:00:00",20.0073285,73.7762427,NO2,5,5,5
India,Maharashtra,Nashik,"Pandav Nagari, Nashik - MPCB","22-09-2026 22:00:00",19.9591346,73.7788008,PM10,41,74,58
India,Maharashtra,Nashik,"Hirawadi, Nashik - MPCB","22-09-2026 22:00:00",20.021503,73.813844,PM10,31,68,50
India,Maharashtra,Nashik,"Hirawadi, Nashik - MPCB","22-09-2026 22:00:00",20.021503,73.813844,NO2,0,7,2
India,Maharashtra,Nashik,"Hirawadi, Nashik - MPCB","22-09-2026 22:00:00",20.021503,73.813844,NH3,2,4,2
India,Maharashtra,Nashik,"Hirawadi, Nashik - MPCB","22-09-2026 22:00:00",20.021503,73.813844,SO2,0,5,3
India,Maharashtra,Nashik,"Hirawadi, Nashik - MPCB","22-09-2026 22:00:00",20.021503,73.813844,OZONE,19,42,26
India,Maharashtra,Nashik,"MIDC Ambad, Nashik - MPCB","22-09-2026 22:00:00",19.95022,73.73148,SO2,0,25,3
India,Maharashtra,Mumbai,"Kherwadi_Bandra East, Mumbai - MPCB","22-09-2026 22:00:00",19.0632143,72.8456324,CO,11,23,17
India,Maharashtra,Mumbai,"Kherwadi_Bandra East, Mumbai - MPCB","22-09-2026 22:00:00",19.0632143,72.8456324,OZONE,5,24,12
India,Maharashtra,Mumbai,"Borivali East, Mumbai - IITM","22-09-2026 22:00:00",19.23241,72.86895,SO2,NA,NA,NA
India,Maharashtra,Mumbai,"Borivali East, Mumbai - IITM","22-09-2026 22:00:00",19.23241,72.86895,CO,17,47,34
India,Maharashtra,Mumbai,"Borivali East, Mumbai - IITM","22-09-2026 22:00:00",19.23241,72.86895,OZONE,15,51,38
India,Maharashtra,Mumbai,"Siddharth Nagar-Worli, Mumbai - IITM","22-09-2026 22:00:00",19.000083,72.813993,NO2,17,111,43
India,Maharashtra,Mumbai,"Siddharth Nagar-Worli, Mumbai - IITM","22-09-2026 22:00:00",19.000083,72.813993,CO,14,30,21
India,Maharashtra,Mumbai,"Powai, Mumbai - MPCB","22-09-2026 22:00:00",19.1375,72.915056,PM2.5,NA,NA,NA
India,Maharashtra,"Navi Mumbai","Nerul, Navi Mumbai - MPCB","22-09-2026 22:00:00",19.008751,73.01662,PM10,NA,NA,NA
India,Maharashtra,"Navi Mumbai","Nerul, Navi Mumbai - MPCB","22-09-2026 22:00:00",19.008751,73.01662,NH3,0,0,0
India,Maharashtra,"Navi Mumbai","Tondare-Taloja, Navi Mumbai - MPCB","22-09-2026 22:00:00",19.063,73.1209,PM10,24,57,43
India,Maharashtra,"Navi Mumbai","Tondare-Taloja, Navi Mumbai - MPCB","22-09-2026 22:00:00",19.063,73.1209,NH3,2,5,3
India,Maharashtra,"Navi Mumbai","Sanpada, Navi Mumbai - MPCB","22-09-2026 22:00:00",19.0575752,73.0151367,PM10,NA,NA,NA
India,Maharashtra,"Navi Mumbai","Mahape, Navi Mumbai - MPCB","22-09-2026 22:00:00",19.1135051,73.008978,PM2.5,9,55,29
India,Maharashtra,Parbhani,"Masoom Colony, Parbhani - MPCB","22-09-2026 22:00:00",19.265594,76.761463,PM2.5,58,85,69
India,Maharashtra,Mumbai,"Chembur, Mumbai - MPCB","22-09-2026 22:00:00",19.0364585,72.8954371,NH3,5,8,6
India,Maharashtra,Mumbai,"Borivali East, Mumbai - MPCB","22-09-2026 22:00:00",19.2243333,72.8658113,PM10,37,97,58
India,Maharashtra,Mumbai,"Borivali East, Mumbai - MPCB","22-09-2026 22:00:00",19.2243333,72.8658113,NH3,2,2,2
India,Maharashtra,Mumbai,"Deonar, Mumbai - IITM","22-09-2026 22:00:00",19.04946,72.923,PM2.5,19,99,49
India,Maharashtra,Mumbai,"Malad West, Mumbai - IITM","22-09-2026 22:00:00",19.19709,72.82204,PM10,25,106,50
India,Maharashtra,Mumbai,"Malad West, Mumbai - IITM","22-09-2026 22:00:00",19.19709,72.82204,NO2,7,38,22
India,Maharashtra,Nagpur,"Ram Nagar, Nagpur - MPCB","22-09-2026 22:00:00",21.143383,79.048912,CO,16,24,20
India,Maharashtra,Nagpur,"Ram Nagar, Nagpur - MPCB","22-09-2026 22:00:00",21.143383,79.048912,OZONE,2,32,19
India,Maharashtra,Nagpur,"Mahal, Nagpur - MPCB","22-09-2026 22:00:00",21.14472,79.107595,SO2,1,87,21
India,Maharashtra,Nagpur,"Ambazari, Nagpur - MPCB","22-09-2026 22:00:00",21.121801,79.04952,PM10,40,79,57
India,Maharashtra,Nanded,"Sneh Nagar, Nanded - MPCB","22-09-2026 22:00:00",19.173852,77.296291,NH3,2,5,3
India,Maharashtra,Mumbai,"Malad West, Mumbai - IITM","22-09-2026 22:00:00",19.19709,72.82204,OZONE,21,34,28
India,Maharashtra,Nagpur,"Ram Nagar, Nagpur - MPCB","22-09-2026 22:00:00",21.143383,79.048912,PM2.5,12,81,41
India,Maharashtra,Mumbai,"Powai, Mumbai - MPCB","22-09-2026 22:00:00",19.1375,72.915056,PM10,NA,NA,NA
India,Maharashtra,Mumbai,"Powai, Mumbai - MPCB","22-09-2026 22:00:00",19.1375,72.915056,CO,NA,NA,NA
India,Maharashtra,Mumbai,"Mindspace-Malad West, Mumbai - MPCB","22-09-2026 22:00:00",19.1878657,72.8304069,OZONE,18,18,18
India,Maharashtra,Pimpri-Chinchwad,"Transport Nagar-Nigdi, Pune - IITM","22-09-2026 22:00:00",18.664282,73.763966,SO2,NA,NA,NA
India,Maharashtra,Pimpri-Chinchwad,"Transport Nagar-Nigdi, Pune - IITM","22-09-2026 22:00:00",18.664282,73.763966,OZONE,15,28,23
India,Maharashtra,Pune,"Panchawati_Pashan, Pune - IITM","22-09-2026 22:00:00",18.536457,73.805454,PM2.5,30,75,48
India,Maharashtra,Pune,"Panchawati_Pashan, Pune - IITM","22-09-2026 22:00:00",18.536457,73.805454,NH3,NA,NA,NA
India,Maharashtra,Pune,"Panchawati_Pashan, Pune - IITM","22-09-2026 22:00:00",18.536457,73.805454,SO2,NA,NA,NA
India,Maharashtra,Pune,"Savitribai Phule Pune University, Pune - MPCB","22-09-2026 22:00:00",18.547056,73.826908,NO2,11,19,15
India,Maharashtra,Pune,"Savitribai Phule Pune University, Pune - MPCB","22-09-2026 22:00:00",18.547056,73.826908,NH3,2,2,2
India,Maharashtra,Pune,"Hadapsar, Pune - IITM","22-09-2026 22:00:00",18.501793,73.927532,NO2,11,52,28
India,Maharashtra,Pune,"Revenue Colony-Shivajinagar, Pune - IITM","22-09-2026 22:00:00",18.530085,73.849598,PM10,44,115,73
India,Maharashtra,Pune,"Mhada Colony, Pune - IITM","22-09-2026 22:00:00",18.57304,73.927715,NH3,NA,NA,NA
India,Maharashtra,Pune,"Mhada Colony, Pune - IITM","22-09-2026 22:00:00",18.57304,73.927715,SO2,NA,NA,NA
India,Maharashtra,Sangli,"Vijay Nagar, Sangli - MPCB","22-09-2026 22:00:00",16.5038,74.3623,CO,18,30,24
India,Maharashtra,Satara,"Koyana Nagar, Satara - MPCB","22-09-2026 22:00:00",17.696651,74.003387,SO2,3,7,5
India,Maharashtra,Pimpri-Chinchwad,"Bhosari, Pune - IITM","22-09-2026 22:00:00",18.640051,73.848956,PM10,44,90,62
India,Maharashtra,Pimpri-Chinchwad,"Bhosari, Pune - IITM","22-09-2026 22:00:00",18.640051,73.848956,NO2,31,65,44
India,Maharashtra,Pimpri-Chinchwad,"Bhosari, Pune - IITM","22-09-2026 22:00:00",18.640051,73.848956,SO2,NA,NA,NA
India,Maharashtra,Pimpri-Chinchwad,"Bhosari, Pune - IITM","22-09-2026 22:00:00",18.640051,73.848956,CO,23,42,35
India,Maharashtra,Pimpri-Chinchwad,"Bhumkar Nagar, Pune - IITM","22-09-2026 22:00:00",18.60577,73.749976,PM10,27,76,49
India,Maharashtra,Pimpri-Chinchwad,"Bhumkar Nagar, Pune - IITM","22-09-2026 22:00:00",18.60577,73.749976,NO2,16,27,19
India,Maharashtra,Pimpri-Chinchwad,"Bhumkar Nagar, Pune - IITM","22-09-2026 22:00:00",18.60577,73.749976,NH3,NA,NA,NA
India,Maharashtra,Pimpri-Chinchwad,"Bhumkar Nagar, Pune - IITM","22-09-2026 22:00:00",18.60577,73.749976,SO2,NA,NA,NA
India,Maharashtra,Pimpri-Chinchwad,"Park Street Wakad, Pimpri Chinchwad - MPCB","22-09-2026 22:00:00",18.59051,73.77946,PM2.5,15,73,32
India,Maharashtra,Pimpri-Chinchwad,"Park Street Wakad, Pimpri Chinchwad - MPCB","22-09-2026 22:00:00",18.59051,73.77946,SO2,0,3,1
India,Maharashtra,Pimpri-Chinchwad,"Thergaon, Pimpri Chinchwad - MPCB","22-09-2026 22:00:00",18.616318,73.765797,NH3,6,7,6
India,Maharashtra,Solapur,"Dnyaneshwar Nagar, Solapur - MPCB","22-09-2026 22:00:00",17.6336264,75.9132495,PM10,16,45,30
India,Maharashtra,Solapur,"Dnyaneshwar Nagar, Solapur - MPCB","22-09-2026 22:00:00",17.6336264,75.9132495,OZONE,14,29,22
India,Maharashtra,Thane,"Kasarvadavali, Thane - MPCB","22-09-2026 22:00:00",19.26777,72.97182,NH3,0,1,0
India,Maharashtra,Thane,"Kasarvadavali, Thane - MPCB","22-09-2026 22:00:00",19.26777,72.97182,CO,46,60,52
India,Maharashtra,Thane,"Upvan Fort, Thane - MPCB","22-09-2026 22:00:00",19.222279,72.957979,PM2.5,15,89,38
India,Maharashtra,Thane,"Upvan Fort, Thane - MPCB","22-09-2026 22:00:00",19.222279,72.957979,CO,2,30,13
India,Maharashtra,Ulhasnagar,"Vithalwadi, Ulhasnagar - MPCB","22-09-2026 22:00:00",19.2307571,73.155192,PM10,18,66,38
India,Maharashtra,Ulhasnagar,"Vithalwadi, Ulhasnagar - MPCB","22-09-2026 22:00:00",19.2307571,73.155192,NH3,4,5,4
India,Maharashtra,Ulhasnagar,"Vithalwadi, Ulhasnagar - MPCB","22-09-2026 22:00:00",19.2307571,73.155192,OZONE,6,27,14
India,Maharashtra,Virar,"Bolinj, Virar - MPCB","22-09-2026 22:00:00",19.445821,72.7988231,PM10,19,94,55
India,Maharashtra,Virar,"Bolinj, Virar - MPCB","22-09-2026 22:00:00",19.445821,72.7988231,CO,8,17,11
India,Odisha,Angul,"Hakimapada, Angul - OSPCB","22-09-2026 22:00:00",20.832874,85.104082,OZONE,11,25,18
India,Odisha,Balasore,"Kalidaspur, Balasore - OSPCB","22-09-2026 22:00:00",21.51161,86.89088,PM10,8,40,16
India,Meghalaya,Byrnihat,"15th Mile-Nongthymmai, Byrnihat -Meghalaya PCB","22-09-2026 22:00:00",26.079047,91.875185,PM2.5,23,313,158
India,Meghalaya,Byrnihat,"15th Mile-Nongthymmai, Byrnihat -Meghalaya PCB","22-09-2026 22:00:00",26.079047,91.875185,NO2,1,2,2
India,Maharashtra,Pimpri-Chinchwad,"Savta Mali Nagar, Pimpri-Chinchwad - IITM","22-09-2026 22:00:00",18.614767,73.799516,OZONE,5,41,28
India,Maharashtra,Solapur,"Ratandeep Housing Society, Solapur - MPCB","22-09-2026 22:00:00",17.65439,75.90649,PM2.5,27,83,53
India,Odisha,Balasore,"Kalidaspur, Balasore - OSPCB","22-09-2026 22:00:00",21.51161,86.89088,CO,38,44,41
India,Odisha,Cuttack,"CDA Area, Cuttack - OSPCB","22-09-2026 22:00:00",20.48891,85.84768,SO2,6,101,26
India,Odisha,Keonjhar,"Jagamohanpur, Keonjhar - OSPCB","22-09-2026 22:00:00",21.6439,85.599355,CO,44,46,46
India,Odisha,Keonjhar,"Jagamohanpur, Keonjhar - OSPCB","22-09-2026 22:00:00",21.6439,85.599355,OZONE,8,11,9
India,Odisha,Nayagarh,"Dabuna, Nayagarh - OSPCB","22-09-2026 22:00:00",21.847279,85.416905,SO2,18,19,18
India,Odisha,Paradeep,"Nua Sandhakuda, Paradeep - OSPCB","22-09-2026 22:00:00",20.258828,86.665185,NH3,5,9,7
India,Odisha,Rairangpur,"Divisional Forest Office, Rairangpur - OSPCB","22-09-2026 22:00:00",22.265816,86.174829,PM10,22,42,30
India,Odisha,Rairangpur,"Divisional Forest Office, Rairangpur - OSPCB","22-09-2026 22:00:00",22.265816,86.174829,NH3,3,3,3
India,Odisha,Rourkela,"Raghunathpali, Rourkela - OSPCB","22-09-2026 22:00:00",22.220833,84.809444,NO2,11,25,18
India,Odisha,Rourkela,"Raghunathpali, Rourkela - OSPCB","22-09-2026 22:00:00",22.220833,84.809444,NH3,5,10,8
India,Odisha,Rourkela,"Raghunathpali, Rourkela - OSPCB","22-09-2026 22:00:00",22.220833,84.809444,CO,19,39,33
India,Odisha,Rourkela,"Sector-2, Rourkela - OSPCB","22-09-2026 22:00:00",22.245,84.88111111,NH3,NA,NA,NA
India,Odisha,Talcher,"Talcher Coalfields,Talcher - OSPCB","22-09-2026 22:00:00",20.9360711,85.1707021,SO2,12,101,60
India,Odisha,Tensa,"Barsua Iron Ore Mines, Tensa - OSPCB","22-09-2026 22:00:00",21.869985,85.167016,NH3,NA,NA,NA
India,Odisha,Tensa,"Barsua Iron Ore Mines, Tensa - OSPCB","22-09-2026 22:00:00",21.869985,85.167016,CO,22,24,23
India,Punjab,Bathinda,"Hardev Nagar, Bathinda - PPCB","22-09-2026 22:00:00",30.233011,74.907758,CO,20,25,22
India,Punjab,Jalandhar,"Civil Line, Jalandhar - PPCB","22-09-2026 22:00:00",31.321907,75.578914,NH3,4,5,5
India,Punjab,Jalandhar,"Civil Line, Jalandhar - PPCB","22-09-2026 22:00:00",31.321907,75.578914,CO,42,67,56
India,Punjab,Khanna,"Kalal Majra, Khanna - PPCB","22-09-2026 22:00:00",30.736056,76.209694,PM2.5,29,50,39
India,Punjab,"Mandi Gobindgarh","RIMT University, Mandi Gobindgarh - PPCB","22-09-2026 22:00:00",30.649961,76.331442,CO,26,51,39
India,Punjab,Patiala,"Model Town, Patiala - PPCB","22-09-2026 22:00:00",30.349388,76.366642,NO2,8,23,15
India,Punjab,Rupnagar,"Ratanpura, Rupnagar - Ambuja Cements","22-09-2026 22:00:00",31.0325454,76.5623046,PM2.5,7,91,34
India,Punjab,Rupnagar,"Ratanpura, Rupnagar - Ambuja Cements","22-09-2026 22:00:00",31.0325454,76.5623046,PM10,8,100,37
India,Punjab,Rupnagar,"Ratanpura, Rupnagar - Ambuja Cements","22-09-2026 22:00:00",31.0325454,76.5623046,SO2,9,15,12
India,Rajasthan,Ajmer,"Civil Lines,  Ajmer - RSPCB","22-09-2026 22:00:00",26.470859,74.646594,CO,23,63,41
India,Rajasthan,Alwar,"Moti Doongri, Alwar - RSPCB","22-09-2026 22:00:00",27.554793,76.611536,NO2,37,68,48
India,Rajasthan,Banswara,"Rati Talai, Banswara - RSPCB","22-09-2026 22:00:00",23.55519,74.44001,SO2,8,16,10
India,Rajasthan,Baran,"Bamboliya, Baran - RSPCB","22-09-2026 22:00:00",25.106006,76.469948,PM2.5,13,38,24
India,Rajasthan,Baran,"Bamboliya, Baran - RSPCB","22-09-2026 22:00:00",25.106006,76.469948,NO2,14,18,16
India,Rajasthan,Baran,"Bamboliya, Baran - RSPCB","22-09-2026 22:00:00",25.106006,76.469948,OZONE,10,103,46
India,Rajasthan,Barmer,"Railway Colony, Barmer - RSPCB","22-09-2026 22:00:00",25.747299,71.393989,PM10,47,129,79
India,Rajasthan,Barmer,"Railway Colony, Barmer - RSPCB","22-09-2026 22:00:00",25.747299,71.393989,CO,53,79,70
India,Rajasthan,Barmer,"Railway Colony, Barmer - RSPCB","22-09-2026 22:00:00",25.747299,71.393989,OZONE,3,112,52
India,Rajasthan,Bhilwara,"Pratap Nagar, Bhilwara - RSPCB","22-09-2026 22:00:00",25.339605,74.618883,OZONE,19,71,51
India,Odisha,Barbil,"Forest Office, Barbil - OSPCB","22-09-2026 22:00:00",22.1166054,85.3945546,NH3,1,2,2
India,Odisha,Baripada,"Meher Colony, Baripada - OSPCB","22-09-2026 22:00:00",21.941841,86.728318,PM10,NA,NA,NA
India,Odisha,Bhubaneswar,"Lingraj Mandir, Bhubaneswar - OSPCB","22-09-2026 22:00:00",20.24079,85.836784,OZONE,12,19,16
India,Odisha,Bhubaneswar,"Patia, Bhubaneswar - OSPCB","22-09-2026 22:00:00",20.34652,85.8163,PM10,6,37,22
India,Odisha,Bhubaneswar,"Patia, Bhubaneswar - OSPCB","22-09-2026 22:00:00",20.34652,85.8163,NH3,3,9,5
India,Odisha,Bileipada,"Tata Township, Bileipada - OSPCB","22-09-2026 22:00:00",22.06156703,85.47409613,SO2,NA,NA,NA
India,Odisha,Brajrajnagar,"GM Office, Brajrajnagar - OSPCB","22-09-2026 22:00:00",21.8004996,83.8396977,CO,54,55,55
India,Odisha,Byasanagar,"Ferro Chrome Colony, Byasanagar - OSPCB","22-09-2026 22:00:00",20.94185,86.1151,PM2.5,8,47,18
India,Odisha,Byasanagar,"Ferro Chrome Colony, Byasanagar - OSPCB","22-09-2026 22:00:00",20.94185,86.1151,CO,37,40,39
India,Puducherry,Puducherry,"Jawahar Nagar, Puducherry - PPCC","22-09-2026 22:00:00",11.9309,79.8027,CO,44,91,62
India,Puducherry,Puducherry,"Jawahar Nagar, Puducherry - PPCC","22-09-2026 22:00:00",11.9309,79.8027,OZONE,8,32,24
India,Punjab,Amritsar,"Golden Temple, Amritsar - PPCB","22-09-2026 22:00:00",31.62,74.876512,SO2,10,13,12
India,Rajasthan,Dungarpur,"Bhoiwada, Dungarpur - RSPCB","22-09-2026 22:00:00",23.837789,73.714926,NO2,11,18,14
India,Rajasthan,Hanumangarh,"Housing Board, Hanumangarh - RSPCB","22-09-2026 22:00:00",29.61075,74.283608,SO2,0,7,4
India,Rajasthan,Hanumangarh,"Housing Board, Hanumangarh - RSPCB","22-09-2026 22:00:00",29.61075,74.283608,OZONE,25,66,47
India,Rajasthan,Bundi,"New Colony, Bundi - RSPCB","22-09-2026 22:00:00",25.435774,75.644272,SO2,1,10,5
India,Rajasthan,Chittorgarh,"Shastri Nagar, Chittorgarh - RSPCB","22-09-2026 22:00:00",24.892047,74.623527,SO2,5,53,15
India,Rajasthan,Bundi,"New Colony, Bundi - RSPCB","22-09-2026 22:00:00",25.435774,75.644272,NH3,NA,NA,NA
India,Rajasthan,Jodhpur,"Mandor, Jodhpur - RSPCB","22-09-2026 22:00:00",26.358805,73.047444,NO2,2,88,33
India,Rajasthan,Jodhpur,"Mandor, Jodhpur - RSPCB","22-09-2026 22:00:00",26.358805,73.047444,SO2,3,7,4
India,Rajasthan,Jodhpur,"Digari Kalan, Jodhpur - RSPCB","22-09-2026 22:00:00",26.29581,73.082283,PM10,65,185,115
India,Rajasthan,Jodhpur,"Digari Kalan, Jodhpur - RSPCB","22-09-2026 22:00:00",26.29581,73.082283,NH3,15,27,23
India,Rajasthan,Karauli,"Satyawati Vihar, Karauli - RSPCB","22-09-2026 22:00:00",26.506177,77.025989,NH3,9,18,12
India,Rajasthan,Kota,"Dhanmandi, Kota - RSPCB","22-09-2026 22:00:00",25.16409,75.858137,NO2,18,82,34
India,Rajasthan,Nagaur,"Karni Colony, Nagaur - RSPCB","22-09-2026 22:00:00",27.213494,73.734444,PM10,71,292,145
India,Rajasthan,Nagaur,"Karni Colony, Nagaur - RSPCB","22-09-2026 22:00:00",27.213494,73.734444,OZONE,41,80,59
India,Rajasthan,Pali,"Indira Colony Vistar, Pali - RSPCB","22-09-2026 22:00:00",25.771061,73.340227,PM10,66,347,149
India,Rajasthan,Pali,"Indira Colony Vistar, Pali - RSPCB","22-09-2026 22:00:00",25.771061,73.340227,SO2,7,17,13
India,Rajasthan,Pratapgarh,"Pragati Nagar, Pratapgarh - RSPCB","22-09-2026 22:00:00",24.041198,74.780702,SO2,2,4,3
India,Rajasthan,Jaipur,"RIICO Sitapura, Jaipur - RSPCB","22-09-2026 22:00:00",26.786682,75.827928,SO2,10,15,12
India,Rajasthan,Jaisalmer,"Sadar Bazar, Jaisalmer - RSPCB","22-09-2026 22:00:00",26.912329,70.909168,SO2,2,6,3
India,Rajasthan,Jaisalmer,"Sadar Bazar, Jaisalmer - RSPCB","22-09-2026 22:00:00",26.912329,70.909168,OZONE,38,90,71
India,Rajasthan,Jhalawar,"Rajlaxmi Nagar, Jhalawar - RSPCB","22-09-2026 22:00:00",24.588397,76.172782,NO2,20,55,33
India,Rajasthan,Jhalawar,"Rajlaxmi Nagar, Jhalawar - RSPCB","22-09-2026 22:00:00",24.588397,76.172782,CO,10,32,19
India,Rajasthan,Jhunjhunu,"Indra Nagar, Jhunjhunu - RSPCB","22-09-2026 22:00:00",28.108988,75.386577,PM10,70,178,102
India,Rajasthan,Jhunjhunu,"Indra Nagar, Jhunjhunu - RSPCB","22-09-2026 22:00:00",28.108988,75.386577,SO2,3,7,5
India,Rajasthan,Jhunjhunu,"Indra Nagar, Jhunjhunu - RSPCB","22-09-2026 22:00:00",28.108988,75.386577,OZONE,44,122,85
India,Rajasthan,Jodhpur,"Collectorate, Jodhpur - RSPCB","22-09-2026 22:00:00",26.268249,73.0193853,PM2.5,15,133,63
India,Rajasthan,Jodhpur,"Collectorate, Jodhpur - RSPCB","22-09-2026 22:00:00",26.268249,73.0193853,PM10,27,171,101
India,Rajasthan,Jodhpur,"Collectorate, Jodhpur - RSPCB","22-09-2026 22:00:00",26.268249,73.0193853,OZONE,14,21,17
India,Rajasthan,Jodhpur,"Jhalamand, Jodhpur - RSPCB","22-09-2026 22:00:00",26.215415,73.070156,PM10,49,339,114
India,Rajasthan,Jodhpur,"Jhalamand, Jodhpur - RSPCB","22-09-2026 22:00:00",26.215415,73.070156,OZONE,5,48,25
India,Rajasthan,Sirohi,"Vedhaynath Colony, Sirohi - RSPCB","22-09-2026 22:00:00",24.885261,72.857549,NO2,4,43,19
India,Rajasthan,"Sri Ganganagar","Old City, Sri Ganganagar - RSPCB","22-09-2026 22:00:00",29.931624,73.864511,NO2,29,73,49
India,Rajasthan,Jaipur,"Sector-2 Murlipura, Jaipur - RSPCB","22-09-2026 22:00:00",26.960669,75.771817,PM10,62,138,94
India,Rajasthan,Jaipur,"Sector-2 Murlipura, Jaipur - RSPCB","22-09-2026 22:00:00",26.960669,75.771817,OZONE,0,63,35
India,Rajasthan,Jaipur,"Shastri Nagar, Jaipur - RSPCB","22-09-2026 22:00:00",26.9502929,75.730943,PM10,80,132,101
India,Rajasthan,Jaipur,"Shastri Nagar, Jaipur - RSPCB","22-09-2026 22:00:00",26.9502929,75.730943,NO2,23,78,42
India,Rajasthan,Jaipur,"Mansarovar Sector-12, Jaipur - RSPCB","22-09-2026 22:00:00",26.843698,75.766894,PM2.5,38,113,67
India,Rajasthan,"Sawai Madhopur","Sahu Nagar, Sawai Madhopur - RSPCB","22-09-2026 22:00:00",26.031443,76.359327,NH3,2,9,4
India,Rajasthan,Jaipur,"Adarsh Nagar, Jaipur - RSPCB","22-09-2026 22:00:00",26.902909,75.836858,CO,23,57,41
India,Telangana,Hyderabad,"New Malakpet, Hyderabad - TSPCB","22-09-2026 22:00:00",17.37206,78.50864,CO,31,39,34
India,Telangana,Hyderabad,"Central University, Hyderabad - TSPCB","22-09-2026 22:00:00",17.460103,78.334361,CO,18,30,23
India,Telangana,Hyderabad,"IITH Kandi, Hyderabad - TSPCB","22-09-2026 22:00:00",17.585705,78.126199,SO2,7,16,12
India,Telangana,Hyderabad,"Nacharam_TSIIC IALA, Hyderabad - TSPCB","22-09-2026 22:00:00",17.429398,78.569354,NO2,13,16,14
India,Telangana,Hyderabad,"ICRISAT Patancheru, Hyderabad - TSPCB","22-09-2026 22:00:00",17.5184,78.278777,NO2,10,31,18
India,Telangana,Hyderabad,"ICRISAT Patancheru, Hyderabad - TSPCB","22-09-2026 22:00:00",17.5184,78.278777,OZONE,17,24,21
India,Telangana,Hyderabad,"Sanathnagar, Hyderabad - TSPCB","22-09-2026 22:00:00",17.4559458,78.4332152,NO2,29,36,32
India,Telangana,Hyderabad,"Sanathnagar, Hyderabad - TSPCB","22-09-2026 22:00:00",17.4559458,78.4332152,NH3,NA,NA,NA
India,Telangana,Hyderabad,"Sanathnagar, Hyderabad - TSPCB","22-09-2026 22:00:00",17.4559458,78.4332152,SO2,2,20,10
India,Telangana,Hyderabad,"Sanathnagar, Hyderabad - TSPCB","22-09-2026 22:00:00",17.4559458,78.4332152,OZONE,13,15,14
India,Telangana,Hyderabad,"Somajiguda, Hyderabad - TSPCB","22-09-2026 22:00:00",17.417094,78.457437,PM10,19,114,85
India,"Uttar Pradesh",Agra,"Sanjay Palace, Agra - UPPCB","22-09-2026 22:00:00",27.19865833,78.00598056,PM10,87,141,118
India,"Uttar Pradesh",Agra,"Sanjay Palace, Agra - UPPCB","22-09-2026 22:00:00",27.19865833,78.00598056,CO,28,28,28
India,"Uttar Pradesh",Agra,"Sector-3B Avas Vikas Colony, Agra - UPPCB","22-09-2026 22:00:00",27.19412,77.96237,PM10,10,136,111
India,"Uttar Pradesh",Agra,"Shastripuram, Agra - UPPCB","22-09-2026 22:00:00",27.19862,77.92066,NH3,3,3,3
India,"Uttar Pradesh",Agra,"Shastripuram, Agra - UPPCB","22-09-2026 22:00:00",27.19862,77.92066,OZONE,4,6,5
India,Rajasthan,"Sri Ganganagar","Old City, Sri Ganganagar - RSPCB","22-09-2026 22:00:00",29.931624,73.864511,NH3,4,68,15
India,Rajasthan,Udaipur,"Ashok Nagar, Udaipur - RSPCB","22-09-2026 22:00:00",24.5886166,73.6321397,PM2.5,53,195,101
India,Rajasthan,Udaipur,"Ashok Nagar, Udaipur - RSPCB","22-09-2026 22:00:00",24.5886166,73.6321397,NO2,3,24,15
India,"Tamil Nadu",Chennai,"Manali Village, Chennai - TNPCB","22-09-2026 22:00:00",13.1662,80.2584,OZONE,NA,NA,NA
India,Telangana,Hyderabad,"Kompally Municipal Office, Hyderabad - TSPCB","22-09-2026 22:00:00",17.544899,78.486949,SO2,3,10,5
India,Telangana,Hyderabad,"Kompally Municipal Office, Hyderabad - TSPCB","22-09-2026 22:00:00",17.544899,78.486949,CO,13,26,19
India,Telangana,Hyderabad,"Ramachandrapuram, Hyderabad - TSPCB","22-09-2026 22:00:00",17.528544,78.286195,PM10,49,69,57
India,Telangana,Hyderabad,"Ramachandrapuram, Hyderabad - TSPCB","22-09-2026 22:00:00",17.528544,78.286195,NO2,10,14,12
India,Telangana,Hyderabad,"Ramachandrapuram, Hyderabad - TSPCB","22-09-2026 22:00:00",17.528544,78.286195,NH3,2,3,3
India,Tripura,Agartala,"Bardowali, Agartala - Tripura SPCB","22-09-2026 22:00:00",23.8175497,91.2726974,OZONE,1,5,2
India,"Uttar Pradesh",Agra,"Manoharpur, Agra - UPPCB","22-09-2026 22:00:00",27.23711,78.01936,NO2,31,31,31
India,"Uttar Pradesh",Agra,"Manoharpur, Agra - UPPCB","22-09-2026 22:00:00",27.23711,78.01936,CO,20,20,20
India,Telangana,Hyderabad,"Zoo Park, Hyderabad - TSPCB","22-09-2026 22:00:00",17.349694,78.451437,PM10,39,74,60
India,Telangana,Hyderabad,"Zoo Park, Hyderabad - TSPCB","22-09-2026 22:00:00",17.349694,78.451437,NH3,2,2,2
India,Telangana,Hyderabad,"New Malakpet, Hyderabad - TSPCB","22-09-2026 22:00:00",17.37206,78.50864,PM10,58,71,65
India,"Tamil Nadu",Chennai,"Velachery Res. Area, Chennai - CPCB","22-09-2026 22:00:00",13.0052189,80.2398125,OZONE,10,12,11
India,"Tamil Nadu",Madurai,"Uchapatti, Madurai - TNPCB","22-09-2026 22:00:00",9.865935,78.022669,NH3,NA,NA,NA
India,Telangana,Hyderabad,"Ramachandrapuram, Hyderabad - TSPCB","22-09-2026 22:00:00",17.528544,78.286195,SO2,6,16,9
India,"Uttar Pradesh",Firozabad,"Vibhab Nagar, Firozabad - UPPCB","22-09-2026 22:00:00",27.1594,78.3953,NH3,6,7,7
India,"Uttar Pradesh",Firozabad,"Vibhab Nagar, Firozabad - UPPCB","22-09-2026 22:00:00",27.1594,78.3953,CO,40,43,42
India,"Uttar Pradesh",Gajraula,"Rajanpur, Gajraula - UPPCB","22-09-2026 22:00:00",28.829109,78.248796,PM10,130,172,150
India,"Uttar Pradesh",Ghaziabad,"Govindpuram, Ghaziabad - UPPCB","22-09-2026 22:00:00",28.694528,77.494705,PM2.5,72,189,133
India,"Uttar Pradesh",Ghaziabad,"Govindpuram, Ghaziabad - UPPCB","22-09-2026 22:00:00",28.694528,77.494705,PM10,69,126,104
India,"Uttar Pradesh",Ghaziabad,"Govindpuram, Ghaziabad - UPPCB","22-09-2026 22:00:00",28.694528,77.494705,NH3,NA,NA,NA
India,"Uttar Pradesh",Ghaziabad,"Govindpuram, Ghaziabad - UPPCB","22-09-2026 22:00:00",28.694528,77.494705,SO2,8,15,11
India,"Uttar Pradesh",Ghaziabad,"Ved Vihar-Loni, Ghaziabad - UPPCB","22-09-2026 22:00:00",28.739153,77.273668,PM2.5,112,204,162
India,"Uttar Pradesh",Ghaziabad,"Wave City, Ghaziabad - UPPCB","22-09-2026 22:00:00",28.646675,77.489049,PM10,NA,NA,NA
India,"Uttar Pradesh",Ghaziabad,"Wave City, Ghaziabad - UPPCB","22-09-2026 22:00:00",28.646675,77.489049,NH3,NA,NA,NA
India,"Uttar Pradesh",Ghaziabad,"Wave City, Ghaziabad - UPPCB","22-09-2026 22:00:00",28.646675,77.489049,CO,102,105,103
India,"Uttar Pradesh",Ghaziabad,"Wave City, Ghaziabad - UPPCB","22-09-2026 22:00:00",28.646675,77.489049,OZONE,21,68,52
India,"Uttar Pradesh",Ghaziabad,"Loni, Ghaziabad - UPPCB","22-09-2026 22:00:00",28.757294,77.278792,SO2,11,66,17
India,"Uttar Pradesh",Ghaziabad,"Vasundhara, Ghaziabad - UPPCB","22-09-2026 22:00:00",28.6603346,77.3572563,PM10,140,243,182
India,"Uttar Pradesh",Ghaziabad,"Vasundhara, Ghaziabad - UPPCB","22-09-2026 22:00:00",28.6603346,77.3572563,CO,40,75,56
India,"Uttar Pradesh",Gorakhpur,"Madan Mohan Malaviya University of Technology, Gorakhpur - UPPCB","22-09-2026 22:00:00",26.730136,83.433859,PM10,64,144,93
India,"Uttar Pradesh","Greater Noida","Knowledge Park - V, Greater Noida - UPPCB","22-09-2026 22:00:00",28.557054,77.453663,PM2.5,85,330,219
India,"Uttar Pradesh","Greater Noida","Knowledge Park - V, Greater Noida - UPPCB","22-09-2026 22:00:00",28.557054,77.453663,NH3,12,23,16
India,"Uttar Pradesh","Greater Noida","Knowledge Park - V, Greater Noida - UPPCB","22-09-2026 22:00:00",28.557054,77.453663,SO2,5,10,8
India,"Uttar Pradesh","Greater Noida","Knowledge Park - III, Greater Noida - UPPCB","22-09-2026 22:00:00",28.47272,77.482,NO2,25,91,58
India,"Uttar Pradesh","Greater Noida","Knowledge Park - III, Greater Noida - UPPCB","22-09-2026 22:00:00",28.47272,77.482,CO,49,82,57
India,"Uttar Pradesh",Hapur,"Anand Vihar, Hapur - UPPCB","22-09-2026 22:00:00",28.725645,77.749675,NH3,1,1,1
India,"Uttar Pradesh",Jhansi,"Shivaji Nagar, Jhansi - UPPCB","22-09-2026 22:00:00",25.4547,78.6039,SO2,18,33,25
India,"Uttar Pradesh",Kanpur,"FTI Kidwai Nagar, Kanpur - UPPCB","22-09-2026 22:00:00",26.428282,80.327067,PM2.5,10,192,48
India,"Uttar Pradesh",Kanpur,"Nehru Nagar, Kanpur - UPPCB","22-09-2026 22:00:00",26.4703136,80.3229863,NH3,NA,NA,NA
India,"Uttar Pradesh",Kanpur,"Nehru Nagar, Kanpur - UPPCB","22-09-2026 22:00:00",26.4703136,80.3229863,CO,48,56,51
India,"Uttar Pradesh",Kanpur,"Nehru Nagar, Kanpur - UPPCB","22-09-2026 22:00:00",26.4703136,80.3229863,OZONE,2,30,10
India,"Uttar Pradesh",Khurja,"Kalindi Kunj, Khurja - UPPCB","22-09-2026 22:00:00",28.2348927,77.8683002,NH3,1,1,1
India,"Uttar Pradesh",Lucknow,"B R Ambedkar University, Lucknow - UPPCB","22-09-2026 22:00:00",26.766433,80.927299,PM2.5,11,43,26
India,"Uttar Pradesh",Lucknow,"Lalbagh, Lucknow - CPCB","22-09-2026 22:00:00",26.8458805,80.9365541,CO,18,128,49
India,"Uttar Pradesh",Lucknow,"Gomti Nagar, Lucknow - UPPCB","22-09-2026 22:00:00",26.86812,81.005119,OZONE,43,46,44
India,"Uttar Pradesh",Lucknow,"Talkatora District Industries Center, Lucknow - CPCB","22-09-2026 22:00:00",26.83399722,80.8917361,NO2,18,28,22
India,"Uttar Pradesh",Lucknow,"Talkatora District Industries Center, Lucknow - CPCB","22-09-2026 22:00:00",26.83399722,80.8917361,NH3,6,28,17
India,"Uttar Pradesh",Mathura,"Pali Dungra, Mathura - UPPCB","22-09-2026 22:00:00",27.410954,77.550619,NH3,1,2,1
India,"Uttar Pradesh",Mathura,"Pali Dungra, Mathura - UPPCB","22-09-2026 22:00:00",27.410954,77.550619,CO,11,33,24
India,"Uttar Pradesh",Meerut,"Pallavpuram Phase 2, Meerut - UPPCB","22-09-2026 22:00:00",29.06351,77.709723,PM2.5,55,273,160
India,"Uttar Pradesh",Meerut,"Pallavpuram Phase 2, Meerut - UPPCB","22-09-2026 22:00:00",29.06351,77.709723,NH3,9,12,10
India,"Uttar Pradesh",Meerut,"Pallavpuram Phase 2, Meerut - UPPCB","22-09-2026 22:00:00",29.06351,77.709723,SO2,13,63,29
India,"Uttar Pradesh",Meerut,"MIET College, Meerut - UPPCB","22-09-2026 22:00:00",28.972677,77.641018,PM10,14,127,95
India,"Uttar Pradesh",Meerut,"Jai Bhim Nagar, Meerut - UPPCB","22-09-2026 22:00:00",28.9535882,77.7622941,NH3,NA,NA,NA
India,"Uttar Pradesh",Modinagar,"SRM University, Modinagar - UPPCB","22-09-2026 22:00:00",28.798171,77.540243,PM10,66,112,93
India,"Uttar Pradesh",Modinagar,"SRM University, Modinagar - UPPCB","22-09-2026 22:00:00",28.798171,77.540243,CO,24,42,33
India,"Uttar Pradesh",Modinagar,"SRM University, Modinagar - UPPCB","22-09-2026 22:00:00",28.798171,77.540243,OZONE,87,220,154
India,"Uttar Pradesh",Moradabad,"Eco Herbal Park, Moradabad - UPPCB","22-09-2026 22:00:00",28.840739,78.697531,NO2,9,36,22
India,"Uttar Pradesh",Moradabad,"Kashiram Nagar, Moradabad - UPPCB","22-09-2026 22:00:00",28.849399,78.742362,SO2,17,29,21
India,"Uttar Pradesh",Moradabad,"Transport Nagar, Moradabad - UPPCB","22-09-2026 22:00:00",28.802625,78.753728,PM10,114,233,145
India,"Uttar Pradesh",Baraut,"Nagar Palika Parishad, Baraut - UPPCB","22-09-2026 22:00:00",29.09956,77.26235,NO2,12,39,23
India,"Uttar Pradesh",Baraut,"Nagar Palika Parishad, Baraut - UPPCB","22-09-2026 22:00:00",29.09956,77.26235,NH3,NA,NA,NA
India,"Uttar Pradesh",Baraut,"Nagar Palika Parishad, Baraut - UPPCB","22-09-2026 22:00:00",29.09956,77.26235,CO,40,81,58
India,"Uttar Pradesh",Baraut,"Nagar Palika Parishad, Baraut - UPPCB","22-09-2026 22:00:00",29.09956,77.26235,OZONE,17,147,64
India,"Uttar Pradesh",Bareilly,"Rajendra Nagar, Bareilly - UPPCB","22-09-2026 22:00:00",28.38910936,79.42963708,NO2,9,10,9
India,"Uttar Pradesh",Bareilly,"Civil Lines, Bareilly - UPPCB","22-09-2026 22:00:00",28.359581,79.414455,OZONE,1,2,2
India,"Uttar Pradesh",Bulandshahr,"Yamunapuram, Bulandshahr - UPPCB","22-09-2026 22:00:00",28.406963,77.849831,PM2.5,60,143,74
India,"Uttar Pradesh",Moradabad,"Buddhi Vihar, Moradabad - UPPCB","22-09-2026 22:00:00",28.83526,78.7446,OZONE,47,51,49
India,"Uttar Pradesh",Moradabad,"Jigar Colony, Moradabad - UPPCB","22-09-2026 22:00:00",28.856664,78.772638,CO,40,40,40
India,"Uttar Pradesh",Muzaffarnagar,"New Mandi, Muzaffarnagar - UPPCB","22-09-2026 22:00:00",29.4723508,77.7194031,PM2.5,50,164,109
India,"Uttar Pradesh",Muzaffarnagar,"New Mandi, Muzaffarnagar - UPPCB","22-09-2026 22:00:00",29.4723508,77.7194031,SO2,1,23,9
India,"Uttar Pradesh",Muzaffarnagar,"New Mandi, Muzaffarnagar - UPPCB","22-09-2026 22:00:00",29.4723508,77.7194031,CO,41,62,52
India,"Uttar Pradesh",Muzaffarnagar,"New Mandi, Muzaffarnagar - UPPCB","22-09-2026 22:00:00",29.4723508,77.7194031,OZONE,32,60,49
India,"Uttar Pradesh",Agra,"Rohta, Agra - UPPCB","22-09-2026 22:00:00",27.106972,78.000111,PM2.5,49,92,74
India,"Uttar Pradesh",Agra,"Rohta, Agra - UPPCB","22-09-2026 22:00:00",27.106972,78.000111,OZONE,12,16,14
India,"Uttar Pradesh",Baghpat,"Sardar Patel Inter College, Baghpat - UPPCB","22-09-2026 22:00:00",28.964949,77.278761,NO2,18,57,36
India,"Uttar Pradesh",Khora,"Prashant Garden, Khora - UPPCB","22-09-2026 22:00:00",28.61119,77.34206,PM10,119,256,170
India,"Uttar Pradesh",Khora,"Prashant Garden, Khora - UPPCB","22-09-2026 22:00:00",28.61119,77.34206,NH3,7,12,9
India,"Uttar Pradesh",Khora,"Prashant Garden, Khora - UPPCB","22-09-2026 22:00:00",28.61119,77.34206,SO2,NA,NA,NA
India,"Uttar Pradesh",Bulandshahr,"Yamunapuram, Bulandshahr - UPPCB","22-09-2026 22:00:00",28.406963,77.849831,NO2,15,89,39
India,"Uttar Pradesh",Noida,"Sector-1, Noida - UPPCB","22-09-2026 22:00:00",28.5898,77.3101,NH3,13,15,14
India,"Uttar Pradesh",Noida,"Sector-116, Noida - UPPCB","22-09-2026 22:00:00",28.56923,77.393848,NO2,36,105,62
India,"Uttar Pradesh",Noida,"Sector-116, Noida - UPPCB","22-09-2026 22:00:00",28.56923,77.393848,NH3,12,15,13
India,"Uttar Pradesh",Prayagraj,"Nagar Nigam, Prayagraj - UPPCB","22-09-2026 22:00:00",25.44919916,81.82735986,OZONE,11,16,14
India,"Uttar Pradesh",Prayagraj,"Motilal Nehru NIT, Prayagraj - UPPCB","22-09-2026 22:00:00",25.494,81.863,OZONE,15,29,21
India,"Uttar Pradesh",Prayagraj,"Jhunsi, Prayagraj - UPPCB","22-09-2026 22:00:00",25.425602,81.917152,CO,14,26,19
India,"Uttar Pradesh",Prayagraj,"Jhunsi, Prayagraj - UPPCB","22-09-2026 22:00:00",25.425602,81.917152,OZONE,30,76,43
India,"Uttar Pradesh",Raebareli," Indira Nagar, Raebareli - NTPC Unchahar","22-09-2026 22:00:00",26.207781,81.245571,PM10,NA,NA,NA
India,"West Bengal",Durgapur,"PCBL Residential Complex, Durgapur - WBPCB","22-09-2026 22:00:00",23.508764,87.35444,PM10,12,129,93
India,"West Bengal",Durgapur,"Mahishkapur Road_B-Zone, Durgapur - WBPCB","22-09-2026 22:00:00",23.567923,87.306843,NO2,2,7,4
India,"West Bengal",Durgapur,"Mahishkapur Road_B-Zone, Durgapur - WBPCB","22-09-2026 22:00:00",23.567923,87.306843,NH3,0,1,1
India,"West Bengal",Durgapur,"Mahishkapur Road_B-Zone, Durgapur - WBPCB","22-09-2026 22:00:00",23.567923,87.306843,SO2,1,2,2
India,"West Bengal",Durgapur,"Mahishkapur Road_B-Zone, Durgapur - WBPCB","22-09-2026 22:00:00",23.567923,87.306843,OZONE,15,30,21
India,"West Bengal",Durgapur,"Womens College_City Center, Durgapur - WBPCB","22-09-2026 22:00:00",23.549395,87.300496,PM2.5,NA,NA,NA
India,"Uttar Pradesh",Varanasi,"Maldahiya, Varanasi - UPPCB","22-09-2026 22:00:00",25.32393,82.99687,SO2,30,33,31
India,"Uttar Pradesh",Varanasi,"Ardhali Bazar, Varanasi - UPPCB","22-09-2026 22:00:00",25.3505986,82.9083074,OZONE,10,19,13
India,"Uttar Pradesh",Varanasi,"Bhelupur, Varanasi - UPPCB","22-09-2026 22:00:00",25.301778,82.996789,PM10,53,460,119
India,"Uttar Pradesh",Varanasi,"Bhelupur, Varanasi - UPPCB","22-09-2026 22:00:00",25.301778,82.996789,NO2,8,8,8
India,"Uttar Pradesh",Varanasi,"IESD Banaras Hindu University, Varanasi - UPPCB","22-09-2026 22:00:00",25.262326,82.995408,NH3,0,0,0
India,Uttarakhand,Rishikesh,"Shivaji Nagar, Rishikesh - UKPCB","22-09-2026 22:00:00",30.075911,78.2859547,OZONE,34,34,34
India,"West Bengal",Asansol,"Asansol Court Area, Asansol - WBPCB","22-09-2026 22:00:00",23.685297,86.945968,PM10,28,44,37
India,"West Bengal",Asansol,"Asansol Court Area, Asansol - WBPCB","22-09-2026 22:00:00",23.685297,86.945968,NO2,24,37,29
India,"West Bengal",Asansol,"Mahabir Colliery, Asansol - WBPCB","22-09-2026 22:00:00",23.618183,87.105718,PM2.5,12,69,32
India,"Uttar Pradesh",Vrindavan," Chhatikara, Vrindavan - UPPCB","22-09-2026 22:00:00",27.57194,77.62346,CO,149,153,151
India,Uttarakhand,Dehradun,"Doon University, Dehradun - UKPCB","22-09-2026 22:00:00",30.269444,78.044167,NO2,1,7,3
India,Uttarakhand,Dehradun,"Doon University, Dehradun - UKPCB","22-09-2026 22:00:00",30.269444,78.044167,SO2,0,1,1
India,"Uttar Pradesh",Vrindavan,"Omex Eternity, Vrindavan - UPPCB","22-09-2026 22:00:00",27.571409,77.655757,SO2,10,24,12
India,"Uttar Pradesh",Vrindavan,"Omex Eternity, Vrindavan - UPPCB","22-09-2026 22:00:00",27.571409,77.655757,CO,7,18,11
India,"Uttar Pradesh",Vrindavan,"Omex Eternity, Vrindavan - UPPCB","22-09-2026 22:00:00",27.571409,77.655757,OZONE,16,16,16
India,"Uttar Pradesh",Varanasi,"IESD Banaras Hindu University, Varanasi - UPPCB","22-09-2026 22:00:00",25.262326,82.995408,OZONE,3,6,4
India,"Uttar Pradesh",Raebareli,"Anand Nagar, Raebareli - UPPCB","22-09-2026 22:00:00",26.219512,81.237648,PM10,48,91,74
India,"Uttar Pradesh",Noida,"Sector - 62, Noida - IITM","22-09-2026 22:00:00",28.6245479,77.3577104,SO2,NA,NA,NA
India,"West Bengal",Howrah,"Ghusuri, Howrah - WBPCB","22-09-2026 22:00:00",22.611968,88.347422,PM10,22,41,31
India,"West Bengal",Howrah,"Ghusuri, Howrah - WBPCB","22-09-2026 22:00:00",22.611968,88.347422,OZONE,19,21,20
India,"West Bengal",Howrah,"Dasnagar, Howrah - WBPCB","22-09-2026 22:00:00",22.6025571,88.3105664,NH3,1,6,2
India,"West Bengal",Howrah,"Botanical Garden, Howrah - WBPCB","22-09-2026 22:00:00",22.554954,88.292568,PM10,34,116,50
India,"West Bengal",Howrah,"Botanical Garden, Howrah - WBPCB","22-09-2026 22:00:00",22.554954,88.292568,NO2,8,18,13
India,"West Bengal",Kolkata,"Fort William, Kolkata - WBPCB","22-09-2026 22:00:00",22.55664,88.342674,CO,19,30,24
India,"West Bengal",Kolkata,"Jadavpur, Kolkata - WBPCB","22-09-2026 22:00:00",22.49929,88.36917,CO,25,31,27
India,"West Bengal",Kolkata,"Ballygunge, Kolkata - WBPCB","22-09-2026 22:00:00",22.5367507,88.3638022,NH3,7,8,7
India,"West Bengal",Kolkata,"Victoria, Kolkata - WBPCB","22-09-2026 22:00:00",22.5448082,88.3403691,NO2,12,23,17
India,"West Bengal",Kolkata,"Victoria, Kolkata - WBPCB","22-09-2026 22:00:00",22.5448082,88.3403691,NH3,3,5,4
India,"West Bengal",Siliguri,"Ward-32 Bapupara, Siliguri - WBPCB","22-09-2026 22:00:00",26.6879226,88.4152495,NH3,8,8,8
India,"West Bengal",Siliguri,"Ward-32 Bapupara, Siliguri - WBPCB","22-09-2026 22:00:00",26.6879226,88.4152495,CO,19,43,29
India,"West Bengal",Siliguri,"Ward-32 Bapupara, Siliguri - WBPCB","22-09-2026 22:00:00",26.6879226,88.4152495,OZONE,14,18,16
